金价大跳水，金店实物投资现分化！ 专家称可坚定买入黄金,https://news.qq.com/rain/a/20250302A03JMG00,222,https://news.qq.com/rain/a/20250302A03JMG00
印度经济增速放缓，奢侈品牌市场复苏，全球经济迎来新挑战,https://news.qq.com/rain/a/20250302V03NBS00,222,https://news.qq.com/rain/a/20250302V03NBS00
特朗普就职日即最高点！比特币已暴跌28%，币圈动荡加剧,https://news.qq.com/rain/a/20250301A071HD00,222,https://news.qq.com/rain/a/20250301A071HD00
A股又爆财务造假大案！前东北首富掌控的东方集团暴雷！连续4年财务造假，6.29亿元资金也无法如期归还，中介机构大华会计师事务所、国投证券被推上风口浪尖,https://news.qq.com/rain/a/20250302A066NV00,222,https://news.qq.com/rain/a/20250302A066NV00
10亿人集体转行！这场产业地震你躲得过吗？,https://news.qq.com/rain/a/20250228A01ANE00,222,https://news.qq.com/rain/a/20250228A01ANE00
23 岁年入上亿，他凭什么？ ——对谈 97 年亿万富翁、赚钱狂魔徐皓天,https://news.qq.com/rain/a/20250301V06DCH00,222,https://news.qq.com/rain/a/20250301V06DCH00
黄金是倒车接人还是高位见顶？,https://news.qq.com/rain/a/20250302A05VY200,222,https://news.qq.com/rain/a/20250302A05VY200
暴雷！16亿存款引出财务造假案，“东方系”内外交困,https://news.qq.com/rain/a/20250302A02W5300,222,https://news.qq.com/rain/a/20250302A02W5300
固态电池量产渐近，估值低位迎布局窗口,https://news.qq.com/rain/a/20250228A04W8C00,222,https://news.qq.com/rain/a/20250228A04W8C00
穷鬼套餐大流行，一线年轻人吃的越来越便宜,https://news.qq.com/rain/a/20250227V088FR00,222,https://news.qq.com/rain/a/20250227V088FR00
宇树供应商彻底火了，一山西煤老板下注3000万元,https://news.qq.com/rain/a/20250301A05KUE00,222,https://news.qq.com/rain/a/20250301A05KUE00
超1200亿港元债务压顶！新任女总裁黄少媚7招减债，新世界发展能否“破局”？,https://news.qq.com/rain/a/20250302A04OU500,222,https://news.qq.com/rain/a/20250302A04OU500
固态电池催化不断！细分赛道将孕育大牛股！,https://news.qq.com/rain/a/20250302A05O5U00,222,https://news.qq.com/rain/a/20250302A05O5U00
长江证券董事长辞职，党委书记刘正斌代行职务，传递哪些信号？,https://news.qq.com/rain/a/20250302A05YZD00,222,https://news.qq.com/rain/a/20250302A05YZD00
美国已“虹吸”他国超600吨黄金，各国黄金储备排名，中国第几？,https://news.qq.com/rain/a/20250301V03RT700,222,https://news.qq.com/rain/a/20250301V03RT700
夜读｜暴利不再，和田玉换房时代落幕,https://news.qq.com/rain/a/20250302A02XRB00,222,https://news.qq.com/rain/a/20250302A02XRB00
温氏股份千亿营收抬不动股价，温鹏程家族忙着腾挪资产？,https://news.qq.com/rain/a/20250302A02RBT00,222,https://news.qq.com/rain/a/20250302A02RBT00
蜜雪冰城成长密码：河南草根兄弟如何用3000元撬开百亿茶饮帝国大门？,https://news.qq.com/rain/a/20250227A08OZY00,222,https://news.qq.com/rain/a/20250227A08OZY00
美国关税的前车之鉴：“大聪明”如何加剧“大萧条”,https://news.qq.com/rain/a/20250302V05BCB00,222,https://news.qq.com/rain/a/20250302V05BCB00
婚姻法新规一出，房本加名很可能没用了,https://news.qq.com/rain/a/20250228A05IKR00,222,https://news.qq.com/rain/a/20250228A05IKR00
传统商超步履维艰，山姆一枝独秀的真相,https://news.qq.com/rain/a/20250301A07WFG00,222,https://news.qq.com/rain/a/20250301A07WFG00
“狂飙”后的洗牌！近4万家药店关门，还有20%将被淘汰？,https://news.qq.com/rain/a/20250228A03OVH00,222,https://news.qq.com/rain/a/20250228A03OVH00
巴奴距离上市还有多远？,https://news.qq.com/rain/a/20250228V08O7K00,222,https://news.qq.com/rain/a/20250228V08O7K00
第一“黄金刺客”，赚了中产30亿,https://news.qq.com/rain/a/20250302A03IV100,222,https://news.qq.com/rain/a/20250302A03IV100
市场开始意识到：让美国衰退，这是特朗普必须要做的,https://news.qq.com/rain/a/20250301A04DQ300,222,https://news.qq.com/rain/a/20250301A04DQ300
东方集团涉嫌重大财务造假，1992-2024东方集团营收与净利润回顾,https://news.qq.com/rain/a/20250301V03CSW00,222,https://news.qq.com/rain/a/20250301V03CSW00
9个月狂赚1个亿，福建老板要被《哪吒2》“送上市”,https://news.qq.com/rain/a/20250302A02ZCM00,222,https://news.qq.com/rain/a/20250302A02ZCM00
把饮料压成“糖”！奥地利品牌靠“喝水黑科技”8年卖爆40国,https://news.qq.com/rain/a/20250302A01X4900,222,https://news.qq.com/rain/a/20250302A01X4900
美国经济学家：“欧盟陷入给美国霸权当‘啦啦队长’的困境”,https://news.qq.com/rain/a/20250302A056TM00,222,https://news.qq.com/rain/a/20250302A056TM00
这个200万人口的欧洲小国，却被称为天选旅游胜地,https://news.qq.com/rain/a/20250302V00R8L00,222,https://news.qq.com/rain/a/20250302V00R8L00
春日“A计划”启动，想“既要又要”为何选A500？,https://news.qq.com/rain/a/20250228A05A2400,222,https://news.qq.com/rain/a/20250228A05A2400
这一小县城，30万人靠“石头”年入460亿！,https://news.qq.com/rain/a/20250228A07VB500,222,https://news.qq.com/rain/a/20250228A07VB500
中兴通讯去年业绩承压：营收净利双降，运营商市场遇冷,https://news.qq.com/rain/a/20250301A07R4S00,222,https://news.qq.com/rain/a/20250301A07R4S00
新华视评·经济看信心｜创新引领 活力赋能,https://news.qq.com/rain/a/20250301V02UC400,222,https://news.qq.com/rain/a/20250301V02UC400
“南孚电池”出手，拯救150亿重庆独角兽,https://news.qq.com/rain/a/20250301A04R1900,222,https://news.qq.com/rain/a/20250301A04R1900
万亿日化巨头，闪电罢免CEO,https://news.qq.com/rain/a/20250302A064VT00,222,https://news.qq.com/rain/a/20250302A064VT00
狂销200万件，宁波小伙靠隐秘需求，30岁前年入千万,https://news.qq.com/rain/a/20250228A02JX100,222,https://news.qq.com/rain/a/20250228A02JX100
从加盟商做到全球便利店第一，7-11做对了什么？,https://news.qq.com/rain/a/20250301A0751M00,222,https://news.qq.com/rain/a/20250301A0751M00
美股交易逻辑发生转变，经济衰退的叙事是否成立,https://news.qq.com/rain/a/20250301V07GUX00,222,https://news.qq.com/rain/a/20250301V07GUX00
东方集团涉重大财务造假退市，“前东北首富”张宏伟资本梦碎,https://news.qq.com/rain/a/20250301A07FWR00,222,https://news.qq.com/rain/a/20250301A07FWR00
7000亿苏州银行，后劲不太够了,https://news.qq.com/rain/a/20250302A03GHW00,222,https://news.qq.com/rain/a/20250302A03GHW00
那些年房企留在大虹桥的楼，最后都怎样了,https://news.qq.com/rain/a/20250302A02XBX00,222,https://news.qq.com/rain/a/20250302A02XBX00
6年开店8000家！从国货之光到口碑崩盘，塔斯汀怎么了？,https://news.qq.com/rain/a/20250228V081LH00,222,https://news.qq.com/rain/a/20250228V081LH00
集体暴跌，又一千亿基金“踩大雷”！,https://news.qq.com/rain/a/20250228A08MD900,222,https://news.qq.com/rain/a/20250228A08MD900
火锅不是给底层人民吃的！惹恼群众的巴奴却要冲刺IPO？,https://news.qq.com/rain/a/20250301A07DQN00,222,https://news.qq.com/rain/a/20250301A07DQN00
从鸡蛋价格到房价，美国通胀预期再次升温,https://news.qq.com/rain/a/20250227A09F7W00,222,https://news.qq.com/rain/a/20250227A09F7W00
哪些券商有重组机会名单给到您,https://news.qq.com/rain/a/20250228V026IK00,222,https://news.qq.com/rain/a/20250228V026IK00
价格战拖垮中小工厂，有人忙活一年血亏上百万,https://news.qq.com/rain/a/20250228A05J8Y00,222,https://news.qq.com/rain/a/20250228A05J8Y00
1.6万股民赢麻，这家公司闷声发大财，疯了！,https://news.qq.com/rain/a/20250228A04B9600,222,https://news.qq.com/rain/a/20250228A04B9600
万亿新风口来临？郜春海深度解构“低空经济”,https://news.qq.com/rain/a/20250228V05Y4M00,222,https://news.qq.com/rain/a/20250228V05Y4M00
专访中盐集团董事长李耀强：盐穴储能、储气、储氢、储氦等“多能并储”格局已铺开，盐穴液流电池项目取得重大突破,https://news.qq.com/rain/a/20250301A07DZQ00,222,https://news.qq.com/rain/a/20250301A07DZQ00
植物肉大梦一场,https://news.qq.com/rain/a/20250302A05HLA00,222,https://news.qq.com/rain/a/20250302A05HLA00
价值投资大佬警告：美股即将崩盘，AI泡沫与历史技术泡沫无本质区别,https://news.qq.com/rain/a/20250228A0645T00,222,https://news.qq.com/rain/a/20250228A0645T00
董明珠直播带货“发火”：没有货也要卖，市场是抢来的！,https://news.qq.com/rain/a/20250224V0889R00,222,https://news.qq.com/rain/a/20250224V0889R00
910万投资 赎回仅剩56万,https://news.qq.com/rain/a/20250228A019XX00,222,https://news.qq.com/rain/a/20250228A019XX00
利润飙升8829%！神州细胞华丽逆袭,https://news.qq.com/rain/a/20250228A03FOR00,222,https://news.qq.com/rain/a/20250228A03FOR00
陶冬：海湖庄园协议打劫全世界,https://news.qq.com/rain/a/20250302A065ME00,222,https://news.qq.com/rain/a/20250302A065ME00
德国经济衰落，还要持续多久？,https://news.qq.com/rain/a/20250227V07BPT00,222,https://news.qq.com/rain/a/20250227V07BPT00
“C位”留给民企,https://news.qq.com/rain/a/20250301A07LAT00,222,https://news.qq.com/rain/a/20250301A07LAT00
南极人，不再贴牌了？,https://news.qq.com/rain/a/20250302A05TNY00,222,https://news.qq.com/rain/a/20250302A05TNY00
两大主线调整！下周关注重要会议及三大事件——道达对话牛博士,https://news.qq.com/rain/a/20250302A05YU100,222,https://news.qq.com/rain/a/20250302A05YU100
疫苗太难卖了！三家疫苗企业都换了营销负责人,https://news.qq.com/rain/a/20250227A093M400,222,https://news.qq.com/rain/a/20250227A093M400
董明珠颠覆传统认知：不会说话的销售如何做到年入千万？,https://news.qq.com/rain/a/20250226V03TUU00,222,https://news.qq.com/rain/a/20250226V03TUU00
特朗普下令，对木材进口进行新一轮关税调查,https://news.qq.com/rain/a/20250302A04GX600,222,https://news.qq.com/rain/a/20250302A04GX600
侃股：券商股业绩是长期行情的基石,https://news.qq.com/rain/a/20250302A065M400,222,https://news.qq.com/rain/a/20250302A065M400
发力9.9元咖啡，“CFC”广告硬刚肯德基，麦当劳急了？,https://news.qq.com/rain/a/20250302A060SB00,222,https://news.qq.com/rain/a/20250302A060SB00
《还珠格格》里香妃蝴蝶特效琼瑶花1800万台币！如今AI让成本暴跌99%,https://news.qq.com/rain/a/20250227V04YX600,222,https://news.qq.com/rain/a/20250227V04YX600
岭南股份2.7亿借款逾期，东莞银行追回本金难度多大？,https://news.qq.com/rain/a/20250302A0564000,222,https://news.qq.com/rain/a/20250302A0564000
年轻人真的不愿消费吗？,https://news.qq.com/rain/a/20250228A02FW100,222,https://news.qq.com/rain/a/20250228A02FW100
副牌退潮，“孤勇者”只剩海底捞,https://news.qq.com/rain/a/20250301A06XE700,222,https://news.qq.com/rain/a/20250301A06XE700
中信建投：人形机器人调整分化，低估值顺周期关注度提升,https://news.qq.com/rain/a/20250302A066A300,222,https://news.qq.com/rain/a/20250302A066A300
磷化工行业观察：磷酸氢钙价格领涨；春耕备货推高磷肥需求,https://news.qq.com/rain/a/20250302A03L9E00,222,https://news.qq.com/rain/a/20250302A03L9E00
报告称全国有206.6万户千万富豪，超一半在开公司，炒房造富神话继续破灭,https://news.qq.com/rain/a/20250227A09AYS00,222,https://news.qq.com/rain/a/20250227A09AYS00
红牛之争，仍在继续,https://news.qq.com/rain/a/20250301A06L2S00,222,https://news.qq.com/rain/a/20250301A06L2S00
豪掷155亿连落两子，青岛家电巨头狂扩版图,https://news.qq.com/rain/a/20250228V06MAU00,222,https://news.qq.com/rain/a/20250228V06MAU00
五粮液“超级平台”上线，大商抱团取暖过冬,https://news.qq.com/rain/a/20250227A095AK00,222,https://news.qq.com/rain/a/20250227A095AK00
10万降至千元时代！河南小城在线发力，西方百年钻石价格霸权被击溃,https://news.qq.com/rain/a/20250228A05K1200,222,https://news.qq.com/rain/a/20250228A05K1200
净利暴跌93.86%，山西银行合并村镇银行拖累业绩,https://news.qq.com/rain/a/20250301A07OSJ00,222,https://news.qq.com/rain/a/20250301A07OSJ00
王怡麒：中国市场具有吸引力和韧性，海外投资者开始反思“美国例外论”,https://news.qq.com/rain/a/20250228V05JTJ00,222,https://news.qq.com/rain/a/20250228V05JTJ00
又一家知名咖啡品牌，快不行了,https://news.qq.com/rain/a/20250228A03B2V00,222,https://news.qq.com/rain/a/20250228A03B2V00
被段永平怒怼“闭嘴”的投资人，凭小米实现财富自由了,https://news.qq.com/rain/a/20250301A07ABH00,222,https://news.qq.com/rain/a/20250301A07ABH00
高途教育去年亏损超10亿，AI能否“因材施教”填补增长曲线缺失？｜大鱼财经,https://news.qq.com/rain/a/20250302A01M0C00,222,https://news.qq.com/rain/a/20250302A01M0C00
【产经破壁机080】如何让按摩椅征服16亿东亚人？,https://news.qq.com/rain/a/20250227V08PRL00,222,https://news.qq.com/rain/a/20250227V08PRL00
列国鉴·塞内加尔丨记者观察：油气双产出　塞内加尔雄心勃勃打造多元经济,https://news.qq.com/rain/a/20250302A04FOP00,222,https://news.qq.com/rain/a/20250302A04FOP00
巨亏4亿元反分红4亿元！金域医学“掏空式”操作惹争议，转型之路为何越走越窄？,https://news.qq.com/rain/a/20250301A05AW200,222,https://news.qq.com/rain/a/20250301A05AW200
为何香港坚决不能放弃联系汇率？沈建光：可能引发资本流出和金融动荡,https://news.qq.com/rain/a/20250228A057NP00,222,https://news.qq.com/rain/a/20250228A057NP00
对标ChatGPT式变革，用它能少花6亿好莱坞却不稀罕,https://news.qq.com/rain/a/20250225V0323500,222,https://news.qq.com/rain/a/20250225V0323500
阿里巴巴联合创始人投资NBA球队获利,https://news.qq.com/rain/a/20250228A07CMG00,222,https://news.qq.com/rain/a/20250228A07CMG00
李立峰&张海燕：3月A股月报‖春季攻势延续，深挖“两会”相关投资机会,https://news.qq.com/rain/a/20250302A066KK00,222,https://news.qq.com/rain/a/20250302A066KK00
不能忽视的迹象！几位资管大佬都“破纪录”了,https://news.qq.com/rain/a/20250227A09U1I00,222,https://news.qq.com/rain/a/20250227A09U1I00
深圳杀出超级隐形冠军：年入15亿，全国第一,https://news.qq.com/rain/a/20250228A08E3Z00,222,https://news.qq.com/rain/a/20250228A08E3Z00
高鑫零售易主后下一步怎么走？,https://news.qq.com/rain/a/20250302A03WIO00,222,https://news.qq.com/rain/a/20250302A03WIO00
高层换血、增资扩股！华安保险“海航系”阴霾出清进行时,https://news.qq.com/rain/a/20250228A09VTO00,222,https://news.qq.com/rain/a/20250228A09VTO00
概念热市场冷，中无人机业绩“膝盖斩”，由盈转亏5391.61万元 | 看财报,https://news.qq.com/rain/a/20250228A05ZB900,222,https://news.qq.com/rain/a/20250228A05ZB900
债基发行降至两年来低点，2月近九成纯债基净值回撤，最多下跌了4%,https://news.qq.com/rain/a/20250228A05UM000,222,https://news.qq.com/rain/a/20250228A05UM000
以 “独立之姿” 闯荡的顺丰同城，这6年过得如何？,https://news.qq.com/rain/a/20250302A03NPQ00,222,https://news.qq.com/rain/a/20250302A03NPQ00
特朗普还把美股当KPI吗？,https://news.qq.com/rain/a/20250301A05XFJ00,222,https://news.qq.com/rain/a/20250301A05XFJ00
为啥都说再穷再难也别卖保险？！盘点劝退保险从业者的九大硬核理由…,https://news.qq.com/rain/a/20250228A06M8Y00,222,https://news.qq.com/rain/a/20250228A06M8Y00
“长不大”的中小基金公司,https://news.qq.com/rain/a/20250301A00ZMV00,222,https://news.qq.com/rain/a/20250301A00ZMV00
我国养老金融发展现状、挑战与对策 | 政策与监管,https://news.qq.com/rain/a/20250302A063AB00,222,https://news.qq.com/rain/a/20250302A063AB00
【长城策略】科技引领“中国资产”价值重估进度加快,https://news.qq.com/rain/a/20250301A07NW600,222,https://news.qq.com/rain/a/20250301A07NW600
宝龙地产境外债务重组计划失效，业内人士：或推出削债力度更大的重组方案,https://news.qq.com/rain/a/20250301A05PKO00,222,https://news.qq.com/rain/a/20250301A05PKO00
AI 之下，新能源还有这些全新的故事可以讲！,https://news.qq.com/rain/a/20250302A005FQ00,222,https://news.qq.com/rain/a/20250302A005FQ00
漱玉平民预亏2亿元背后：大股东轮番减持，医保违规阴霾笼罩,https://news.qq.com/rain/a/20250228A0961200,222,https://news.qq.com/rain/a/20250228A0961200
多家银行信用卡业务“瘦身” 或转而深耕存量客户,https://news.qq.com/rain/a/20250302A02XL300,222,https://news.qq.com/rain/a/20250302A02XL300
从“铁三角”到“群英荟”，隆基高管团队持续变阵,https://news.qq.com/rain/a/20250301A07BQG00,222,https://news.qq.com/rain/a/20250301A07BQG00
阿克曼批评巴菲特：投资原则过于保守,https://news.qq.com/rain/a/20250301A07IXJ00,222,https://news.qq.com/rain/a/20250301A07IXJ00
通化东宝2024年业绩预告：净利骤降，商标侵权案赔付影响显著,https://news.qq.com/rain/a/20250302A060DI00,222,https://news.qq.com/rain/a/20250302A060DI00
中信建投｜2月市场情绪高涨，会有危险吗？,https://news.qq.com/rain/a/20250302A066AJ00,222,https://news.qq.com/rain/a/20250302A066AJ00
西南酒价 | 酒企密集控货挺价，五粮液等策略见效了吗？,https://news.qq.com/rain/a/20250228A05OVI00,222,https://news.qq.com/rain/a/20250228A05OVI00
“消失”的村镇银行去哪了,https://news.qq.com/rain/a/20250227A09R1400,222,https://news.qq.com/rain/a/20250227A09R1400
汇丰环球私银：37%受访内地企业家额外有香港居住权，香港是拥有多重居住权企业家的首选地,https://news.qq.com/rain/a/20250301A07O4F00,222,https://news.qq.com/rain/a/20250301A07O4F00
周浩：港股策略——最后的避风港？,https://news.qq.com/rain/a/20250301A07NWA00,222,https://news.qq.com/rain/a/20250301A07NWA00
上海餐饮消费券谁中签了？去哪儿消费划算？核销需本人在场吗？,https://news.qq.com/rain/a/20250301A01KXS00,222,https://news.qq.com/rain/a/20250301A01KXS00
“瓜子大王”重回增长，高端瓜子建奇功？,https://news.qq.com/rain/a/20250228A096T000,222,https://news.qq.com/rain/a/20250228A096T000
存款增长乏力同业存单救急，多家银行备案额度激增,https://news.qq.com/rain/a/20250228A01ERC00,222,https://news.qq.com/rain/a/20250228A01ERC00
地方招商引资大变局：驻京办系统从幕后转到台前，甚至上阵抢项目,https://news.qq.com/rain/a/20250301A012LX00,222,https://news.qq.com/rain/a/20250301A012LX00
当强生产脉冲渐弱，基建有望接过大旗 | 信达宏观,https://news.qq.com/rain/a/20250302A04BW000,222,https://news.qq.com/rain/a/20250302A04BW000
指数投资时代的又一标签：个人投资者频现ETF十大持有人，量化私募也有高配需求,https://news.qq.com/rain/a/20250228A06KU900,222,https://news.qq.com/rain/a/20250228A06KU900
从“跑多次”到“一次不用跑”：全国首本不动产权证书权利人见证十年,https://news.qq.com/rain/a/20250302A01UMN00,222,https://news.qq.com/rain/a/20250302A01UMN00
中信建投：关注两会政策，科技仍有望是主线,https://news.qq.com/rain/a/20250228A01D0M00,222,https://news.qq.com/rain/a/20250228A01D0M00
非上市银行业绩“两重天”：有银行净利跌九成，有的业绩翻番,https://news.qq.com/rain/a/20250228A09O0K00,222,https://news.qq.com/rain/a/20250228A09O0K00
多部委联合发声光伏“反内卷”，低水平重复建设将被遏制,https://news.qq.com/rain/a/20250228A06RSA00,222,https://news.qq.com/rain/a/20250228A06RSA00
罗罗首席执行官：预计供应链问题还将持续至少一年,https://news.qq.com/rain/a/20250301A07HXC00,222,https://news.qq.com/rain/a/20250301A07HXC00
对标美国科技巨头，中概股折价空间还有多少？,https://news.qq.com/rain/a/20250227A08PIY00,222,https://news.qq.com/rain/a/20250227A08PIY00
退平台“大年”即将开启，机构预测宁夏、内蒙古有望率先退出重点省份,https://news.qq.com/rain/a/20250227A08TMN00,222,https://news.qq.com/rain/a/20250227A08TMN00
门店数量激增45%，薯条专门店会是下一个爆火赛道吗？,https://news.qq.com/rain/a/20250228A0440X00,222,https://news.qq.com/rain/a/20250228A0440X00
中信建投：大飞机产业链投资前景,https://news.qq.com/rain/a/20250301A076IG00,222,https://news.qq.com/rain/a/20250301A076IG00
国资加码增资中小银行 激活“内生造血”引擎,https://news.qq.com/rain/a/20250301A010ZB00,222,https://news.qq.com/rain/a/20250301A010ZB00
索赔8.8亿！“国内供应链鼻祖”被合作伙伴告了,https://news.qq.com/rain/a/20250301A07MIE00,222,https://news.qq.com/rain/a/20250301A07MIE00
AI助力药物研发降本增效 “AI+医疗”行业存在爆发式增长机会,https://news.qq.com/rain/a/20250228A01J8P00,222,https://news.qq.com/rain/a/20250228A01J8P00
下降还是增长？中国光伏装机预测现巨大分歧,https://news.qq.com/rain/a/20250228A04BEL00,222,https://news.qq.com/rain/a/20250228A04BEL00
很爱银行股，险资十年举牌风云！从野蛮生长到耐心资本，规模达33万亿,https://news.qq.com/rain/a/20250228A093BD00,222,https://news.qq.com/rain/a/20250228A093BD00
谁能买下星巴克中国,https://news.qq.com/rain/a/20250228A03OKD00,222,https://news.qq.com/rain/a/20250228A03OKD00
美国农业也不行了？官方预测今年将出现490亿美元创纪录逆差,https://news.qq.com/rain/a/20250228A040K600,222,https://news.qq.com/rain/a/20250228A040K600
2025年，飞鹤输不起,https://news.qq.com/rain/a/20250227A09TH600,222,https://news.qq.com/rain/a/20250227A09TH600
边风炜：二月收官后该验货了,https://news.qq.com/rain/a/20250301A0337100,222,https://news.qq.com/rain/a/20250301A0337100
【申万固收|利率】解套债市困境,https://news.qq.com/rain/a/20250228A05J2P00,222,https://news.qq.com/rain/a/20250228A05J2P00
为3亿老人造一张护理床,https://news.qq.com/rain/a/20250301A0363K00,222,https://news.qq.com/rain/a/20250301A0363K00
上海浦东跑出隐形冠军：年入2.17亿，国内第二,https://news.qq.com/rain/a/20250227A08JLQ00,222,https://news.qq.com/rain/a/20250227A08JLQ00
2025年面板行业竞争格局，产业集中度仍有向上空间,https://news.qq.com/rain/a/20250302A03NJC00,222,https://news.qq.com/rain/a/20250302A03NJC00
黄金投资升温，银行多举措应对市场变化,https://news.qq.com/rain/a/20250228A0669400,222,https://news.qq.com/rain/a/20250228A0669400
2024美国原料销售Top 25榜单发布，镁元素、水飞蓟等成大热门,https://news.qq.com/rain/a/20250302A01X4F00,222,https://news.qq.com/rain/a/20250302A01X4F00
三任董事长落马后，徽商银行博士“掌门”的守正和突围,https://news.qq.com/rain/a/20250228A063WX00,222,https://news.qq.com/rain/a/20250228A063WX00
寻找中长期资金入市的堵点痛点，多家公募基金建言：五大因素制约入市热情,https://news.qq.com/rain/a/20250227A08YC400,222,https://news.qq.com/rain/a/20250227A08YC400
全国人大代表、好医生集团董事长耿福能：借助大模型 缩短医药研发时间、提升医生诊疗水平,https://news.qq.com/rain/a/20250301A06VR200,222,https://news.qq.com/rain/a/20250301A06VR200
成都郫都，如何实现从“豆瓣红”到“智慧蓝”的跃升？,https://news.qq.com/rain/a/20250228A08ZHM00,222,https://news.qq.com/rain/a/20250228A08ZHM00
专访中国光伏行业协会执行秘书长刘译阳：“唯低价论”非常恶劣,https://news.qq.com/rain/a/20250228A06GVG00,222,https://news.qq.com/rain/a/20250228A06GVG00
杠杆产品放大特斯拉暴跌冲击，韩国散户投资者遭重创,https://news.qq.com/rain/a/20250301A00U5V00,222,https://news.qq.com/rain/a/20250301A00U5V00
全国人大代表王臻：“最好的羊绒在中国”,https://news.qq.com/rain/a/20250302A05T0D00,222,https://news.qq.com/rain/a/20250302A05T0D00
印尼冲刺 8% 增长目标，中企趁势掘金的赛道有哪些？,https://news.qq.com/rain/a/20250228A05NSC00,222,https://news.qq.com/rain/a/20250228A05NSC00
鲸访谈｜西贝贾国龙：丢掉快餐幻想，端上“情绪价值”,https://news.qq.com/rain/a/20250227A09QJN00,222,https://news.qq.com/rain/a/20250227A09QJN00
中国商飞陈勇：全球民航业进入周期性时刻 飞机产业链对GDP带动明显,https://news.qq.com/rain/a/20250228A05WSY00,222,https://news.qq.com/rain/a/20250228A05WSY00
麦肯锡中国区主席：2025年亚洲商界领袖担心什么,https://news.qq.com/rain/a/20250301A07L2B00,222,https://news.qq.com/rain/a/20250301A07L2B00
老白干酒带不动孔府家酒，它想靠新高管扭转颓势,https://news.qq.com/rain/a/20250228A07ATX00,222,https://news.qq.com/rain/a/20250228A07ATX00
股权暗战18年！周晖补位永安财险总经理，曾是财险“老将”,https://news.qq.com/rain/a/20250228A05LM300,222,https://news.qq.com/rain/a/20250228A05LM300
调研排满基金经理行程单 四年苦寒后医药迎来“三重底”？|医药筑底系列,https://news.qq.com/rain/a/20250227A09NEA00,222,https://news.qq.com/rain/a/20250227A09NEA00
为啥有些小餐馆不愿当网红,https://news.qq.com/rain/a/20250302A02VAS00,222,https://news.qq.com/rain/a/20250302A02VAS00
瑞幸攻下“12.9”,https://news.qq.com/rain/a/20250228A02XX200,222,https://news.qq.com/rain/a/20250228A02XX200
全国人大代表钟波：民营企业发展要找准定位、选准赛道,https://news.qq.com/rain/a/20250302A04M3C00,222,https://news.qq.com/rain/a/20250302A04M3C00
高盛交易员：当下市场，我最关注这张图,https://news.qq.com/rain/a/20250301A06VDF00,222,https://news.qq.com/rain/a/20250301A06VDF00
从长春高新到维昇药业，长效生长激素市场终极之问：“孩子长高”是育儿焦虑还是刚需？,https://news.qq.com/rain/a/20250228A01R8100,222,https://news.qq.com/rain/a/20250228A01R8100
唐山农商行，不良率3年超 2.8%，监事连年获得巨额贷款,https://news.qq.com/rain/a/20250228A051WR00,222,https://news.qq.com/rain/a/20250228A051WR00
The Ordinary难解雅诗兰黛大众线饥渴，中国区运营进入关键时刻,https://news.qq.com/rain/a/20250302A02XZL00,222,https://news.qq.com/rain/a/20250302A02XZL00
专访成都市政协委员、成都中建材潘锦功博士：创新是熬出来的,https://news.qq.com/rain/a/20250228A08W0600,222,https://news.qq.com/rain/a/20250228A08W0600
3年连亏36亿元，光大永明人寿一二把手更迭能否扭转颓势,https://news.qq.com/rain/a/20250228A05MGF00,222,https://news.qq.com/rain/a/20250228A05MGF00
全国人大代表、美的钟铮：“民营企业自身要有内生动力”,https://news.qq.com/rain/a/20250302A0575B00,222,https://news.qq.com/rain/a/20250302A0575B00
看传统制造如何“破茧”向新,https://news.qq.com/rain/a/20250302A02LLX00,222,https://news.qq.com/rain/a/20250302A02LLX00
​买金“招式”大比拼,https://news.qq.com/rain/a/20250228A0826V00,222,https://news.qq.com/rain/a/20250228A0826V00
2025，中国优质新药“怎么卖”，大厂们给出了明牌,https://news.qq.com/rain/a/20250228A0764V00,222,https://news.qq.com/rain/a/20250228A0764V00
氪金10万刷上百遍，RPG密室如何俘获年轻人的心,https://news.qq.com/rain/a/20250301A06PU100,222,https://news.qq.com/rain/a/20250301A06PU100
储能赛道，宁德如何领跑？,https://news.qq.com/rain/a/20250301A01W4I00,222,https://news.qq.com/rain/a/20250301A01W4I00
盛通股份 | 业绩暴跌，股价却如脱缰野马？,https://news.qq.com/rain/a/20250228A06B5N00,222,https://news.qq.com/rain/a/20250228A06B5N00
“丑小鸭”变天鹅，金融业做了啥？,https://news.qq.com/rain/a/20250302A05NMQ00,222,https://news.qq.com/rain/a/20250302A05NMQ00
靠中信证券支撑利润，金融国企越秀资本一年半投资260亿元转型光伏,https://news.qq.com/rain/a/20250227A08JKV00,222,https://news.qq.com/rain/a/20250227A08JKV00
地产信托风险交织 财信集团重整后金融版图走向何方,https://news.qq.com/rain/a/20250228A07K3D00,222,https://news.qq.com/rain/a/20250228A07K3D00
瑞幸也要进入新周期,https://news.qq.com/rain/a/20250228A07NHJ00,222,https://news.qq.com/rain/a/20250228A07NHJ00
外部环境诸多挑战，连平提上海国际金融中心建设四个“既要又要”,https://news.qq.com/rain/a/20250302A02FIK00,222,https://news.qq.com/rain/a/20250302A02FIK00
对话居山浩二：mt胶带如何从捕蝇纸跻身全球潮牌顶流｜钛媒体独家,https://news.qq.com/rain/a/20250302A00AY300,222,https://news.qq.com/rain/a/20250302A00AY300
全国经济第一大省，如何养成？,https://news.qq.com/rain/a/20250228A07Q5V00,222,https://news.qq.com/rain/a/20250228A07Q5V00
九号公司重回高增长，2024年赚了超10亿，电动两轮车成为新的“财富密码”？,https://news.qq.com/rain/a/20250228A0A24L00,222,https://news.qq.com/rain/a/20250228A0A24L00
桂浩明：重估中国科技股背后的核心逻辑,https://news.qq.com/rain/a/20250301A046BG00,222,https://news.qq.com/rain/a/20250301A046BG00
红利理财为何成“香饽饽”？,https://news.qq.com/rain/a/20250301A02G7U00,222,https://news.qq.com/rain/a/20250301A02G7U00
上海启动医保大数据创新实验室，对百姓有啥好处,https://news.qq.com/rain/a/20250301A04D2D00,222,https://news.qq.com/rain/a/20250301A04D2D00
数据主权时代：中企在尼日利亚的掘金新密码,https://news.qq.com/rain/a/20250228A0433X00,222,https://news.qq.com/rain/a/20250228A0433X00
中信建投｜研究周知：特朗普的新变化,https://news.qq.com/rain/a/20250301A076II00,222,https://news.qq.com/rain/a/20250301A076II00
剖析3家隐形冠军，看到济南民营经济的未来！,https://news.qq.com/rain/a/20250228A05IU800,222,https://news.qq.com/rain/a/20250228A05IU800
bp：重置bp,https://news.qq.com/rain/a/20250302A03CWL00,222,https://news.qq.com/rain/a/20250302A03CWL00
【申万固收.信用】1年以内信用债，跌出来的价值,https://news.qq.com/rain/a/20250228A05J2H00,222,https://news.qq.com/rain/a/20250228A05J2H00
董明珠：不是创业者也要保持创业心态 上了这条船就要负责,https://news.qq.com/rain/a/20250221V09I9K00,222,https://news.qq.com/rain/a/20250221V09I9K00
金价大跳水，普通投资者如何布局？对话匠鑫学院院长许亚鑫｜华夏新闻会客厅,https://news.qq.com/rain/a/20250301A05AVW00,222,https://news.qq.com/rain/a/20250301A05AVW00
加密货币崩盘加剧，比特币较历史高点下跌 25%,https://news.qq.com/rain/a/20250228A09F8000,222,https://news.qq.com/rain/a/20250228A09F8000
奈雪的茶“三号人物”辞职，所持股份价值大幅缩水,https://news.qq.com/rain/a/20250228A06YR200,222,https://news.qq.com/rain/a/20250228A06YR200
上市三年后为何匆匆退市？“香港米线大王”谭仔国际：港人选择北上旅游及消费令营商环境“百上加斤”,https://news.qq.com/rain/a/20250227A09JU900,222,https://news.qq.com/rain/a/20250227A09JU900
侯毅再创业 在宠物赛道复制“盒马鲜生”?,https://news.qq.com/rain/a/20250302A061SA00,222,https://news.qq.com/rain/a/20250302A061SA00
俞敏洪自曝接班人困境，董明珠却已布下暗棋，格力未来掌舵人正经历测试,https://news.qq.com/rain/a/20250219V08F2G00,222,https://news.qq.com/rain/a/20250219V08F2G00
净利、股价大增，全球电气巨头的黄金时期来了吗？,https://news.qq.com/rain/a/20250228A05S3200,222,https://news.qq.com/rain/a/20250228A05S3200
日本大米疯涨70%，中国老板连夜扛大米？,https://news.qq.com/rain/a/20250220A04LVM00,222,https://news.qq.com/rain/a/20250220A04LVM00
大跳水！金价自高点回落逾一百美元，金饰克价3天跌了18元,https://news.qq.com/rain/a/20250228A09ZBR00,222,https://news.qq.com/rain/a/20250228A09ZBR00
俞敏洪曝新东方高管困境：老师宁愿教课赚200万，也不愿做30万的管理岗,https://news.qq.com/rain/a/20250221V08XUN00,222,https://news.qq.com/rain/a/20250221V08XUN00
特朗普闪电击沉美国经济？亚特兰大联储模型预测一季度GDP跳水至负值,https://news.qq.com/rain/a/20250301A012P500,222,https://news.qq.com/rain/a/20250301A012P500
新董事长刚上任不久，威海市商业银行更名为威海银行，背后有何考量？,https://news.qq.com/rain/a/20250228A0A1EC00,222,https://news.qq.com/rain/a/20250228A0A1EC00
被逼卖身，星巴克在中国做错了什么？,https://news.qq.com/rain/a/20250228A08NID00,222,https://news.qq.com/rain/a/20250228A08NID00
中央汇金 入主五家金融机构透露这些信号,https://news.qq.com/rain/a/20250228A06VTO00,222,https://news.qq.com/rain/a/20250228A06VTO00
A股并购重组“回头看来路”，看出点什么？|解码新趋势,https://news.qq.com/rain/a/20250301A04ON700,222,https://news.qq.com/rain/a/20250301A04ON700
涪陵榨菜2024年赚8亿，“榨菜大王”连续两年业绩下滑,https://news.qq.com/rain/a/20250228A0938E00,222,https://news.qq.com/rain/a/20250228A0938E00
0加盟费笼络同行、3月江浙沪起网快运 笨鸟速运能飞多远,https://news.qq.com/rain/a/20250227A08ZLW00,222,https://news.qq.com/rain/a/20250227A08ZLW00
一年卖出20多亿 参半尹阔：要拿下品类行业前三,https://news.qq.com/rain/a/20250301A04CI500,222,https://news.qq.com/rain/a/20250301A04CI500
微巴士上市破发：募资800万美元 年营收4597万 同比降70%,https://news.qq.com/rain/a/20250302A033IG00,222,https://news.qq.com/rain/a/20250302A033IG00
长城华西银行：2024年不良率攀升至2.03%，拨备覆盖率低于行业均值41个百分点,https://news.qq.com/rain/a/20250228A059RI00,222,https://news.qq.com/rain/a/20250228A059RI00
日本首相说自己左脸索尼右脸松下 董明珠说中国制造就是中国文化,https://news.qq.com/rain/a/20250219V08MG500,222,https://news.qq.com/rain/a/20250219V08MG500
一年在中国爆卖1000亿，美国山姆凭什么？,https://news.qq.com/rain/a/20250228A04WEQ00,222,https://news.qq.com/rain/a/20250228A04WEQ00
香港艺人黄百鸣被指控进行内幕交易，获准缴20万元保释,https://news.qq.com/rain/a/20250228A02X6N00,222,https://news.qq.com/rain/a/20250228A02X6N00
餐饮回收人正在目睹茶饮圈变天,https://news.qq.com/rain/a/20250301A01KGF00,222,https://news.qq.com/rain/a/20250301A01KGF00
从4亿到1000亿，格力营收翻了250倍，董明珠28年缔造千亿神话,https://news.qq.com/rain/a/20250220V08QJJ00,222,https://news.qq.com/rain/a/20250220V08QJJ00
胖东来考察酒鬼酒引关注：新零售自有品牌整顿白酒价格体系？,https://news.qq.com/rain/a/20250228A09T1U00,222,https://news.qq.com/rain/a/20250228A09T1U00
胖东来，能否拯救酒鬼酒,https://news.qq.com/rain/a/20250228A08C2500,222,https://news.qq.com/rain/a/20250228A08C2500
丁磊“动刀”网易游戏,https://news.qq.com/rain/a/20250228A051PZ00,222,https://news.qq.com/rain/a/20250228A051PZ00
小米市值暴涨，兴全谢治宇、华商周海栋、招商翟相栋去年底重仓,https://news.qq.com/rain/a/20250228A082F400,222,https://news.qq.com/rain/a/20250228A082F400
可可身价有点飘,https://news.qq.com/rain/a/20250302A02VBE00,222,https://news.qq.com/rain/a/20250302A02VBE00
如何看AppLovin的做空报告？瑞银：质疑被夸大了，最关键是能帮广告主赚钱,https://news.qq.com/rain/a/20250228A05G7600,222,https://news.qq.com/rain/a/20250228A05G7600
造假6.58亿判刑两年：宋歌与北京文化的“封神”资本泡沫始末,https://news.qq.com/rain/a/20250227A09VGZ00,222,https://news.qq.com/rain/a/20250227A09VGZ00
格力的“老对手”，要上市了,https://news.qq.com/rain/a/20250228A05JAZ00,222,https://news.qq.com/rain/a/20250228A05JAZ00
从村里逆袭的亿万富豪，竟对村口大爷认知嗤之以鼻,https://news.qq.com/rain/a/20250219V04TLG00,222,https://news.qq.com/rain/a/20250219V04TLG00
经济学家李稻葵：城乡养老金相差10倍，建议每年花1万亿补贴,https://news.qq.com/rain/a/20250228A078JA00,222,https://news.qq.com/rain/a/20250228A078JA00
“海尔系”5天连下两城，155亿大并购背后钱从哪来？,https://news.qq.com/rain/a/20250223A068G700,222,https://news.qq.com/rain/a/20250223A068G700
骂欧盟占美国便宜，特朗普将征25%关税，跨大西洋裂痕继续扩大,https://news.qq.com/rain/a/20250227A0903D00,222,https://news.qq.com/rain/a/20250227A0903D00
00 后扎堆职场，70 后老板成 “珍稀物种”，变身人生导师,https://news.qq.com/rain/a/20250221V06G7K00,222,https://news.qq.com/rain/a/20250221V06G7K00
经济数据指向特朗普最不想看到的：美国滞胀！,https://news.qq.com/rain/a/20250301A03BY700,222,https://news.qq.com/rain/a/20250301A03BY700
产能过剩！铜箔行业巨头纷纷陷入亏损，2025年能否迎来拐点？,https://news.qq.com/rain/a/20250228A018FA00,222,https://news.qq.com/rain/a/20250228A018FA00
震荡整固，而非行情结束——“重估牛”系列报告之二十【中信建投策略陈果团队】,https://news.qq.com/rain/a/20250302A062MG00,222,https://news.qq.com/rain/a/20250302A062MG00
400亿！金隅集团融资破局，亏损期仍豪掷百亿在京拿地,https://news.qq.com/rain/a/20250227A09NNL00,222,https://news.qq.com/rain/a/20250227A09NNL00
青海春天，拼命“保壳”,https://news.qq.com/rain/a/20250228A01BGA00,222,https://news.qq.com/rain/a/20250228A01BGA00
亿万老总不搞应酬，痴迷30年的游戏竟是它,https://news.qq.com/rain/a/20250218V02P6Y00,222,https://news.qq.com/rain/a/20250218V02P6Y00
【华创策略姚佩】高低切 再均衡——策略周聚焦,https://news.qq.com/rain/a/20250302A05K8000,222,https://news.qq.com/rain/a/20250302A05K8000
当大家讨论社保时，这位快递大叔已领到5390元退休金,https://news.qq.com/rain/a/20250227A09MZO00,222,https://news.qq.com/rain/a/20250227A09MZO00
吉祥航空发过期坚果背后：450亿均瑶系面临质押、业绩压力,https://news.qq.com/rain/a/20250228A04N9400,222,https://news.qq.com/rain/a/20250228A04N9400
新闻黄金时代：凭 “无冕” 之名，奔赴的正义征途,https://news.qq.com/rain/a/20250218V06ZL300,222,https://news.qq.com/rain/a/20250218V06ZL300
东方集团财务造假案爆雷，面临强制退市风险,https://news.qq.com/rain/a/20250301A035MK00,222,https://news.qq.com/rain/a/20250301A035MK00
全国政协委员张懿宸：推动高校、医院等场所，有序对社会餐饮企业开放,https://news.qq.com/rain/a/20250228A06BT100,222,https://news.qq.com/rain/a/20250228A06BT100
三大光伏龙头巨亏88亿，2025年盈利的希望在储能,https://news.qq.com/rain/a/20250228A08CG400,222,https://news.qq.com/rain/a/20250228A08CG400
港湾周评|后郑永刚时代，“杉杉”危机四伏,https://news.qq.com/rain/a/20250301A02TZ400,222,https://news.qq.com/rain/a/20250301A02TZ400
AI驱动“中国资产”重估，如何正确认识平安的科技战略？,https://news.qq.com/rain/a/20250227A08YGX00,222,https://news.qq.com/rain/a/20250227A08YGX00
璟泓科技面临多重风险，持续经营能力存疑,https://news.qq.com/rain/a/20250302A018GQ00,222,https://news.qq.com/rain/a/20250302A018GQ00
史上最神秘榜单诞生，名字都没有，却成流量“王”,https://news.qq.com/rain/a/20250217V07K5L00,222,https://news.qq.com/rain/a/20250217V07K5L00
赤天化追讨15年旧账：业绩连年亏损 资金回流迫切,https://news.qq.com/rain/a/20250228A04J8F00,222,https://news.qq.com/rain/a/20250228A04J8F00
收费新规实施后，四家IPO项目披露发行费用，固定费率成主流,https://news.qq.com/rain/a/20250228A01BCS00,222,https://news.qq.com/rain/a/20250228A01BCS00
“宁王”领衔中国企业大败日韩，储能电池的战争已经结束！,https://news.qq.com/rain/a/20250228A087D400,222,https://news.qq.com/rain/a/20250228A087D400
亿万老总回忆实习时曾骑一个多小时自行车跑条线，跟着工商局去打假,https://news.qq.com/rain/a/20250217V07DZU00,222,https://news.qq.com/rain/a/20250217V07DZU00
离大谱！花旗险酿乌龙：客户要280美元，差点转成81万亿,https://news.qq.com/rain/a/20250228A08WPI00,222,https://news.qq.com/rain/a/20250228A08WPI00
金价高位震荡 黄金理财产品发行“按兵不动”,https://news.qq.com/rain/a/20250301A00ZDL00,222,https://news.qq.com/rain/a/20250301A00ZDL00
4年财务信息严重不实！东方集团涉嫌重大财务造假，或被强制退市,https://news.qq.com/rain/a/20250301A01JRE00,222,https://news.qq.com/rain/a/20250301A01JRE00
内卷仍未从根本上解决，36家公司亏损超过410亿元！券商估算8%公司撑不过一年，深陷内卷泥潭之中的光伏行业消息不断！,https://news.qq.com/rain/a/20250227A08KWP00,222,https://news.qq.com/rain/a/20250227A08KWP00
民生信托生死局！“80 后”女总裁临危受命,https://news.qq.com/rain/a/20250228A01GGN00,222,https://news.qq.com/rain/a/20250228A01GGN00
“攒金热”折射中国年轻人理财新风尚,https://news.qq.com/rain/a/20250228A057RQ00,222,https://news.qq.com/rain/a/20250228A057RQ00
亿万老总创业史：3 年盈利，10 年挂牌，狂赚亿万,https://news.qq.com/rain/a/20250218V02YSX00,222,https://news.qq.com/rain/a/20250218V02YSX00
25年潜在的三大预期差（海通荀玉根、吴信坤等）,https://news.qq.com/rain/a/20250302A01UH700,222,https://news.qq.com/rain/a/20250302A01UH700
开一家瑞幸，赚钱更难了,https://news.qq.com/rain/a/20250301A04WMG00,222,https://news.qq.com/rain/a/20250301A04WMG00
中国企业出海没有“绝招”，全是常识,https://news.qq.com/rain/a/20250227A09T6R00,222,https://news.qq.com/rain/a/20250227A09T6R00
广东中山成人玩偶公司走红，创始人：十五年来第一次这么火爆,https://news.qq.com/rain/a/20250228A04N6Z00,222,https://news.qq.com/rain/a/20250228A04N6Z00
有加盟商亏损超70万，喜茶为何突然急刹车？,https://news.qq.com/rain/a/20250227A09FPQ00,222,https://news.qq.com/rain/a/20250227A09FPQ00
2月楼市延续止跌企稳，百强房企业绩同比增1.2%,https://news.qq.com/rain/a/20250301A01KHS00,222,https://news.qq.com/rain/a/20250301A01KHS00
“淡人”爆买的江南布衣，半年净开101家门店，收入增速却明显放缓,https://news.qq.com/rain/a/20250301A03CR000,222,https://news.qq.com/rain/a/20250301A03CR000
“喜剧教父”变资本操盘手？黄百鸣涉内幕交易被查 曾套现5亿港元离场,https://news.qq.com/rain/a/20250228A039K100,222,https://news.qq.com/rain/a/20250228A039K100
对冲基金巨鳄“拉响警报”：如今美股风险是我此生所见最高的,https://news.qq.com/rain/a/20250228A03XUC00,222,https://news.qq.com/rain/a/20250228A03XUC00
从净赚2.68亿元到预亏1.2亿元！普瑞眼科首现亏损背后：民营眼科医疗机构持续盈利模式遇考,https://news.qq.com/rain/a/20250228A042E200,222,https://news.qq.com/rain/a/20250228A042E200
巴菲特：招高管从不考虑其学历，商业才能是天生的,https://news.qq.com/rain/a/20250227A09ANC00,222,https://news.qq.com/rain/a/20250227A09ANC00
“薄利时代”下白羽肉鸡企业如何应对？瘦身“强鸡”、提质增效或可“突围”,https://news.qq.com/rain/a/20250301A070BN00,222,https://news.qq.com/rain/a/20250301A070BN00
高鑫零售“大换血”：是转型新生，还是最后一搏,https://news.qq.com/rain/a/20250301A01HT500,222,https://news.qq.com/rain/a/20250301A01HT500
东鹏控股进军高端岩板 称将切入大家居市场，开启第二增长曲线,https://news.qq.com/rain/a/20250227A09RMS00,222,https://news.qq.com/rain/a/20250227A09RMS00
80后死亡率高是假，心理困境大是真,https://news.qq.com/rain/a/20250228A005TQ00,222,https://news.qq.com/rain/a/20250228A005TQ00
西部硅谷神话：兴隆湖正在被“重新估值”,https://news.qq.com/rain/a/20250228A05LBG00,222,https://news.qq.com/rain/a/20250228A05LBG00
永辉超市迎“名创优品系”董事候选人 叶国富率两干将或入局,https://news.qq.com/rain/a/20250227A09DTA00,222,https://news.qq.com/rain/a/20250227A09DTA00
恒大深圳湾超级总部再易主，兴业银行豪掷66亿接手，万科南方区域代建,https://news.qq.com/rain/a/20250228A03E0F00,222,https://news.qq.com/rain/a/20250228A03E0F00
海康机器人冲刺IPO，背后“香港首富”曾布局9家上市公司,https://news.qq.com/rain/a/20250227A0912400,222,https://news.qq.com/rain/a/20250227A0912400
高价收回安徽罗森便利店股份，46亿短债压身的中央商场咋整,https://news.qq.com/rain/a/20250228A08BYW00,222,https://news.qq.com/rain/a/20250228A08BYW00
未来3年投入超过去十年总和！港股科技行情还未结束？,https://news.qq.com/rain/a/20250228A01ZFO00,222,https://news.qq.com/rain/a/20250228A01ZFO00
派特鲜生侯毅：宠物食品市场巨大，我们不做烧钱竞争和盲目扩张,https://news.qq.com/rain/a/20250228A08Z4R00,222,https://news.qq.com/rain/a/20250228A08Z4R00
接入AI后，保险业想移走获客与客户服务两座”成本大山”,https://news.qq.com/rain/a/20250228A09PME00,222,https://news.qq.com/rain/a/20250228A09PME00
拟大手笔分红44.19亿！东方雨虹2024年净利润仅1.05亿，同比大降95.24%,https://news.qq.com/rain/a/20250228A07B6F00,222,https://news.qq.com/rain/a/20250228A07B6F00
26年保险老将升任友邦人寿“一把手”！,https://news.qq.com/rain/a/20250228A09TS000,222,https://news.qq.com/rain/a/20250228A09TS000
周末市场传来4大消息，3月A股怎么走？请认真阅读！,https://news.qq.com/rain/a/20250301A053VD00,222,https://news.qq.com/rain/a/20250301A053VD00
预亏超5亿，AI带不动“运动科技第一股”,https://news.qq.com/rain/a/20250228A08DYP00,222,https://news.qq.com/rain/a/20250228A08DYP00
安防龙头海康威视净利润下滑15%，员工爆料少缴公积金社保,https://news.qq.com/rain/a/20250228A05VJF00,222,https://news.qq.com/rain/a/20250228A05VJF00
海天味业赴港上市申请被证监会接收，布局全球化面临挑战,https://news.qq.com/rain/a/20250301A02AYE00,222,https://news.qq.com/rain/a/20250301A02AYE00
白酒“停货潮”下的济南市场：稳价提量作用甚微,https://news.qq.com/rain/a/20250228A05K9U00,222,https://news.qq.com/rain/a/20250228A05K9U00
茶饮加盟不香了？投百万开店，回本周期拉长2倍，还能赚钱吗,https://news.qq.com/rain/a/20250228A05EB900,222,https://news.qq.com/rain/a/20250228A05EB900
一张吊牌炒至300元：始祖鸟“割韭菜”还是真稀缺？,https://news.qq.com/rain/a/20250227A092DR00,222,https://news.qq.com/rain/a/20250227A092DR00
以史为鉴，这轮AI资本支出狂潮，是繁荣还是泡沫？,https://news.qq.com/rain/a/20250228A07WR500,222,https://news.qq.com/rain/a/20250228A07WR500
生产力飙升该狂欢还是陷阱？美联储高官警告：别步2000年后尘,https://news.qq.com/rain/a/20250301A012VI00,222,https://news.qq.com/rain/a/20250301A012VI00
野村首席陆挺：上调2025年GDP增速预测至4.5%，房地产市场出清仍是首要任务,https://news.qq.com/rain/a/20250228A08BL400,222,https://news.qq.com/rain/a/20250228A08BL400
格力电器曾经的名气限制了全品类发展远景,https://news.qq.com/rain/a/20250228A019XA00,222,https://news.qq.com/rain/a/20250228A019XA00
困于大单品 龙津药业走向退市边缘,https://news.qq.com/rain/a/20250301A0141S00,222,https://news.qq.com/rain/a/20250301A0141S00
“山系”餐饮持续走红，又一新晋排队王诞生？,https://news.qq.com/rain/a/20250228A042OJ00,222,https://news.qq.com/rain/a/20250228A042OJ00
硅料去产能并不难，只要把这些企业的设备“熬”报废就行！,https://news.qq.com/rain/a/20250228A09XZ100,222,https://news.qq.com/rain/a/20250228A09XZ100
Tims 天好中国卢永臣：如何卖出5800万个贝果？,https://news.qq.com/rain/a/20250227A0919700,222,https://news.qq.com/rain/a/20250227A0919700
炒股软件龙头指南针去年进账15个亿，花8亿做营销推广,https://news.qq.com/rain/a/20250228A0820D00,222,https://news.qq.com/rain/a/20250228A0820D00
开启高速增长时代，石头科技全年营收近120亿元,https://news.qq.com/rain/a/20250228A03FZV00,222,https://news.qq.com/rain/a/20250228A03FZV00
惠普2025财年第一季度业绩超预期，计划额外裁员至多2000人,https://news.qq.com/rain/a/20250228A04H7I00,222,https://news.qq.com/rain/a/20250228A04H7I00
​大显身手 正当其时,https://news.qq.com/rain/a/20250228A06VUY00,222,https://news.qq.com/rain/a/20250228A06VUY00
读懂IPO|问止中医冲击“中医AI第一股”，医生团队平均年龄仅30岁，联合创始人“清仓式”减持,https://news.qq.com/rain/a/20250228A08REP00,222,https://news.qq.com/rain/a/20250228A08REP00
能源+关税：美国如此“坑”欧洲,https://news.qq.com/rain/a/20250228A08WF700,222,https://news.qq.com/rain/a/20250228A08WF700
鸿海5000万美元投资歌尔越南新公司 苹果AirPods代工现新格局,https://news.qq.com/rain/a/20250228A08TLM00,222,https://news.qq.com/rain/a/20250228A08TLM00
杨书剑掌舵，能否扭转华夏银行竞争力位次？,https://news.qq.com/rain/a/20250228A011L300,222,https://news.qq.com/rain/a/20250228A011L300
读懂IPO|耀坤液压实控人家族利益盘根错节，内控管理之路漫漫,https://news.qq.com/rain/a/20250301A035RN00,222,https://news.qq.com/rain/a/20250301A035RN00
上调评级！重仓买入！外资巨头继续加仓中国资产（附表）,https://news.qq.com/rain/a/20250228A090A800,222,https://news.qq.com/rain/a/20250228A090A800
给员工发8亿奖金，向市场募资11亿?,https://news.qq.com/rain/a/20250228A019Y500,222,https://news.qq.com/rain/a/20250228A019Y500
摩根士丹利看多保险板块 上调众安保险目标价至17.4港元,https://news.qq.com/rain/a/20250228A04K3O00,222,https://news.qq.com/rain/a/20250228A04K3O00
又一期货公司易主，国资化转身完成，山东再多一张金融牌,https://news.qq.com/rain/a/20250228A05DNN00,222,https://news.qq.com/rain/a/20250228A05DNN00
“超级牛散”开始重仓，多股进入上升通道，人形机器人赛道彻底火了,https://news.qq.com/rain/a/20250301A04I7N00,222,https://news.qq.com/rain/a/20250301A04I7N00
55岁博士行长履新，京城3家万亿银行再换防,https://news.qq.com/rain/a/20250301A01HIB00,222,https://news.qq.com/rain/a/20250301A01HIB00
媒体：“花鸭借钱”撮合用户贷款1.4w，担保费居然超3100元！,https://news.qq.com/rain/a/20250228A08M2O00,222,https://news.qq.com/rain/a/20250228A08M2O00
读懂IPO|“高端茶叶”八马茶业之高：3000家加盟商撑起半壁江山，广告宣传猛砸6亿元,https://news.qq.com/rain/a/20250228A08REK00,222,https://news.qq.com/rain/a/20250228A08REK00
“轮胎一哥”中策橡胶惊险闯关：债台高筑仍4年半分红28亿？,https://news.qq.com/rain/a/20250228A03BM100,222,https://news.qq.com/rain/a/20250228A03BM100
2024国内风电整机商吊装排名出炉：头部厂商集中，金风优势扩大,https://news.qq.com/rain/a/20250228A0825B00,222,https://news.qq.com/rain/a/20250228A0825B00
理财业绩比较基准密集下调 多元投资或是解困之法,https://news.qq.com/rain/a/20250228A00K7L00,222,https://news.qq.com/rain/a/20250228A00K7L00
读懂IPO|宇星股份募资减半仍未获批注册，主营业务或涉“限制类”产品,https://news.qq.com/rain/a/20250227A08O0300,222,https://news.qq.com/rain/a/20250227A08O0300
服装供应链产能外迁？中国企业亟待谋划全球化“新棋局”,https://news.qq.com/rain/a/20250301A01RZR00,222,https://news.qq.com/rain/a/20250301A01RZR00
又见内斗！周鸿祎学车的东方时尚驾校，董事长被前弟媳罢免了,https://news.qq.com/rain/a/20250228A05M6800,222,https://news.qq.com/rain/a/20250228A05M6800
4万亿北京银行老将杨书剑行长辞职，下一站或掌舵华夏银行,https://news.qq.com/rain/a/20250227A09SAJ00,222,https://news.qq.com/rain/a/20250227A09SAJ00
破净股的春天？16家公司发布估值提升计划 频提现金分红、并购重组,https://news.qq.com/rain/a/20250227A09X5U00,222,https://news.qq.com/rain/a/20250227A09X5U00
华致酒行利润首现亏损，63%大额分红进实控人吴向东腰包,https://news.qq.com/rain/a/20250228A0810J00,222,https://news.qq.com/rain/a/20250228A0810J00
3800亿友邦人寿迎新帅，张晓宇如何破解盈利困局？,https://news.qq.com/rain/a/20250301A056E800,222,https://news.qq.com/rain/a/20250301A056E800
读懂IPO|怪了！2024年同行普遍预亏，江南新材“让利获客”利润不减反增24%,https://news.qq.com/rain/a/20250228A08RER00,222,https://news.qq.com/rain/a/20250228A08RER00
聚势北交所，长沙上市公司董秘联谊会首季活动释放哪些信号？,https://news.qq.com/rain/a/20250228A083M000,222,https://news.qq.com/rain/a/20250228A083M000
创新药支付的新尝试,https://news.qq.com/rain/a/20250301A03EU000,222,https://news.qq.com/rain/a/20250301A03EU000
消金机构房抵贷撤退 超两万件债权“地板价”转让,https://news.qq.com/rain/a/20250301A011U200,222,https://news.qq.com/rain/a/20250301A011U200
特斯拉股价暴跌击垮韩国散户!,https://news.qq.com/rain/a/20250228A09K2U00,222,https://news.qq.com/rain/a/20250228A09K2U00
增收不增利 三一重能2024年净利率已下滑至约10.3%,https://news.qq.com/rain/a/20250228A05WW900,222,https://news.qq.com/rain/a/20250228A05WW900
家族内斗，东方时尚又换“校长”了：前妻罢免哥哥，国资董事投弃权票,https://news.qq.com/rain/a/20250227A09QJC00,222,https://news.qq.com/rain/a/20250227A09QJC00
监管绘制绿色金融发展路线图，光伏风电等领域银行应重点支持,https://news.qq.com/rain/a/20250227A09OZW00,222,https://news.qq.com/rain/a/20250227A09OZW00
刘煜辉：上证指数上半年或就能突破去年高点,https://news.qq.com/rain/a/20250228A06OOB00,222,https://news.qq.com/rain/a/20250228A06OOB00
用友业绩急坠一年两换帅 DeepSeek决胜黄陈宏翻身仗？,https://news.qq.com/rain/a/20250228A07M6C00,222,https://news.qq.com/rain/a/20250228A07M6C00
蒙牛利润暴跌九成，激进扩张患上商誉虚高“后遗症”,https://news.qq.com/rain/a/20250228A080X000,222,https://news.qq.com/rain/a/20250228A080X000
向“白酒教父”吴向东看齐，杜甫酒业要 “曲线赴港上市”？去年三季度产值仅过亿元,https://news.qq.com/rain/a/20250228A0A24O00,222,https://news.qq.com/rain/a/20250228A0A24O00
从配角到“C位”，2元产品能否助涪陵榨菜扭转业绩颓势？,https://news.qq.com/rain/a/20250228A09FNX00,222,https://news.qq.com/rain/a/20250228A09FNX00
创维黄宏生：二次创业不是选择题,https://news.qq.com/rain/a/20250301A0198X00,222,https://news.qq.com/rain/a/20250301A0198X00
普华永道：2024年并购市场同增24%，人民币私募股权势头强劲,https://news.qq.com/rain/a/20250228A083X500,222,https://news.qq.com/rain/a/20250228A083X500
生产成本上升，利润空间压缩，洽洽食品不能仅靠“嗑瓜子” | 大鱼财经,https://news.qq.com/rain/a/20250227A09MW200,222,https://news.qq.com/rain/a/20250227A09MW200
A股公司估值提升计划展现三大亮点，助力资本市场高质量发展,https://news.qq.com/rain/a/20250301A035MH00,222,https://news.qq.com/rain/a/20250301A035MH00
香港迪士尼交出开业以来最好业绩，如何扭亏为盈创利润新高？,https://news.qq.com/rain/a/20250228A06XSQ00,222,https://news.qq.com/rain/a/20250228A06XSQ00
对话刘永好：新一代企业家更能干、更敢闯,https://news.qq.com/rain/a/20250227A09SR300,222,https://news.qq.com/rain/a/20250227A09SR300
百万外卖骑手上社保，求解灵活就业者保障难题,https://news.qq.com/rain/a/20250228A06BM200,222,https://news.qq.com/rain/a/20250228A06BM200
百济神州华丽年报背后，为何不见了吴晓滨？,https://news.qq.com/rain/a/20250228A05TTV00,222,https://news.qq.com/rain/a/20250228A05TTV00
A股上市近5年亏损10亿，“氢能第一股”亿华通逆势谋并购,https://news.qq.com/rain/a/20250228A0A11H00,222,https://news.qq.com/rain/a/20250228A0A11H00
道氏技术：通过技术矩阵和生态协同推动固态电池全材料解决方案,https://news.qq.com/rain/a/20250228A09CVT00,222,https://news.qq.com/rain/a/20250228A09CVT00
特朗普2.0出师不利！亚特兰大联储预计美国一季度GDP萎缩1.5%,https://news.qq.com/rain/a/20250301A0160W00,222,https://news.qq.com/rain/a/20250301A0160W00
赴港开户热：网上代办存金融诈骗风险,https://news.qq.com/rain/a/20250301A00Z2S00,222,https://news.qq.com/rain/a/20250301A00Z2S00
悦心健康营收下滑、亏损上亿，才干2个月的总裁也离职了,https://news.qq.com/rain/a/20250228A0A5M900,222,https://news.qq.com/rain/a/20250228A0A5M900
百万年薪COO辞职，“新茶饮第一股”盈利之路为何渐行渐远？,https://news.qq.com/rain/a/20250228A05D1I00,222,https://news.qq.com/rain/a/20250228A05D1I00
美联储首选的通胀指标无意外！市场松了一口气,https://news.qq.com/rain/a/20250228A09NVJ00,222,https://news.qq.com/rain/a/20250228A09NVJ00
外资银行调整在华业务布局，积极拥抱中国市场,https://news.qq.com/rain/a/20250301A031WY00,222,https://news.qq.com/rain/a/20250301A031WY00
南方航空“A拆A”折戟，南航物流还有机会IPO吗？,https://news.qq.com/rain/a/20250228A05JR300,222,https://news.qq.com/rain/a/20250228A05JR300
蜜雪冰城上市在即，供应链故事能否打动资本市场？,https://news.qq.com/rain/a/20250228A009NF00,222,https://news.qq.com/rain/a/20250228A009NF00
巴菲特买入日本贸易公司，引发股价大涨,https://news.qq.com/rain/a/20250228A09HKY00,222,https://news.qq.com/rain/a/20250228A09HKY00
“三一系”冲出第四个IPO，高瓴资本押注！,https://news.qq.com/rain/a/20250228A04E8V00,222,https://news.qq.com/rain/a/20250228A04E8V00
韩国韩华挑战TCL投资的光伏专利,https://news.qq.com/rain/a/20250301A000DL00,222,https://news.qq.com/rain/a/20250301A000DL00
储能大变局：强制配储取消，市场驱动新时代来了,https://news.qq.com/rain/a/20250228A0259J00,222,https://news.qq.com/rain/a/20250228A0259J00
永辉超市董事会换届倒计时，叶国富将携名创高管入驻，62.7亿大并购走向收尾,https://news.qq.com/rain/a/20250227A09VCC00,222,https://news.qq.com/rain/a/20250227A09VCC00
基蛋生物输了！不准“悔婚”,https://news.qq.com/rain/a/20250228A09JG200,222,https://news.qq.com/rain/a/20250228A09JG200
至纯科技入股威顿晶磷五年迷局：突击卖出又买回，现金流困境未解｜并购一线,https://news.qq.com/rain/a/20250228A0921X00,222,https://news.qq.com/rain/a/20250228A0921X00
空缺7年，太保老将空降永安财险！开年超20家险企高管“换血”，70后占七成,https://news.qq.com/rain/a/20250227A09HRP00,222,https://news.qq.com/rain/a/20250227A09HRP00
走势图让人惊喜！现在是不是买入BABA最好的时机？,https://news.qq.com/rain/a/20250228A03L2600,222,https://news.qq.com/rain/a/20250228A03L2600
吴小平：2025 消费投资大解析,https://news.qq.com/rain/a/20250228A01ANY00,222,https://news.qq.com/rain/a/20250228A01ANY00
陈礼腾：为何国内外OTA佣金率差距如此悬殊？,https://news.qq.com/rain/a/20250227A08UQ500,222,https://news.qq.com/rain/a/20250227A08UQ500
国内最大事故车拍卖平台博车网赴港上市：复星、平安持股，两年亏超3亿,https://news.qq.com/rain/a/20250228A09W4Z00,222,https://news.qq.com/rain/a/20250228A09W4Z00
王兴兴带火丝杠，双林股份“蹭热度”背后：暂无客户、无收入,https://news.qq.com/rain/a/20250228A09LX600,222,https://news.qq.com/rain/a/20250228A09LX600
研究机构：特朗普对欧盟加征关税或致美欧经济萎缩 推高通胀,https://news.qq.com/rain/a/20250228A005QT00,222,https://news.qq.com/rain/a/20250228A005QT00
还记得1月DeepSeek冲击吗？英伟达”抄底了自己“,https://news.qq.com/rain/a/20250228A02FBB00,222,https://news.qq.com/rain/a/20250228A02FBB00
如何能让投资者安心赚钱？公募规模狂飙之后的六大显著变化,https://news.qq.com/rain/a/20250301A025FI00,222,https://news.qq.com/rain/a/20250301A025FI00
中国市场复苏，无印良品下场，低价霸主名创优品迎来强劲对手,https://news.qq.com/rain/a/20250227A09W4K00,222,https://news.qq.com/rain/a/20250227A09W4K00
黄仁勋努力给投资者吃“定心丸”,https://news.qq.com/rain/a/20250227A09Y8P00,222,https://news.qq.com/rain/a/20250227A09Y8P00
起底非法保险中介：挂咨询理赔名头 靠夸大服务诱客,https://news.qq.com/rain/a/20250301A00ZDG00,222,https://news.qq.com/rain/a/20250301A00ZDG00
国际储能电池“ABC”格局形成，竞争力护城河是如何建成的,https://news.qq.com/rain/a/20250228A07MJA00,222,https://news.qq.com/rain/a/20250228A07MJA00
再次举牌银行H股，中国平安为何争当银行股东？,https://news.qq.com/rain/a/20250228A06HZH00,222,https://news.qq.com/rain/a/20250228A06HZH00
普跌下百胜中国逆市上涨，营收破113亿新高，肯德基+必胜客两翼齐飞,https://news.qq.com/rain/a/20250228A08Q1G00,222,https://news.qq.com/rain/a/20250228A08Q1G00
民间智慧丨惜春长怕花开早,https://news.qq.com/rain/a/20250301A04KCO00,222,https://news.qq.com/rain/a/20250301A04KCO00
40%的奢侈品消费外流，AI能否成为大牌在中国市场回流的“数字引擎”？,https://news.qq.com/rain/a/20250301A04UI100,222,https://news.qq.com/rain/a/20250301A04UI100
国君新能源｜价格进入上涨通道，看好光伏向上催化,https://news.qq.com/rain/a/20250228A016QG00,222,https://news.qq.com/rain/a/20250228A016QG00
全球财富情报机构Altrata：亿万美元富豪群体崛起！马斯克等24人坐拥3.3万亿美元财富相当于法国GDP！,https://news.qq.com/rain/a/20250228A044XZ00,222,https://news.qq.com/rain/a/20250228A044XZ00
2024年业绩创新高，港交所凭什么？,https://news.qq.com/rain/a/20250228A08F9200,222,https://news.qq.com/rain/a/20250228A08F9200
外资奶粉在华销售回暖背后,https://news.qq.com/rain/a/20250227A09R1D00,222,https://news.qq.com/rain/a/20250227A09R1D00
零售巨头联手，名创优品创始人进入永辉核心决策层,https://news.qq.com/rain/a/20250228A082OK00,222,https://news.qq.com/rain/a/20250228A082OK00
AI算力芯片龙头寒武纪：2024年净利润亏超4.4亿元 首次单季度盈利,https://news.qq.com/rain/a/20250228A05HGG00,222,https://news.qq.com/rain/a/20250228A05HGG00
业绩亮“红灯”，百威亚太启动换帅,https://news.qq.com/rain/a/20250227A08YF800,222,https://news.qq.com/rain/a/20250227A08YF800
洽洽食品业绩承压，股权激励目标未达成，管理层信心受挫,https://news.qq.com/rain/a/20250228A03U4900,222,https://news.qq.com/rain/a/20250228A03U4900
泰康、平安接力入场，年内已有237亿永续债“入库”险企，资本补充新工具助加速“补血”,https://news.qq.com/rain/a/20250228A09BW800,222,https://news.qq.com/rain/a/20250228A09BW800
“川酒十朵小金花”之一潭酒传被“卖身” 营收刚突破10亿元,https://news.qq.com/rain/a/20250228A07MVL00,222,https://news.qq.com/rain/a/20250228A07MVL00
想做入境游的酒店人，被海外OTA整怕了,https://news.qq.com/rain/a/20250228A07MBL00,222,https://news.qq.com/rain/a/20250228A07MBL00
赴港上市融资 均胜电子并购“后遗症”难破,https://news.qq.com/rain/a/20250301A0185N00,222,https://news.qq.com/rain/a/20250301A0185N00
运动相机厂商影石创新IPO注册获批，曾计划变更或撤回IPO计划,https://news.qq.com/rain/a/20250227A096OW00,222,https://news.qq.com/rain/a/20250227A096OW00
除了创纪录的现金储备，巴菲特年度股东信还有四点建议备受关注,https://news.qq.com/rain/a/20250228A01IGR00,222,https://news.qq.com/rain/a/20250228A01IGR00
多家支付机构密集换将，发生了什么？,https://news.qq.com/rain/a/20250228A094M300,222,https://news.qq.com/rain/a/20250228A094M300
图解2月大事件：DeepSeek、人形机器人搅动资本市场一池春水 《哪吒2》票房大卖,https://news.qq.com/rain/a/20250228A085VE00,222,https://news.qq.com/rain/a/20250228A085VE00
君实生物亏损收窄仍有隐忧：大砍研发投入，PD-1“依赖症”加剧丨看财报,https://news.qq.com/rain/a/20250228A08BXB00,222,https://news.qq.com/rain/a/20250228A08BXB00
知名P2P平台转型干助贷：变身AI公司，资金或成难题,https://news.qq.com/rain/a/20250228A08WZZ00,222,https://news.qq.com/rain/a/20250228A08WZZ00
“每年200天飞来飞去”的保代转做董秘，行业紧缩，保代去哪？,https://news.qq.com/rain/a/20250227A0967J00,222,https://news.qq.com/rain/a/20250227A0967J00
蜜雪冰城破认购纪录，红杉高瓴等基石投资人能挣多少钱?,https://news.qq.com/rain/a/20250228A04F5G00,222,https://news.qq.com/rain/a/20250228A04F5G00
康希诺去年营收同比增超1.3倍，亏损收窄七成：流脑疫苗销量快速增长,https://news.qq.com/rain/a/20250227A093LF00,222,https://news.qq.com/rain/a/20250227A093LF00
巴菲特2025股东信：60年5万倍的增长，始于一个错误,https://news.qq.com/rain/a/20250227A09WU100,222,https://news.qq.com/rain/a/20250227A09WU100
新易盛实控人利用家族信托产品违规减持被罚，受托人建信信托难辞其咎,https://news.qq.com/rain/a/20250228A08XNV00,222,https://news.qq.com/rain/a/20250228A08XNV00
所有产品任职回报均为负，大成基金“新锐医药投资黑马”引质疑,https://news.qq.com/rain/a/20250228A01AFS00,222,https://news.qq.com/rain/a/20250228A01AFS00
野村上调网易-S目标价至194港元，重申“买入”评级,https://news.qq.com/rain/a/20250228A06TTP00,222,https://news.qq.com/rain/a/20250228A06TTP00
中国家电加速全球化进程，为何鲜有企业提及服务全球化？,https://news.qq.com/rain/a/20250228A01IAX00,222,https://news.qq.com/rain/a/20250228A01IAX00
上市公司布局信托理财苗头再起，需警惕逾期风险,https://news.qq.com/rain/a/20250228A06YRA00,222,https://news.qq.com/rain/a/20250228A06YRA00
行行有说道 | 一口气快速入门创新药,https://news.qq.com/rain/a/20250228A05XXS00,222,https://news.qq.com/rain/a/20250228A05XXS00
超17700亿港元，蜜雪冰城成港股“冻资王”,https://news.qq.com/rain/a/20250228A03LUQ00,222,https://news.qq.com/rain/a/20250228A03LUQ00
永杰新材开启申购：2024年和今年一季度业绩亮眼，两大投资亮点备受看好,https://news.qq.com/rain/a/20250228A04PUC00,222,https://news.qq.com/rain/a/20250228A04PUC00
英伟达，无近忧有远虑,https://news.qq.com/rain/a/20250227A093QZ00,222,https://news.qq.com/rain/a/20250227A093QZ00
瑞银：戴尔AI服务器需求强劲，非AI终端市场有望在2026财年复苏,https://news.qq.com/rain/a/20250228A08SUT00,222,https://news.qq.com/rain/a/20250228A08SUT00
东方雨虹2024年报：业绩承压下的财务状况剖析,https://news.qq.com/rain/a/20250228A03CB600,222,https://news.qq.com/rain/a/20250228A03CB600
电子纱提价落地，行业景气度上行可期,https://news.qq.com/rain/a/20250228A01UZE00,222,https://news.qq.com/rain/a/20250228A01UZE00
对话腾讯云副总裁胡利明：东南亚地区银行数字化升级需求迫切 中国金融科技出海需兼备“信心与能力”,https://news.qq.com/rain/a/20250228A09ABG00,222,https://news.qq.com/rain/a/20250228A09ABG00
民企人士谈投资新疆：资源禀赋好 产业潜力大,https://news.qq.com/rain/a/20250228A09IEG00,222,https://news.qq.com/rain/a/20250228A09IEG00
牵手航运巨头马士基，阿里国际站想干这件大事,https://news.qq.com/rain/a/20250228A0491B00,222,https://news.qq.com/rain/a/20250228A0491B00
百济神州年营收272亿：扣非后净亏54亿 大中华区CFO黄智离职,https://news.qq.com/rain/a/20250228A01O8500,222,https://news.qq.com/rain/a/20250228A01O8500
热衷理财和分红的冰川网络，实控人计划套现上亿元,https://news.qq.com/rain/a/20250227A09QLJ00,222,https://news.qq.com/rain/a/20250227A09QLJ00
IPO折戟 天合富家总裁张兵陷离职风波 高纪凡或任联席总裁,https://news.qq.com/rain/a/20250227A09AJN00,222,https://news.qq.com/rain/a/20250227A09AJN00
食品饮料行业卷“出海”！专家：因地制宜进行品牌塑造是难点,https://news.qq.com/rain/a/20250228A08R0B00,222,https://news.qq.com/rain/a/20250228A08R0B00
航运船舶行业观察：制裁松动或促俄油返欧，VLCC运力格局迎转折,https://news.qq.com/rain/a/20250228A0394P00,222,https://news.qq.com/rain/a/20250228A0394P00
市值一夜蒸发近两万亿元！英伟达业绩增速放缓，黄仁勋点评DeepSeek看多“算力未来”,https://news.qq.com/rain/a/20250228A0960O00,222,https://news.qq.com/rain/a/20250228A0960O00
上市、申报忙！公募“抢滩”自由现金流ETF,https://news.qq.com/rain/a/20250227A08I2L00,222,https://news.qq.com/rain/a/20250227A08I2L00
听说，投资人都打新了蜜雪冰城,https://news.qq.com/rain/a/20250228A05PU400,222,https://news.qq.com/rain/a/20250228A05PU400
东方雨虹净利润下滑95.24%，李卫国忙给合伙人“打鸡血”,https://news.qq.com/rain/a/20250228A03WC500,222,https://news.qq.com/rain/a/20250228A03WC500
拜尔斯道夫高端线承压：莱珀妮销售下滑6.2%，中国市场需求降低成主因,https://news.qq.com/rain/a/20250228A095D500,222,https://news.qq.com/rain/a/20250228A095D500
鸣鸣很忙们会是当年电商一样的新物种？,https://news.qq.com/rain/a/20250227A08SMG00,222,https://news.qq.com/rain/a/20250227A08SMG00
“AI芯片第一股”去年净亏4.43亿元，寒武纪单季度首次盈利却遭抛售｜大鱼财经,https://news.qq.com/rain/a/20250228A09Z6K00,222,https://news.qq.com/rain/a/20250228A09Z6K00
月之暗面仲裁和解未果 张予彤或面临单独诉讼,https://news.qq.com/rain/a/20250227A08S1G00,222,https://news.qq.com/rain/a/20250227A08S1G00
业绩下行变更CEO，百威亚太“降维”之战：虎口夺食次高端,https://news.qq.com/rain/a/20250227A09KT400,222,https://news.qq.com/rain/a/20250227A09KT400
首都金融圈“高管互送”3.0开启：55岁杨书剑执掌4.4万亿华夏银行,https://news.qq.com/rain/a/20250228A039WG00,222,https://news.qq.com/rain/a/20250228A039WG00
蘅东光：申报受理前1个月，保荐机构关联方突击入股｜IPO观察,https://news.qq.com/rain/a/20250228A06FV400,222,https://news.qq.com/rain/a/20250228A06FV400
恐斥资超4亿元，群兴玩具欲“吞下”天宽科技控制权,https://news.qq.com/rain/a/20250227A09JWJ00,222,https://news.qq.com/rain/a/20250227A09JWJ00
去年营收利润增长均超四成，龙迅股份部分股东却逆势减持,https://news.qq.com/rain/a/20250228A0A24N00,222,https://news.qq.com/rain/a/20250228A0A24N00
帅丰电器，从“小集成”到“大集成”,https://news.qq.com/rain/a/20250301A05EL700,222,https://news.qq.com/rain/a/20250301A05EL700
中信建投：财政总盘子测算,https://news.qq.com/rain/a/20250228A01D0O00,222,https://news.qq.com/rain/a/20250228A01D0O00
不良资产处置与贷款管理“翻车”，江西三家农商行吞下210万罚单,https://news.qq.com/rain/a/20250228A06X6P00,222,https://news.qq.com/rain/a/20250228A06X6P00
布局投顾、选股，AI能让同花顺赚到更多钱吗？,https://news.qq.com/rain/a/20250228A0507400,222,https://news.qq.com/rain/a/20250228A0507400
立信会计师事务所朱建弟：做好资本市场“守门人”,https://news.qq.com/rain/a/20250301A019H000,222,https://news.qq.com/rain/a/20250301A019H000
星邦互娱赴港IPO：年收入53亿元 流水约90%来自小游戏,https://news.qq.com/rain/a/20250228A03J0500,222,https://news.qq.com/rain/a/20250228A03J0500
“卤味一哥”绝味食品陷增长困局 近年频陷食安风波,https://news.qq.com/rain/a/20250228A07MW800,222,https://news.qq.com/rain/a/20250228A07MW800
外企在中国 | 白酒国际化进程加速，中外酒品牌如何强强联合？,https://news.qq.com/rain/a/20250228A052NU00,222,https://news.qq.com/rain/a/20250228A052NU00
荣昌生物依然亏损压身,https://news.qq.com/rain/a/20250228A06VI100,222,https://news.qq.com/rain/a/20250228A06VI100
8.82亿元诉讼背后 怡亚通的突破之路,https://news.qq.com/rain/a/20250227A09TIF00,222,https://news.qq.com/rain/a/20250227A09TIF00
【金融头条】“豪赌”AI：黑石的全球棋局,https://news.qq.com/rain/a/20250301A04BZO00,222,https://news.qq.com/rain/a/20250301A04BZO00
摩根资产管理杜猛：拉长视角投资科技，关注AI技术的突破和应用,https://news.qq.com/rain/a/20250228A0510W00,222,https://news.qq.com/rain/a/20250228A0510W00
315策划|中通快递违规投递成常态，上榜胡润500强排名降22位，圆通上升52位,https://news.qq.com/rain/a/20250227A08TFL00,222,https://news.qq.com/rain/a/20250227A08TFL00
益智：非ST退市公司也应“全链条追责”,https://news.qq.com/rain/a/20250301A046BR00,222,https://news.qq.com/rain/a/20250301A046BR00
有友食品整体表现仍然疲软，投资理财偏好引发质疑,https://news.qq.com/rain/a/20250228A03VQ400,222,https://news.qq.com/rain/a/20250228A03VQ400
解码平台公司隐债清零路径,https://news.qq.com/rain/a/20250301A011U400,222,https://news.qq.com/rain/a/20250301A011U400
净利润降7成，“0元购”能重振东微半导吗？,https://news.qq.com/rain/a/20250227A0941U00,222,https://news.qq.com/rain/a/20250227A0941U00
大禹节水：慧图科技自2020年12月起并入财报，利润贡献逐年上升,https://news.qq.com/rain/a/20250228A05V2W00,222,https://news.qq.com/rain/a/20250228A05V2W00
AI重构ESG能源革命新范式，中国锚定全球碳中和话语权,https://news.qq.com/rain/a/20250228A019PI00,222,https://news.qq.com/rain/a/20250228A019PI00
因业绩与战略原因，东方时尚董事长徐劲松被罢免，公司预亏或超6.2亿,https://news.qq.com/rain/a/20250227A08V1E00,222,https://news.qq.com/rain/a/20250227A08V1E00
千元包袋淘品牌“古良吉吉”密集进入高端商场,https://news.qq.com/rain/a/20250228A08MIY00,222,https://news.qq.com/rain/a/20250228A08MIY00
百亿耐心资本如何让民企“敢闯敢试”？,https://news.qq.com/rain/a/20250227A08NVF00,222,https://news.qq.com/rain/a/20250227A08NVF00
不止T0算法，券商还推这些智能交易工具！帮助投资“反脆弱”，效果如何？,https://news.qq.com/rain/a/20250227A09CW600,222,https://news.qq.com/rain/a/20250227A09CW600
竞逐「天空之城」，成都靠什么出圈？｜36氪产业带计划,https://news.qq.com/rain/a/20250228A06PU400,222,https://news.qq.com/rain/a/20250228A06PU400
计划5年成为行业500强的东方生物头两年亏了10个亿,https://news.qq.com/rain/a/20250228A05VJ200,222,https://news.qq.com/rain/a/20250228A05VJ200
OTA集中发财报，携程佣金率仅国外平台的1/3,https://news.qq.com/rain/a/20250228A08YDY00,222,https://news.qq.com/rain/a/20250228A08YDY00
行业观察｜技术基建双引擎，SHEIN往供应链深处去,https://news.qq.com/rain/a/20250228A05TQC00,222,https://news.qq.com/rain/a/20250228A05TQC00
股价下挫、佣金争议、利润承压，携程“稳中带忧”,https://news.qq.com/rain/a/20250228A06CHD00,222,https://news.qq.com/rain/a/20250228A06CHD00
左手文和友、右手天图资本 紫燕百味鸡“双线出击”做投资,https://news.qq.com/rain/a/20250227A08ZTK00,222,https://news.qq.com/rain/a/20250227A08ZTK00
科沃斯：自称“添可”定位高端品牌背后 淘宝店铺多款产品售价或低于“低端线”,https://news.qq.com/rain/a/20250228A09ITV00,222,https://news.qq.com/rain/a/20250228A09ITV00
【华创策略姚佩】高屋建瓴：自由现金流对比红利——自由现金流资产系列9,https://news.qq.com/rain/a/20250228A08R5I00,222,https://news.qq.com/rain/a/20250228A08R5I00
无酒精饮料能否重做酒水行业，成为下一个“零糖汽水”？,https://news.qq.com/rain/a/20250228A07LTY00,222,https://news.qq.com/rain/a/20250228A07LTY00
全国人大代表栾俊：建议出台房屋安全鉴定专项管理办法,https://news.qq.com/rain/a/20250301A01GUL00,222,https://news.qq.com/rain/a/20250301A01GUL00
“卖铲人”急救“淘金人”！润阳股份化债9亿谋求起死回生,https://news.qq.com/rain/a/20250228A08NK300,222,https://news.qq.com/rain/a/20250228A08NK300
“燕窝第一股”预计盈利下滑，燕之屋能否靠新动作“破局”？,https://news.qq.com/rain/a/20250227A08TWW00,222,https://news.qq.com/rain/a/20250227A08TWW00
麦当劳“CFC”指向老对手？快餐行业品牌鏖战正酣,https://news.qq.com/rain/a/20250301A018GS00,222,https://news.qq.com/rain/a/20250301A018GS00
一年重振旗鼓却业绩平平，曾经的华尔街云数仓“宠儿”仍未实现软着陆 | 看财报,https://news.qq.com/rain/a/20250228A06NIK00,222,https://news.qq.com/rain/a/20250228A06NIK00
九阳「破壁」，在于握紧颠覆精神？,https://news.qq.com/rain/a/20250228A02PEJ00,222,https://news.qq.com/rain/a/20250228A02PEJ00
又见个人业务转让！外资银行在华战略调整提速,https://news.qq.com/rain/a/20250228A06OAW00,222,https://news.qq.com/rain/a/20250228A06OAW00
单店收入减少、活跃会员下滑……半年挣6亿的江南布衣也有烦恼,https://news.qq.com/rain/a/20250228A09WDM00,222,https://news.qq.com/rain/a/20250228A09WDM00
扣非净利下降近六成后，烧钱开“大店”能救太平鸟？,https://news.qq.com/rain/a/20250228A03CR000,222,https://news.qq.com/rain/a/20250228A03CR000
i云保“飞单”风波下的高额佣金,https://news.qq.com/rain/a/20250228A03DJL00,222,https://news.qq.com/rain/a/20250228A03DJL00
鲁政委：负carry下银行金融投资的报表摆布策略,https://news.qq.com/rain/a/20250228A06OOV00,222,https://news.qq.com/rain/a/20250228A06OOV00
光伏银浆企业普遍承压 帝科股份2024年增收不增利 |财报解读,https://news.qq.com/rain/a/20250228A01C6100,222,https://news.qq.com/rain/a/20250228A01C6100
【华创食饮】涪陵榨菜：Q4略低预期，经营积极求变,https://news.qq.com/rain/a/20250228A04RYH00,222,https://news.qq.com/rain/a/20250228A04RYH00
冲刺5万家门店 库迪、瑞幸“掰手腕”,https://news.qq.com/rain/a/20250301A018S800,222,https://news.qq.com/rain/a/20250301A018S800
中国OTA行业升维战：佣金背后的效率革命与生态共赢,https://news.qq.com/rain/a/20250228A0A4BA00,222,https://news.qq.com/rain/a/20250228A0A4BA00
大华银行启示录，逆周期下银行如何打破瓶颈,https://news.qq.com/rain/a/20250301A02V6N00,222,https://news.qq.com/rain/a/20250301A02V6N00
【招银观点】境外美股承压，境内股好于债——招商银行研究院机构观点（2025年3月）,https://news.qq.com/rain/a/20250228A08I9400,222,https://news.qq.com/rain/a/20250228A08I9400
对话未来商业｜地上铁创始人张海莹：数智化是新能源物流决胜点 计划探索海外业务,https://news.qq.com/rain/a/20250228A08ZLK00,222,https://news.qq.com/rain/a/20250228A08ZLK00
沈鹏：水滴水守AI保险专家升级 打造保险领域DeepSeek,https://news.qq.com/rain/a/20250228A06X5900,222,https://news.qq.com/rain/a/20250228A06X5900
财经深一度|慈善信托规模创新高，透视财富管理如何向“善”而行？,https://news.qq.com/rain/a/20250228A07QVU00,222,https://news.qq.com/rain/a/20250228A07QVU00
蒙商银行同业存单发行260亿，不良率2.09%，资产利润率仅行业均值一半，成本收入比却为2倍之高,https://news.qq.com/rain/a/20250228A05CLB00,222,https://news.qq.com/rain/a/20250228A05CLB00
华兴证券高层巨变，业绩连亏困局仍待破,https://news.qq.com/rain/a/20250228A0A4OR00,222,https://news.qq.com/rain/a/20250228A0A4OR00
资金热捧科技赛道，多只细分主题ETF规模劲增,https://news.qq.com/rain/a/20250228A01KLK00,222,https://news.qq.com/rain/a/20250228A01KLK00
“债主变股东”润阳化债9亿，对赌要求在规定时间前上市,https://news.qq.com/rain/a/20250228A023YQ00,222,https://news.qq.com/rain/a/20250228A023YQ00
中意财险独资后再增资，“外来和尚”能念好“中国经”吗？,https://news.qq.com/rain/a/20250228A05GKE00,222,https://news.qq.com/rain/a/20250228A05GKE00
济人药业IPO折戟背后，暴露销售费高企、毛利率下滑等问题,https://news.qq.com/rain/a/20250227A09F7100,222,https://news.qq.com/rain/a/20250227A09F7100
土拍里的房企掠影，龙湖联合体斥超18亿元连下两城,https://news.qq.com/rain/a/20250228A04UWX00,222,https://news.qq.com/rain/a/20250228A04UWX00
专访富滇银行数字金融中心主任赵理明：DeepSeek助力中小银行获取先进的算法资源，用“小场景、深融合、快迭代”的思路构建非对称竞争优势,https://news.qq.com/rain/a/20250228A08CP900,222,https://news.qq.com/rain/a/20250228A08CP900
专访路博润亚太区副总裁刘茂树：拥抱AI、聚焦中国市场,https://news.qq.com/rain/a/20250301A04TI400,222,https://news.qq.com/rain/a/20250301A04TI400
邢翼腾：持续强化自律与创新，真正跨越行业周期,https://news.qq.com/rain/a/20250228A02GCA00,222,https://news.qq.com/rain/a/20250228A02GCA00
基蛋生物公告涉诉二审判决，将支付超3000万元股权收购款？,https://news.qq.com/rain/a/20250228A05HME00,222,https://news.qq.com/rain/a/20250228A05HME00
应收账款逾期率高企、专利诉讼缠身 汉邦科技还有多少上市“拦路虎”,https://news.qq.com/rain/a/20250228A09UL600,222,https://news.qq.com/rain/a/20250228A09UL600
银行频发“纳贤令”，岗位职责要求“一专多能”,https://news.qq.com/rain/a/20250228A01PXU00,222,https://news.qq.com/rain/a/20250228A01PXU00
IPO雷达｜“非洲纸尿裤一哥”乐舒适冲港股：关联交易频繁，产能利用率低还要大扩产,https://news.qq.com/rain/a/20250228A057D400,222,https://news.qq.com/rain/a/20250228A057D400
《中国金融》｜农村信用体系建设助力金融健康,https://news.qq.com/rain/a/20250228A03LC600,222,https://news.qq.com/rain/a/20250228A03LC600
弘景光电IPO：与影石创新供销额不等，研发费率低，关联交易被问询,https://news.qq.com/rain/a/20250228A0A5GE00,222,https://news.qq.com/rain/a/20250228A0A5GE00
创新出海逻辑持续得到验证，创新药ETF规模屡创新高，备受关注！,https://news.qq.com/rain/a/20250228A02EUO00,222,https://news.qq.com/rain/a/20250228A02EUO00
友瞰中国 | 百事李友林：当绿色加速器带动生态链“飞轮”旋转，星星之火可以燎原,https://news.qq.com/rain/a/20250228A0040X00,222,https://news.qq.com/rain/a/20250228A0040X00
极米科技“中国投影第一股”光环褪色？财报暗藏多重危机,https://news.qq.com/rain/a/20250228A02TR300,222,https://news.qq.com/rain/a/20250228A02TR300
50.2%！2月制造业PMI回升明显，专家：3月PMI有望继续保持在扩张区间,https://news.qq.com/rain/a/20250301A05PLQ00,222,https://news.qq.com/rain/a/20250301A05PLQ00
益诺思上市首年业绩“变脸”,https://news.qq.com/rain/a/20250228A06RK000,222,https://news.qq.com/rain/a/20250228A06RK000
刚果（金）暂停钴出口四个月，以应对“全球供应过剩”，对中国钴企影响几何？,https://news.qq.com/rain/a/20250227A08HSQ00,222,https://news.qq.com/rain/a/20250227A08HSQ00
阳光电源赵为：未来光储融合发展有十大技术焦点,https://news.qq.com/rain/a/20250227A091NH00,222,https://news.qq.com/rain/a/20250227A091NH00
新消费观察丨星巴克中国再次被曝有意出售股权，业内人士认为此举有望带来多方面的积极影响,https://news.qq.com/rain/a/20250228A05IUR00,222,https://news.qq.com/rain/a/20250228A05IUR00
美迪西（688202.SH）发布2024年业绩快报：AI+CRO赋能研发，行业低谷或迎复苏信号,https://news.qq.com/rain/a/20250228A061DJ00,222,https://news.qq.com/rain/a/20250228A061DJ00
小游戏先驱欲IPO，但《天剑奇缘》、《九州岛仙剑传》进入衰退期，持续造血能力存疑,https://news.qq.com/rain/a/20250228A07RCZ00,222,https://news.qq.com/rain/a/20250228A07RCZ00
洋洋大观｜潮玩出海 国风C位,https://news.qq.com/rain/a/20250228A03DXL00,222,https://news.qq.com/rain/a/20250228A03DXL00
演出市场如何乘势而上,https://news.qq.com/rain/a/20250301A01E9P00,222,https://news.qq.com/rain/a/20250301A01E9P00
招商宏观：看松资金面的三个理由,https://news.qq.com/rain/a/20250228A01HC200,222,https://news.qq.com/rain/a/20250228A01HC200
转错81万亿美元？花旗集团出现史上最大“乌龙指”！,https://news.qq.com/rain/a/20250228A09ID400,222,https://news.qq.com/rain/a/20250228A09ID400
英伟达全年营收9474亿破纪录 市值却一夜蒸发近2万亿元,https://news.qq.com/rain/a/20250228A09IL000,222,https://news.qq.com/rain/a/20250228A09IL000
三一重工再谋赴港上市 工程机械龙头如何重拾高光时刻,https://news.qq.com/rain/a/20250301A013NM00,222,https://news.qq.com/rain/a/20250301A013NM00
特朗普政策带来变数 欧洲央行降息前景不确定性增加,https://news.qq.com/rain/a/20250228A0989400,222,https://news.qq.com/rain/a/20250228A0989400
香港开源节流：公务员冻薪、开放篮球博彩和增加发债,https://news.qq.com/rain/a/20250301A03NF900,222,https://news.qq.com/rain/a/20250301A03NF900
晶科能源利润暴跌98%，产品价格压力加剧,https://news.qq.com/rain/a/20250228A05ATJ00,222,https://news.qq.com/rain/a/20250228A05ATJ00
接连举牌 险资争当银行股东原因何在？,https://news.qq.com/rain/a/20250301A0128A00,222,https://news.qq.com/rain/a/20250301A0128A00
政策红利+金融创新双轮驱动 银行挖潜50万亿消费市场,https://news.qq.com/rain/a/20250301A010LX00,222,https://news.qq.com/rain/a/20250301A010LX00
（财经天下）大选后的德国经济焦虑,https://news.qq.com/rain/a/20250301A04C4N00,222,https://news.qq.com/rain/a/20250301A04C4N00
“药明系”投资人跨界创业 管线“卖了”4亿美元的映恩生物再冲港股IPO,https://news.qq.com/rain/a/20250228A090VL00,222,https://news.qq.com/rain/a/20250228A090VL00
外企、民企返场抢地 楼市“金三”行情初显,https://news.qq.com/rain/a/20250301A0130G00,222,https://news.qq.com/rain/a/20250301A0130G00
AI暖风吹向存储环节？机构：NAND有望Q2起涨 模组环节将迎利润拐点,https://news.qq.com/rain/a/20250228A026VE00,222,https://news.qq.com/rain/a/20250228A026VE00
营收暴涨78%+展望强劲，英伟达漂亮财报能引燃股价吗？,https://news.qq.com/rain/a/20250228A03NVW00,222,https://news.qq.com/rain/a/20250228A03NVW00
日本央行行长在G-20会议上态度谨慎 重申购买债券的可能性,https://news.qq.com/rain/a/20250228A01IWF00,222,https://news.qq.com/rain/a/20250228A01IWF00
乘风“以旧换新”政策 家居行业抢攻改善型需求,https://news.qq.com/rain/a/20250301A013BC00,222,https://news.qq.com/rain/a/20250301A013BC00
良性竞争从“反内卷”开始,https://news.qq.com/rain/a/20250301A01LWO00,222,https://news.qq.com/rain/a/20250301A01LWO00
外资行中国业务版图生变,https://news.qq.com/rain/a/20250228A04TZP00,222,https://news.qq.com/rain/a/20250228A04TZP00
"映恩生物港股IPO:核心产品尚处临床阶段,面临开发及商业化风险",https://news.qq.com/rain/a/20250227A09PPO00,222,https://news.qq.com/rain/a/20250227A09PPO00
推动AIC股权投资试点有序扩围有三大意义,https://news.qq.com/rain/a/20250228A01COL00,222,https://news.qq.com/rain/a/20250228A01COL00
