专题LPL一天之内，诞生三大历史纪录！TES完成华丽复仇，开启狩猎模式,https://news.qq.com/rain/a/UTR2025011200552700,222,https://news.qq.com/rain/a/UTR2025011200552700
专题TESvsAL决赛速看G4：一穿五！JackeyLove眼神坚毅锁下德莱文！369奎桑提逆风血C震撼全场！2025LPL第一赛段,https://news.qq.com/rain/a/UTR2025011200558100,222,https://news.qq.com/rain/a/UTR2025011200558100
专题狼队3-1TES，归期猛猛干，一笙朵莉亚开团，黄超洗久酷失误,https://news.qq.com/rain/a/UTR2025021200327100,222,https://news.qq.com/rain/a/UTR2025021200327100
EDGM零封JDG进S组，初晨首次登场，句号秀不起来，誓约上场有乐子,https://news.qq.com/rain/a/20250301A07AT600,222,https://news.qq.com/rain/a/20250301A07AT600
昨天TES夺冠，369与jackeylove把多少人看懵了？两人同时闪现向前2打4，看得观众都一脸问号,https://news.qq.com/rain/a/20250302V03JVR00,222,https://news.qq.com/rain/a/20250302V03JVR00
概念神传说不再，EDG无畏契约分部BO5七连胜被终结,https://news.qq.com/rain/a/20250301A07RP400,222,https://news.qq.com/rain/a/20250301A07RP400
曼谷大师赛：EDG 1-3不敌T1止步败决，获赛事季军,https://news.qq.com/rain/a/20250301A07PYQ00,222,https://news.qq.com/rain/a/20250301A07PYQ00
一诺四连超凡也救不了AG，AG问题很大北诗成破绽,https://news.qq.com/rain/a/20250301V00L3100,222,https://news.qq.com/rain/a/20250301V00L3100
TES决赛夺冠JKL却被骂惨！AL中单黑历史被挖出，这种选手不配夺冠,https://news.qq.com/rain/a/20250301A07W8800,222,https://news.qq.com/rain/a/20250301A07W8800
TES一穿五晋级先锋赛Tabe好揪心 369和kanavi贴脸开大AL经理 UZI分析TES晋级比AL更好,https://news.qq.com/rain/a/20250302V00HP700,222,https://news.qq.com/rain/a/20250302V00HP700
TES创纪录1穿5夺冠！FMVP引争议，JKL高情商破离间计,https://news.qq.com/rain/a/20250301A07XB800,222,https://news.qq.com/rain/a/20250301A07XB800
为什么落地都抢AKM？有3个无解优势，没配件也能把把乱杀,https://news.qq.com/rain/a/20250301V028CR00,222,https://news.qq.com/rain/a/20250301V028CR00
海外网友热议TES夺冠：Homme彻底改变了TES！更看好HLE赢下先锋赛,https://news.qq.com/rain/a/20250301A07LTS00,222,https://news.qq.com/rain/a/20250301A07LTS00
TES3-1战胜AL夺得优胜者，哥哥伟大无需多言，再选德莱文击败AL,https://news.qq.com/rain/a/20250301V082CN00,222,https://news.qq.com/rain/a/20250301V082CN00
Bin彻底沦为小丑！奎桑提BUG事件反转，ZDZ复盘：高地那波没有BUG,https://news.qq.com/rain/a/20250302A02IHY00,222,https://news.qq.com/rain/a/20250302A02IHY00
电竞俱乐部兼职帮助 近4000名“网瘾少年”戒网瘾 不信自己做不了职业选手 来了之后心服口服,https://news.qq.com/rain/a/20250227V09QVN00,222,https://news.qq.com/rain/a/20250227V09QVN00
LGD2-3RW，却锁定S组名额，小落替晨风遗憾，fly直言有信心冲S组,https://news.qq.com/rain/a/20250228V089EO00,222,https://news.qq.com/rain/a/20250228V089EO00
AG 对抗路天才北诗纪录片，全能替补 AG 缺啥补啥,https://news.qq.com/rain/a/20250228V09KDN00,222,https://news.qq.com/rain/a/20250228V09KDN00
DYG开赛五连败！小轩被换无法理解，白毛直言太难了，佩恩灵性偷家,https://news.qq.com/rain/a/20250302V05SY800,222,https://news.qq.com/rain/a/20250302V05SY800
球球分享和偶像nats的趣事：本来想抄一手他的设置,https://news.qq.com/rain/a/20250228V004AS00,222,https://news.qq.com/rain/a/20250228V004AS00
北诗对抗路首秀AG猝死团灭，一诺长生表示带不动队伍,https://news.qq.com/rain/a/20250228V09WBY00,222,https://news.qq.com/rain/a/20250228V09WBY00
TES3-1JDG，从来没见过这么C的369,https://news.qq.com/rain/a/20250301V082CL00,222,https://news.qq.com/rain/a/20250301V082CL00
TES首局集锦：Kanavi蔚勇敢出击，TES首局大胜AL,https://news.qq.com/rain/a/20250301V06P0G00,222,https://news.qq.com/rain/a/20250301V06P0G00
难言x：测评9100电竞，打手让我躲起来刷视频就行？,https://news.qq.com/rain/a/20250216V05MC800,222,https://news.qq.com/rain/a/20250216V05MC800
深度解析：ACE32和蜜獾，谁才是你的最佳选择？,https://news.qq.com/rain/a/20250211V02O4100,222,https://news.qq.com/rain/a/20250211V02O4100
eStar3-2DYG，坦然被SK骂了，钎城想冲出B组，花海建议白毛上场,https://news.qq.com/rain/a/20250228V09H8I00,222,https://news.qq.com/rain/a/20250228V09H8I00
AG2-3KLG，北诗首秀单杀云顶，一诺连续掉点，想进S组有点难，长生保持自信,https://news.qq.com/rain/a/20250301V00J4N00,222,https://news.qq.com/rain/a/20250301V00J4N00
一诺被针对AG顺风被打崩，轩染：让我上场打爆他们,https://news.qq.com/rain/a/20250301V00L2O00,222,https://news.qq.com/rain/a/20250301V00L2O00
AG2比3憾负KLG，真别骂北诗，转会期埋下的隐患，终究还是爆发了，好在AG还有转机，仍旧有进S组的机会！,https://news.qq.com/rain/a/20250301V01PQO00,222,https://news.qq.com/rain/a/20250301V01PQO00
【枫桥夜泊】竞技场预览,https://news.qq.com/rain/a/20250228V04JW100,222,https://news.qq.com/rain/a/20250228V04JW100
版本答案！职业选手都在用的3把萌新机枪，上手秒变大神！,https://news.qq.com/rain/a/20250216V02FCB00,222,https://news.qq.com/rain/a/20250216V02FCB00
TES一穿五夺冠 红米真会调教369 哥哥FMVP发言太伟大,https://news.qq.com/rain/a/20250301V07RYY00,222,https://news.qq.com/rain/a/20250301V07RYY00
狼队晋级S组大魔王回归，滔搏被碾压狼队真崛起,https://news.qq.com/rain/a/20250301V07WO300,222,https://news.qq.com/rain/a/20250301V07WO300
在属于我的场地，我亦能闪闪发光,https://news.qq.com/rain/a/20250301V035VS00,222,https://news.qq.com/rain/a/20250301V035VS00
曼谷大师赛败决：T1连得7分上演大逆转，EDG暂0-2落后,https://news.qq.com/rain/a/20250301V075M800,222,https://news.qq.com/rain/a/20250301V075M800
Delight之后，小花生的脱口秀,https://news.qq.com/rain/a/20250108V0A09C00,222,https://news.qq.com/rain/a/20250108V0A09C00
TES第三局集锦：Crisp芮尔一锤定音，TES大胜拿下赛点,https://news.qq.com/rain/a/20250301V076YE00,222,https://news.qq.com/rain/a/20250301V076YE00
AG的三连冠，莫非要断送在自己手中？猫神再次透露轩染伤情，打不赢情久，AG很可能万劫不复！,https://news.qq.com/rain/a/20250302V03T5D00,222,https://news.qq.com/rain/a/20250302V03T5D00
钟意无视防御塔碾压KLG，一诺后期接管指挥AG爆发,https://news.qq.com/rain/a/20250228V0A30T00,222,https://news.qq.com/rain/a/20250228V0A30T00
TES战胜AL，获得第一赛段冠军！网友：一穿五，滔搏做到了,https://news.qq.com/rain/a/20250301V07ONU00,222,https://news.qq.com/rain/a/20250301V07ONU00
JKL稳到令人难以置信？六神零阵亡女枪，看得Uzi心痒：杰克爱把号发我！,https://news.qq.com/rain/a/20250301V06RWX00,222,https://news.qq.com/rain/a/20250301V06RWX00
【赛事速递】济南RW侠状态火热获得胜利 深圳KLG鏖战终章赢得比赛,https://news.qq.com/rain/a/20250301V00YHZ00,222,https://news.qq.com/rain/a/20250301V00YHZ00
Doinb锐评Bin甩锅BUG言论被喷惨羡慕坏，解释原因喊话网友别喷bin哥都来冲我，大主播的职业态度！,https://news.qq.com/rain/a/20250301V0391700,222,https://news.qq.com/rain/a/20250301V0391700
LPL高光时刻：奎桑提游龙逃生，TES晋级全球先锋赛,https://news.qq.com/rain/a/20250302V02F7R00,222,https://news.qq.com/rain/a/20250302V02F7R00
369奎桑提一己之力拯救tes，Uzi被折服了：他一定是mvp,https://news.qq.com/rain/a/20250302V012WB00,222,https://news.qq.com/rain/a/20250302V012WB00
一镜到底，带你体验TES夺得优胜者瞬间,https://news.qq.com/rain/a/20250302V02GKG00,222,https://news.qq.com/rain/a/20250302V02GKG00
369：很喜欢Bin哥的一句话，一穿五让大家看到我们的实力,https://news.qq.com/rain/a/20250302V00MMO00,222,https://news.qq.com/rain/a/20250302V00MMO00
EDGM3比0轻取JDG，至此第一组终于迎来真正的大结局,https://news.qq.com/rain/a/20250301V05SVC00,222,https://news.qq.com/rain/a/20250301V05SVC00
【赛事速递】上海EDG.M气势如虹获得胜利 苏州KSG势如破竹轻松取胜,https://news.qq.com/rain/a/20250301V082O700,222,https://news.qq.com/rain/a/20250301V082O700
bin刀妹被对手连体到超鬼，被队友贴脸嘲讽“不如t1”,https://news.qq.com/rain/a/20250301V012EI00,222,https://news.qq.com/rain/a/20250301V012EI00
2025年K甲春季赛（常规赛第一轮）WEEK3 DAY1 天鹿 vs 郑州MTG_4,https://news.qq.com/rain/a/20250301V0678800,222,https://news.qq.com/rain/a/20250301V0678800
决胜局被爆，FNC连续逆转MKOI晋级,https://news.qq.com/rain/a/20250301V04QZV00,222,https://news.qq.com/rain/a/20250301V04QZV00
赛后采访TES全队：感觉运气挺好的每年的队友都挺好,https://news.qq.com/rain/a/20250301V07KU400,222,https://news.qq.com/rain/a/20250301V07KU400
2025年K甲春季赛（常规赛第一轮）WEEK3 DAY1 JLY vs 东莞WZ_3,https://news.qq.com/rain/a/20250301V07C9100,222,https://news.qq.com/rain/a/20250301V07C9100
长沙TES.A.深巅（张嘉俊）：有的，当时巅峰赛天天玩野核还被角哥（张角-周宇）喷,https://news.qq.com/rain/a/20250301V07XR100,222,https://news.qq.com/rain/a/20250301V07XR100
2025年K甲春季赛（常规赛第一轮）WEEK3 DAY2 九江TKL vs 常山UUG_1,https://news.qq.com/rain/a/20250302V049ZB00,222,https://news.qq.com/rain/a/20250302V049ZB00
iG官方分享Daeny教练庆生视频：全员一起唱生日歌,https://news.qq.com/rain/a/20250211V07Q5G00,222,https://news.qq.com/rain/a/20250211V07Q5G00
小悠米爆发，单局拿下四杀,https://news.qq.com/rain/a/20250228V098Q700,222,https://news.qq.com/rain/a/20250228V098Q700
2025年K甲春季赛（常规赛第一轮）WEEK3 DAY2 WST vs 无锡TCG_3,https://news.qq.com/rain/a/20250302V05MZY00,222,https://news.qq.com/rain/a/20250302V05MZY00
阿bin最清醒的一集,https://news.qq.com/rain/a/20250301V03VFB00,222,https://news.qq.com/rain/a/20250301V03VFB00
BLG被翻盘是因为BUG？Bin深夜发视频喊冤，去外网叫拳头官方赶紧修复！,https://news.qq.com/rain/a/20250228V04JB700,222,https://news.qq.com/rain/a/20250228V04JB700
2025年K甲春季赛（常规赛第一轮）WEEK3 DAY1 JLY vs 东莞WZ_2,https://news.qq.com/rain/a/20250301V07AD700,222,https://news.qq.com/rain/a/20250301V07AD700
深圳DYG小名：B组打依旧有希望！我们会进步的,https://news.qq.com/rain/a/20250302V05MI300,222,https://news.qq.com/rain/a/20250302V05MI300
2025年K甲春季赛（常规赛第一轮）WEEK3 DAY2 九江TKL vs 常山UUG_3,https://news.qq.com/rain/a/20250302V04NFO00,222,https://news.qq.com/rain/a/20250302V04NFO00
为什么ACE32的水平后座力很大？光子用意不简单！,https://news.qq.com/rain/a/20250220V01RAB00,222,https://news.qq.com/rain/a/20250220V01RAB00
成都AG超玩会.长生（谢承峻）：我觉得尽力打好自己的吧，第二轮不管是A组还是S组我们都能杀回来,https://news.qq.com/rain/a/20250301V00GZP00,222,https://news.qq.com/rain/a/20250301V00GZP00
无畏被送进 B 组 JDG 难崩，初晨首战 EDG 零封进 S 组,https://news.qq.com/rain/a/20250301V069HM00,222,https://news.qq.com/rain/a/20250301V069HM00
小九状态火热，单局拿下三杀,https://news.qq.com/rain/a/20250228V09H2E00,222,https://news.qq.com/rain/a/20250228V09H2E00
第三组乱不乱，AG说了算？,https://news.qq.com/rain/a/20250301V03NIA00,222,https://news.qq.com/rain/a/20250301V03NIA00
estar3比2DYG锁定A组，第一组只剩下一个悬念：EDGM跟WE谁进S组？,https://news.qq.com/rain/a/20250228V096AZ00,222,https://news.qq.com/rain/a/20250228V096AZ00
Tabe 教练直言输了就是 BP 做的不够好，希望 TES 先锋赛加油,https://news.qq.com/rain/a/20250301V082CS00,222,https://news.qq.com/rain/a/20250301V082CS00
Bin采访引发众怒，涵艺直言是扶不起的阿斗,https://news.qq.com/rain/a/20250301V011WG00,222,https://news.qq.com/rain/a/20250301V011WG00
2025年K甲春季赛（常规赛第一轮）WEEK3 DAY2 九江TKL vs 常山UUG_2,https://news.qq.com/rain/a/20250302V04GBW00,222,https://news.qq.com/rain/a/20250302V04GBW00
2025年K甲春季赛（常规赛第一轮）WEEK3 DAY1 XYG vs 常山UUG_2,https://news.qq.com/rain/a/20250301V06S1100,222,https://news.qq.com/rain/a/20250301V06S1100
武汉eStarPro.清融（黄垚钦）、武汉eStarPro.SK（宋季泽）：骂他呀，新人要勇敢去打，老人要稳定,https://news.qq.com/rain/a/20250228V09AZJ00,222,https://news.qq.com/rain/a/20250228V09AZJ00
2025年K甲春季赛（常规赛第一轮）WEEK3 DAY1 九江TKL vs LTG_1,https://news.qq.com/rain/a/20250301V04NE600,222,https://news.qq.com/rain/a/20250301V04NE600
西安WE开心：选秀顺位并没有那么重要，机会更重要！,https://news.qq.com/rain/a/20250302V05RWG00,222,https://news.qq.com/rain/a/20250302V05RWG00
【赛后采访 WEEK3 DAY1 天鹿 vs 郑州MTG】,https://news.qq.com/rain/a/20250301V067RG00,222,https://news.qq.com/rain/a/20250301V067RG00
北京JDG.誓约（姚嘉鹏）：就可能敢打一点吧，有包袱的话可能就不太敢上,https://news.qq.com/rain/a/20250301V06A9500,222,https://news.qq.com/rain/a/20250301V06A9500
2025年K甲春季赛（常规赛第一轮）WEEK3 DAY1 九江TKL vs LTG_4,https://news.qq.com/rain/a/20250301V059NK00,222,https://news.qq.com/rain/a/20250301V059NK00
2025年K甲春季赛（常规赛第一轮）WEEK3 DAY2 WST vs 无锡TCG_2,https://news.qq.com/rain/a/20250302V05FHQ00,222,https://news.qq.com/rain/a/20250302V05FHQ00
今年阿水和369让人很陌生，网友：没见过如此有纪律性的TES,https://news.qq.com/rain/a/20250301V082CK00,222,https://news.qq.com/rain/a/20250301V082CK00
Zdz看Bin奎桑提W被吞：这是bug，W有两个bug,https://news.qq.com/rain/a/20250228V07AXD00,222,https://news.qq.com/rain/a/20250228V07AXD00
Zdz谈Bin奎桑提Bug，有时候确实会吞W，但高地那波是刘青松玩的好,https://news.qq.com/rain/a/20250228V05TF000,222,https://news.qq.com/rain/a/20250228V05TF000
2025年K甲春季赛（常规赛第一轮）WEEK3 DAY1 XYG vs 常山UUG_3,https://news.qq.com/rain/a/20250301V06TW300,222,https://news.qq.com/rain/a/20250301V06TW300
AL这赛季表现已经够好了，网友：可惜圣枪哥不能见到Viper,https://news.qq.com/rain/a/20250302V009UD00,222,https://news.qq.com/rain/a/20250302V009UD00
原来与职业的差距不仅仅是技术,https://news.qq.com/rain/a/20250228V093X000,222,https://news.qq.com/rain/a/20250228V093X000
球球再现精彩残局五发戍卫1V3,https://news.qq.com/rain/a/20250228V08SNJ00,222,https://news.qq.com/rain/a/20250228V08SNJ00
久违阿水可以说这么多话，网友：TES今年感觉强的可怕！,https://news.qq.com/rain/a/20250302V0099K00,222,https://news.qq.com/rain/a/20250302V0099K00
深圳DYG.钎城（周诣涛）：（目标）冲出B组,https://news.qq.com/rain/a/20250228V09AHM00,222,https://news.qq.com/rain/a/20250228V09AHM00
相爱相杀，英雄相惜？Trent“期待与EDG的总决赛！”,https://news.qq.com/rain/a/20250301V04FAP00,222,https://news.qq.com/rain/a/20250301V04FAP00
可恶，拼尽全力也无法抵达吗？,https://news.qq.com/rain/a/20250228V03A8R00,222,https://news.qq.com/rain/a/20250228V03A8R00
济南RW侠.绝意（廖友侠）：放平心态，和兄弟们说我们是最棒的,https://news.qq.com/rain/a/20250228V079L200,222,https://news.qq.com/rain/a/20250228V079L200
早上起床的belike,https://news.qq.com/rain/a/20250228V09MIC00,222,https://news.qq.com/rain/a/20250228V09MIC00
康康：我的夜露很烂，期待与最好的夜露使用者对决！,https://news.qq.com/rain/a/20250228V00ZCY00,222,https://news.qq.com/rain/a/20250228V00ZCY00
相濡以沫一家人,https://news.qq.com/rain/a/20250228V04T2Z00,222,https://news.qq.com/rain/a/20250228V04T2Z00
康康的霓虹式滑铲进场,https://news.qq.com/rain/a/20250228V00SRZ00,222,https://news.qq.com/rain/a/20250228V00SRZ00
开局小动物练级，神奇操作秒3英雄，林瓜瓜气炸对手！魔兽争霸3,https://news.qq.com/rain/a/20250224V02RRT00,222,https://news.qq.com/rain/a/20250224V02RRT00
【大仙不闹】边路疾走小蛇，转 6 懂？,https://news.qq.com/rain/a/20250202V04IT200,222,https://news.qq.com/rain/a/20250202V04IT200
2025年K甲春季赛（常规赛第一轮）WEEK3 DAY2 郑州MTG vs BOA_2,https://news.qq.com/rain/a/20250302V0643800,222,https://news.qq.com/rain/a/20250302V0643800
西安WE.开心（陈永恒）：训练时效果好，打比赛就不太慌,https://news.qq.com/rain/a/20250302V06AW200,222,https://news.qq.com/rain/a/20250302V06AW200
20250302 KPL春季赛常规赛第一轮_W3D5 深圳DYG vs 西安WE_4,https://news.qq.com/rain/a/20250302V0687G00,222,https://news.qq.com/rain/a/20250302V0687G00
2025年K甲春季赛（常规赛第一轮）WEEK3 DAY2 郑州MTG vs BOA_3,https://news.qq.com/rain/a/20250302V06DEK00,222,https://news.qq.com/rain/a/20250302V06DEK00
J1E抓住机会，残局拿下双杀,https://news.qq.com/rain/a/20250227V09V3S00,222,https://news.qq.com/rain/a/20250227V09V3S00
TheShy上单寒冰在线刮痧教学,https://news.qq.com/rain/a/20250210V08D6300,222,https://news.qq.com/rain/a/20250210V08D6300
2025年K甲春季赛（常规赛第一轮）WEEK3 DAY2 九江TKL vs 常山UUG_5,https://news.qq.com/rain/a/20250302V04W2200,222,https://news.qq.com/rain/a/20250302V04W2200
曼谷大师赛淘汰赛：EDG图二6-13不敌T1，大比分被追至1-1平,https://news.qq.com/rain/a/20250227V08UQQ00,222,https://news.qq.com/rain/a/20250227V08UQQ00
求神不如球神！曼谷大师赛淘汰赛：EDG 2-1 T1，球球一剑封喉,https://news.qq.com/rain/a/20250227V099F700,222,https://news.qq.com/rain/a/20250227V099F700
刘航一波爆发，拿下三杀,https://news.qq.com/rain/a/20250227V09RKE00,222,https://news.qq.com/rain/a/20250227V09RKE00
球球真的是神！图三一波关键四杀，带领EDG奠定胜局,https://news.qq.com/rain/a/20250227V09WX900,222,https://news.qq.com/rain/a/20250227V09WX900
TheShy欢乐组排三年一把的亚索，没想到自己是最C的一个,https://news.qq.com/rain/a/20250206V09ZCH00,222,https://news.qq.com/rain/a/20250206V09ZCH00
S1MON抢了球神五杀后奉上尴尬又不失礼貌的微笑,https://news.qq.com/rain/a/20250227V09S3D00,222,https://news.qq.com/rain/a/20250227V09S3D00
TOC10 全国总决赛小组赛A组赛前采访,https://news.qq.com/rain/a/20250227V09M1600,222,https://news.qq.com/rain/a/20250227V09M1600
风钧爆发拿下三杀,https://news.qq.com/rain/a/20250227V09MLQ00,222,https://news.qq.com/rain/a/20250227V09MLQ00
迅速进点，晨晨拿下四杀,https://news.qq.com/rain/a/20250227V09FPD00,222,https://news.qq.com/rain/a/20250227V09FPD00
对面有三个都是JDG曾经的核心成员，网友：到底谁才是JDG？,https://news.qq.com/rain/a/20250227V09J1300,222,https://news.qq.com/rain/a/20250227V09J1300
只有我一个人...是神吗？,https://news.qq.com/rain/a/20250208V02PME00,222,https://news.qq.com/rain/a/20250208V02PME00
M249和Famas谁更强？通过10项数据对比，终于揭晓答案,https://news.qq.com/rain/a/20250227V02X9Q00,222,https://news.qq.com/rain/a/20250227V02X9Q00
布欧首秀 比赛加油,https://news.qq.com/rain/a/20250227V09LHG00,222,https://news.qq.com/rain/a/20250227V09LHG00
易如反掌？ 那来试试,https://news.qq.com/rain/a/20250227V09M6P00,222,https://news.qq.com/rain/a/20250227V09M6P00
小e刚去小卖部买了个泡面，比赛就结束了？,https://news.qq.com/rain/a/20250227V09W3100,222,https://news.qq.com/rain/a/20250227V09W3100
1V5错失五杀重拳砸穿电脑桌，2024年度残局之Niko,https://news.qq.com/rain/a/20250205V023HC00,222,https://news.qq.com/rain/a/20250205V023HC00
哪一个才是真正的我，你分得清吗？,https://news.qq.com/rain/a/20250210V06YUW00,222,https://news.qq.com/rain/a/20250210V06YUW00
布兰德：这里禁止睡觉……,https://news.qq.com/rain/a/20250225V07VEH00,222,https://news.qq.com/rain/a/20250225V07VEH00
残局斗智斗勇,https://news.qq.com/rain/a/20250214V04ICG00,222,https://news.qq.com/rain/a/20250214V04ICG00
IG比赛乐子多，现场惊现逆天导播！乐子人最开心的一集！,https://news.qq.com/rain/a/20250215V078ML00,222,https://news.qq.com/rain/a/20250215V078ML00
宁王谈及巅峰时期的Uzi：18年的乌兹那是怪物，他的卡莎飞进去能一打五！,https://news.qq.com/rain/a/20250211V00AEK00,222,https://news.qq.com/rain/a/20250211V00AEK00
shy哥这是诡术妖兔？老艺术家的从容！,https://news.qq.com/rain/a/20250215V070RI00,222,https://news.qq.com/rain/a/20250215V070RI00
没有点魄力还真赢不了两炸,https://news.qq.com/rain/a/20250218V0572T00,222,https://news.qq.com/rain/a/20250218V0572T00
局内语音spotlights：帮我越泉水我要拿五杀,https://news.qq.com/rain/a/20250212V09GIQ00,222,https://news.qq.com/rain/a/20250212V09GIQ00
GENG上单爆笑流VN，被宙斯霸凌打成路边！,https://news.qq.com/rain/a/20250224V03RCI00,222,https://news.qq.com/rain/a/20250224V03RCI00
全场最佳-午夜歌剧院,https://news.qq.com/rain/a/20250222V035FQ00,222,https://news.qq.com/rain/a/20250222V035FQ00
Doinb看二号种子池：这不是去年世界赛的队伍吗？,https://news.qq.com/rain/a/20250215V06U8W00,222,https://news.qq.com/rain/a/20250215V06U8W00
为什么说德华是掌管节目效果的神,https://news.qq.com/rain/a/20250203V03OAE00,222,https://news.qq.com/rain/a/20250203V03OAE00
记全牌赢两炸，还来了一手单五诛心,https://news.qq.com/rain/a/20250217V06IXT00,222,https://news.qq.com/rain/a/20250217V06IXT00
难以超越的记录40：自己的记录由自己打破 这个视频有点长,https://news.qq.com/rain/a/20250202V00UD200,222,https://news.qq.com/rain/a/20250202V00UD200
瑟提：就这我怎么输啊,https://news.qq.com/rain/a/20250217V08Y3300,222,https://news.qq.com/rain/a/20250217V08Y3300
你是想要群控还是群体回血？,https://news.qq.com/rain/a/20250208V061QQ00,222,https://news.qq.com/rain/a/20250208V061QQ00
令四大主播终身难忘的名场面,https://news.qq.com/rain/a/20250204V0244P00,222,https://news.qq.com/rain/a/20250204V0244P00
真实电竞力挺Uzi，他天生就是领袖，如果打中路就能和Faker碰一碰了！,https://news.qq.com/rain/a/20250212V05B7900,222,https://news.qq.com/rain/a/20250212V05B7900
英雄时刻5：那些惊为天人的涂鸦！s1mple神级盲狙！,https://news.qq.com/rain/a/20250213V02EE700,222,https://news.qq.com/rain/a/20250213V02EE700
双狙发挥 残局拿下2v5,https://news.qq.com/rain/a/20250224V0097Y00,222,https://news.qq.com/rain/a/20250224V0097Y00
球神之所以被称为神，曼谷大师赛操作集锦，秀得苏弟赞不绝口！,https://news.qq.com/rain/a/20250225V09LVH00,222,https://news.qq.com/rain/a/20250225V09LVH00
难以超越的记录36： 不胜将军盖伦！,https://news.qq.com/rain/a/20250205V028BN00,222,https://news.qq.com/rain/a/20250205V028BN00
游戏史诗级大战42：FPX不败金身终被打破，IG逆天改命,https://news.qq.com/rain/a/20250207V01AW300,222,https://news.qq.com/rain/a/20250207V01AW300
faker 我要这冠军有何用，去你的爱情,https://news.qq.com/rain/a/20250211V02L2L00,222,https://news.qq.com/rain/a/20250211V02L2L00
你笑起来像？JackeyLove整活视频,https://news.qq.com/rain/a/20250219V02V2Z00,222,https://news.qq.com/rain/a/20250219V02V2Z00
英雄时刻17：何处唤羊来，奥恩封神之路,https://news.qq.com/rain/a/20250206V0269Y00,222,https://news.qq.com/rain/a/20250206V0269Y00
职业教学：瑞兹思路出装加点速看，Doinb教你上手玩转瑞兹,https://news.qq.com/rain/a/20250210V05JAL00,222,https://news.qq.com/rain/a/20250210V05JAL00
绝处逢生，唯有一剑,https://news.qq.com/rain/a/20250202V02JGJ00,222,https://news.qq.com/rain/a/20250202V02JGJ00
难以超越的记录37：电竞史上最 白给的比赛,https://news.qq.com/rain/a/20250204V01EXM00,222,https://news.qq.com/rain/a/20250204V01EXM00
《我们的车队撞职业都能打》,https://news.qq.com/rain/a/20250206V08P5Z00,222,https://news.qq.com/rain/a/20250206V08P5Z00
AI能否颠覆电竞，取代职业选手？未来的电竞之路该如何走？,https://news.qq.com/rain/a/20250206V08OO900,222,https://news.qq.com/rain/a/20250206V08OO900
曲子单局三杀，成功拿下残局,https://news.qq.com/rain/a/20250224V0081R00,222,https://news.qq.com/rain/a/20250224V0081R00
LOL职业选手教学——JackeyLove卡莎最新出装理解,https://news.qq.com/rain/a/20250224V04R1T00,222,https://news.qq.com/rain/a/20250224V04R1T00
上单反杀之王——盖伦！,https://news.qq.com/rain/a/20250204V04LHQ00,222,https://news.qq.com/rain/a/20250204V04LHQ00
宁王：以前的滔搏是小病不多，大病总有；现在的滔搏是大病不多,https://news.qq.com/rain/a/20250210V07ZI500,222,https://news.qq.com/rain/a/20250210V07ZI500
乐言才是世界第一豹女？自信放话不输最强野核Canyon,https://news.qq.com/rain/a/20250210V08YM300,222,https://news.qq.com/rain/a/20250210V08YM300
smoggy渔市1V2冰王和峰神，wbg三人组的肌肉碰撞！,https://news.qq.com/rain/a/20250219V05FBA00,222,https://news.qq.com/rain/a/20250219V05FBA00
局内语音spotlights：完了我天赋没换,https://news.qq.com/rain/a/20250215V06N6M00,222,https://news.qq.com/rain/a/20250215V06N6M00
一不小心就融入分段了,https://news.qq.com/rain/a/20250216V02H7C00,222,https://news.qq.com/rain/a/20250216V02H7C00
Ming传奇卡故事片,https://news.qq.com/rain/a/20250214V03XEE00,222,https://news.qq.com/rain/a/20250214V03XEE00
球神港服单排遇到韩国摆烂哥，队友直接火力全开！,https://news.qq.com/rain/a/20250214V09GR200,222,https://news.qq.com/rain/a/20250214V09GR200
showmaker再次被奎桑提打服了,https://news.qq.com/rain/a/20250205V00QPM00,222,https://news.qq.com/rain/a/20250205V00QPM00
压抑已久的爆发？蛋总拿下残局后的咆哮,https://news.qq.com/rain/a/20250201V02UBJ00,222,https://news.qq.com/rain/a/20250201V02UBJ00
至臻冠军TheShy故事片第四章—— 天神下凡,https://news.qq.com/rain/a/20250205V05T7900,222,https://news.qq.com/rain/a/20250205V05T7900
操作不是极限，我才是极限！,https://news.qq.com/rain/a/20250220V068YD00,222,https://news.qq.com/rain/a/20250220V068YD00
《你可以永远相信我》,https://news.qq.com/rain/a/20250214V06HUV00,222,https://news.qq.com/rain/a/20250214V06HUV00
还是我技高一筹,https://news.qq.com/rain/a/20250221V02UMQ00,222,https://news.qq.com/rain/a/20250221V02UMQ00
局内语音spotlights：还杀吗？推塔吧！,https://news.qq.com/rain/a/20250214V095UJ00,222,https://news.qq.com/rain/a/20250214V095UJ00
xyu 枪感在线 单局拿下四杀,https://news.qq.com/rain/a/20250220V09Q3100,222,https://news.qq.com/rain/a/20250220V09Q3100
◆赛事栏目◆《教学日记》,https://news.qq.com/rain/a/20250211V05BGD00,222,https://news.qq.com/rain/a/20250211V05BGD00
【TOP5】小泽(沈宇泽)关羽武圣降临冲锋陷阵 断马横刀四连超凡,https://news.qq.com/rain/a/20250224V083I200,222,https://news.qq.com/rain/a/20250224V083I200
英雄时刻16 C9 stewie 低头打鼹鼠 秀翻全场,https://news.qq.com/rain/a/20250208V0169300,222,https://news.qq.com/rain/a/20250208V0169300
姿态抽皮肤钓成翘嘴，秒变小丑只剩后悔！这就是马服的特色！,https://news.qq.com/rain/a/20250217V00A2B00,222,https://news.qq.com/rain/a/20250217V00A2B00
何为传承：电竞传承有你真好！,https://news.qq.com/rain/a/20250206V028CX00,222,https://news.qq.com/rain/a/20250206V028CX00
你们的灵魂如此脆弱.,https://news.qq.com/rain/a/20250210V01B1R00,222,https://news.qq.com/rain/a/20250210V01B1R00
武道的天才之逃生艺术！,https://news.qq.com/rain/a/20250226V03AID00,222,https://news.qq.com/rain/a/20250226V03AID00
年后回来开门红，年轻人真不错,https://news.qq.com/rain/a/20250209V069H600,222,https://news.qq.com/rain/a/20250209V069H600
“我来我见我征服！”德克捷风杀红眼再拿ACE,https://news.qq.com/rain/a/20250222V073ZQ00,222,https://news.qq.com/rain/a/20250222V073ZQ00
局内语言Spotlight：激情与冷静并存，比赛操作火力全开,https://news.qq.com/rain/a/20250222V07ZTX00,222,https://news.qq.com/rain/a/20250222V07ZTX00
水晶哥开创“激情单押式”解说EDG对G2名场面,https://news.qq.com/rain/a/20250223V00ZSJ00,222,https://news.qq.com/rain/a/20250223V00ZSJ00
IG选手互动视频：第一届極人摄影大赛颁奖典礼暨拍摄纪录片,https://news.qq.com/rain/a/20250207V080W400,222,https://news.qq.com/rain/a/20250207V080W400
《听安的这本书你一定要看》,https://news.qq.com/rain/a/20250212V033A100,222,https://news.qq.com/rain/a/20250212V033A100
英雄麦克疯-Peyz：慢点慢点，哇哦，NICE,https://news.qq.com/rain/a/20250210V06CBP00,222,https://news.qq.com/rain/a/20250210V06CBP00
“德克士虾仁饭？！”Derke单人破点精彩五杀,https://news.qq.com/rain/a/20250221V08TUD00,222,https://news.qq.com/rain/a/20250221V08TUD00
金铲铲之战JOC7《冠军短剧》,https://news.qq.com/rain/a/20250222V054XT00,222,https://news.qq.com/rain/a/20250222V054XT00
本手妙手俗手，不如C4炸一手！*感谢战士“马枪高手”的创意投稿！,https://news.qq.com/rain/a/20250222V03K9F00,222,https://news.qq.com/rain/a/20250222V03K9F00
说我假赛？Icon：那人吃了律师函要赔钱，他说实在没有，我就没让赔,https://news.qq.com/rain/a/20250222V02T0T00,222,https://news.qq.com/rain/a/20250222V02T0T00
这是一个悲伤的故事....,https://news.qq.com/rain/a/20250223V05QFW00,222,https://news.qq.com/rain/a/20250223V05QFW00
46 精准狙击 三杀到手,https://news.qq.com/rain/a/20250223V06XC100,222,https://news.qq.com/rain/a/20250223V06XC100
Zeka评个人生涯TOP5：打EDG第五局的塞拉斯位列SSS级,https://news.qq.com/rain/a/20250207V03UIP00,222,https://news.qq.com/rain/a/20250207V03UIP00
超威鱼神大乱斗，打出名梗全员乱秀！,https://news.qq.com/rain/a/20250221V02SAO00,222,https://news.qq.com/rain/a/20250221V02SAO00
电竞史诗级大战39：还记得的泉水钩么,https://news.qq.com/rain/a/20250202V00UDC00,222,https://news.qq.com/rain/a/20250202V00UDC00
2025年K甲春季赛（常规赛第一轮）WEEK2 DAY4 常山UUG vs BOA_2,https://news.qq.com/rain/a/20250225V053EZ00,222,https://news.qq.com/rain/a/20250225V053EZ00
这就是独一无二的手法！,https://news.qq.com/rain/a/20250216V056AD00,222,https://news.qq.com/rain/a/20250216V056AD00
康神神了一晚上！四杀五杀拿到手软，fmvp恐怖如斯！,https://news.qq.com/rain/a/20250217V09QKZ00,222,https://news.qq.com/rain/a/20250217V09QKZ00
夜露+铁臂+钛狐真的是现版本最强进攻组合吗？,https://news.qq.com/rain/a/20250222V058JQ00,222,https://news.qq.com/rain/a/20250222V058JQ00
Smoggy掏出大狙，结果却被S1mon和王哥无情嘲讽,https://news.qq.com/rain/a/20250205V066IM00,222,https://news.qq.com/rain/a/20250205V066IM00
"英雄时刻14：利用声音细节,一波声东击西,智取对手",https://news.qq.com/rain/a/20250208V0169100,222,https://news.qq.com/rain/a/20250208V0169100
那就，罡风开路！,https://news.qq.com/rain/a/20250208V07FDL00,222,https://news.qq.com/rain/a/20250208V07FDL00
《没什么好炫耀的，这只是我的日常罢了》,https://news.qq.com/rain/a/20250220V034BG00,222,https://news.qq.com/rain/a/20250220V034BG00
永劫比赛最帅的反杀镜头,https://news.qq.com/rain/a/20250215V00ZPE00,222,https://news.qq.com/rain/a/20250215V00ZPE00
SEN与MIBR苦战40回合创造美洲赛区最长加时纪录,https://news.qq.com/rain/a/20250208V03YG700,222,https://news.qq.com/rain/a/20250208V03YG700
xyu 中路摸点 配合队友赢得一分,https://news.qq.com/rain/a/20250211V08TCZ00,222,https://news.qq.com/rain/a/20250211V08TCZ00
英雄麦克疯-Linfeng：Moham！爱老虎油,https://news.qq.com/rain/a/20250213V06YVD00,222,https://news.qq.com/rain/a/20250213V06YVD00
球球谈自己的英雄池，对偶像nats放下狠话！,https://news.qq.com/rain/a/20250217V07YRS00,222,https://news.qq.com/rain/a/20250217V07YRS00
Smoggy线下督战S1mon，随时准备压力谢孟勋！,https://news.qq.com/rain/a/20250217V07UWI00,222,https://news.qq.com/rain/a/20250217V07UWI00
管泽元：这Peyz玩的像Scout，玩的像团队之魂,https://news.qq.com/rain/a/20250209V050Y400,222,https://news.qq.com/rain/a/20250209V050Y400
xyu J1E配合 再拿下一分,https://news.qq.com/rain/a/20250223V06XHW00,222,https://news.qq.com/rain/a/20250223V06XHW00
节奏看aspas精彩飓刃+冥驹五杀,https://news.qq.com/rain/a/20250208V00I4U00,222,https://news.qq.com/rain/a/20250208V00I4U00
前百AK vs 全明星AK 哪个更定？,https://news.qq.com/rain/a/20250205V06K6Z00,222,https://news.qq.com/rain/a/20250205V06K6Z00
绝望感瞬间淹没了这只胖胖龙,https://news.qq.com/rain/a/20250215V03T1000,222,https://news.qq.com/rain/a/20250215V03T1000
不要小瞧我们之间的羁绊啊！,https://news.qq.com/rain/a/20250205V06T8F00,222,https://news.qq.com/rain/a/20250205V06T8F00
感觉iG很难再回到当年，网友：能多看几把theshy就好！,https://news.qq.com/rain/a/20250223V06VXF00,222,https://news.qq.com/rain/a/20250223V06VXF00
这镜太权威了啊！,https://news.qq.com/rain/a/20250217V072Y200,222,https://news.qq.com/rain/a/20250217V072Y200
苏弟看buzz四杀te暴怒：真不能让他知道你菜啊,https://news.qq.com/rain/a/20250225V09QHM00,222,https://news.qq.com/rain/a/20250225V09QHM00
smoggy惊险拆包，苏弟看了直呼“龙运”,https://news.qq.com/rain/a/20250221V04IFQ00,222,https://news.qq.com/rain/a/20250221V04IFQ00
乐言：去试训了，刚从上海回来，去哪试训不能跟你们说,https://news.qq.com/rain/a/20250217V0768U00,222,https://news.qq.com/rain/a/20250217V0768U00
瑶的斗篷越变越怎么了,https://news.qq.com/rain/a/20250220V09M9900,222,https://news.qq.com/rain/a/20250220V09M9900
当奥瑞利安 · 索尔装备了这两件神器,https://news.qq.com/rain/a/20250202V053QE00,222,https://news.qq.com/rain/a/20250202V053QE00
2025CFPL解说预测,https://news.qq.com/rain/a/20250220V06GDC00,222,https://news.qq.com/rain/a/20250220V06GDC00
2024四大赛区启点赛冠军捧杯时刻,https://news.qq.com/rain/a/20250210V012U900,222,https://news.qq.com/rain/a/20250210V012U900
2025 无畏契约曼谷大师赛赛制介绍,https://news.qq.com/rain/a/20250211V08ZP000,222,https://news.qq.com/rain/a/20250211V08ZP000
JOC7全国总决赛16强选手《赛前采访》,https://news.qq.com/rain/a/20250224V05X9V00,222,https://news.qq.com/rain/a/20250224V05X9V00
LPL赛事整活：比劫简单的英雄？有的兄弟，有的,https://news.qq.com/rain/a/20250216V02RJ200,222,https://news.qq.com/rain/a/20250216V02RJ200
一炮双响，11苏98K瞬狙四杀,https://news.qq.com/rain/a/20250219V005JQ00,222,https://news.qq.com/rain/a/20250219V005JQ00
奥拉夫：说好的让我三星呢？,https://news.qq.com/rain/a/20250208V07V2D00,222,https://news.qq.com/rain/a/20250208V07V2D00
菲奥娜：知道谁才是主角了吗？,https://news.qq.com/rain/a/20250218V08F2100,222,https://news.qq.com/rain/a/20250218V08F2100
仰卧起坐的正确用法,https://news.qq.com/rain/a/20250225V04E6800,222,https://news.qq.com/rain/a/20250225V04E6800
“我感觉我有点傻”铁蛋疑致敬偶像名场面？,https://news.qq.com/rain/a/20250201V02K2900,222,https://news.qq.com/rain/a/20250201V02K2900
J1E 中路出活，为队伍打开局面,https://news.qq.com/rain/a/20250223V06XQW00,222,https://news.qq.com/rain/a/20250223V06XQW00
李青说一秒都不要剪直接发,https://news.qq.com/rain/a/20250215V040AT00,222,https://news.qq.com/rain/a/20250215V040AT00
三星德莱文：天塌了老铁,https://news.qq.com/rain/a/20250216V03ZEF00,222,https://news.qq.com/rain/a/20250216V03ZEF00
Tian：WBG 队内的大哥是老虎,https://news.qq.com/rain/a/20250206V0701T00,222,https://news.qq.com/rain/a/20250206V0701T00
Doran直播时收到兵务厅信息，面露无奈,https://news.qq.com/rain/a/20250219V04X5V00,222,https://news.qq.com/rain/a/20250219V04X5V00
智力王？DERKE夜露成功装假人震惊四座,https://news.qq.com/rain/a/20250209V03DV500,222,https://news.qq.com/rain/a/20250209V03DV500
icon：想去T1给Faker倒水都这么难吗？,https://news.qq.com/rain/a/20250220V02XPV00,222,https://news.qq.com/rain/a/20250220V02XPV00
当厄加特装备上了密银黎明和视界专注,https://news.qq.com/rain/a/20250202V03C8O00,222,https://news.qq.com/rain/a/20250202V03C8O00
奥拉夫，这次我做到了,https://news.qq.com/rain/a/20250223V04YK200,222,https://news.qq.com/rain/a/20250223V04YK200
不是哥们，给我飞哪去了,https://news.qq.com/rain/a/20250214V07VE000,222,https://news.qq.com/rain/a/20250214V07VE000
兄弟们认真比赛 继续努力啊！,https://news.qq.com/rain/a/20250213V08YKJ00,222,https://news.qq.com/rain/a/20250213V08YKJ00
这就是我们热血沸腾的组合技！,https://news.qq.com/rain/a/20250207V0531A00,222,https://news.qq.com/rain/a/20250207V0531A00
论比赛搞笑 我们是专业的,https://news.qq.com/rain/a/20250218V0976200,222,https://news.qq.com/rain/a/20250218V0976200
hanghang看康康精彩颗秒空摘雷兹大招,https://news.qq.com/rain/a/20250220V08AMD00,222,https://news.qq.com/rain/a/20250220V08AMD00
恭喜发财让你知道，2-1六福星是种怎样的体验,https://news.qq.com/rain/a/20250220V089L200,222,https://news.qq.com/rain/a/20250220V089L200
看小虎玩游戏觉得非常有意思,https://news.qq.com/rain/a/20250206V0706P00,222,https://news.qq.com/rain/a/20250206V0706P00
如果是她的话，你会毅然决然的拿下吗？,https://news.qq.com/rain/a/20250216V03FIK00,222,https://news.qq.com/rain/a/20250216V03FIK00
JackeLove分享视频：哥们是懂翻译的,https://news.qq.com/rain/a/20250121V09TMU00,222,https://news.qq.com/rain/a/20250121V09TMU00
梦幻开局，思路从未如此清晰,https://news.qq.com/rain/a/20250212V07V8900,222,https://news.qq.com/rain/a/20250212V07V8900
那一瞬间天都塌了,https://news.qq.com/rain/a/20250209V037LR00,222,https://news.qq.com/rain/a/20250209V037LR00
当你福星准备收菜时，你的对手……,https://news.qq.com/rain/a/20250209V03GF300,222,https://news.qq.com/rain/a/20250209V03GF300
苏瑞这个时候你该笑吗？！,https://news.qq.com/rain/a/20250219V096T800,222,https://news.qq.com/rain/a/20250219V096T800
铲铲人消费观，你中了吗？,https://news.qq.com/rain/a/20250206V06DRN00,222,https://news.qq.com/rain/a/20250206V06DRN00
当你的兄弟差一张三星五费你会怎么做？,https://news.qq.com/rain/a/20250227V04YWB00,222,https://news.qq.com/rain/a/20250227V04YWB00
瑟提：注意新的冠军诞生了！,https://news.qq.com/rain/a/20250207V07VZI00,222,https://news.qq.com/rain/a/20250207V07VZI00
合一得二魅力时刻！,https://news.qq.com/rain/a/20250223V04S1F00,222,https://news.qq.com/rain/a/20250223V04S1F00
1费过，2费过，4费过也5费过，但就是没弱过！,https://news.qq.com/rain/a/20250222V03ZKU00,222,https://news.qq.com/rain/a/20250222V03ZKU00
