金价暴跌！有人囤10公斤黄金被套牢，足金饰品4天跌18元/克,https://news.qq.com/rain/a/20250302V05LLB00,222,https://news.qq.com/rain/a/20250302V05LLB00
金价暴跌！有人囤10公斤黄金被套牢,https://news.qq.com/rain/a/20250302A042J100,222,https://news.qq.com/rain/a/20250302A042J100
快问快答：房价是在低点吗？,https://news.qq.com/rain/a/20250228V07MGL00,222,https://news.qq.com/rain/a/20250228V07MGL00
赚麻了！中信证券、中国银河净利重回巅峰，35家券商仅4家下滑,https://news.qq.com/rain/a/20250301A01HCF00,222,https://news.qq.com/rain/a/20250301A01HCF00
力度空前，香港楼市再出利好,https://news.qq.com/rain/a/20250228V09RZM00,222,https://news.qq.com/rain/a/20250228V09RZM00
王健林私有化大败局 万达电影凤凰涅槃,https://news.qq.com/rain/a/20250228A05YF100,222,https://news.qq.com/rain/a/20250228A05YF100
国际金价跌至近三周最低,https://news.qq.com/rain/a/20250302V0547I00,222,https://news.qq.com/rain/a/20250302V0547I00
中国香港公务员全体冻薪，原因是何,https://news.qq.com/rain/a/20250228A083L900,222,https://news.qq.com/rain/a/20250228A083L900
消费补贴2.0版！ 手机最高补500，电脑最高补2000，“国四”油车也纳入,https://news.qq.com/rain/a/20250109V02H9V00,222,https://news.qq.com/rain/a/20250109V02H9V00
自然资源部答每经问：我国发现全球首个超深水、超浅层天然气大气田，探明地质储量超千亿立方米,https://news.qq.com/rain/a/20250228A05SX200,222,https://news.qq.com/rain/a/20250228A05SX200
A股大跌，这不是关键，问题是接下来会不会反攻？,https://news.qq.com/rain/a/20250228V070JR00,222,https://news.qq.com/rain/a/20250228V070JR00
财政部：基础养老金月最低标准提高20元 | 直击发布会,https://news.qq.com/rain/a/20250228A04PL400,222,https://news.qq.com/rain/a/20250228A04PL400
中央明确，城里人不能到农村买宅基地建房，农村户口显得越来越重要了,https://news.qq.com/rain/a/20250224V07U2V00,222,https://news.qq.com/rain/a/20250224V07U2V00
拒绝中德运黄金，美联储想铸万亿金币还债，要当合法老赖？,https://news.qq.com/rain/a/20250302V02Y7X00,222,https://news.qq.com/rain/a/20250302V02Y7X00
美国花旗银行给一客户误转81万亿美元，是马斯克总资产的200多倍，90分钟后才发现,https://news.qq.com/rain/a/20250301A07Q6R00,222,https://news.qq.com/rain/a/20250301A07Q6R00
金价过山车式波动，到底有哪些原因？今年还会涨吗？,https://news.qq.com/rain/a/20250301V06NAP00,222,https://news.qq.com/rain/a/20250301V06NAP00
印度股市创下近30年来最糟糕表现：外资大举抛售 股指已连跌五月,https://news.qq.com/rain/a/20250301A00FGO00,222,https://news.qq.com/rain/a/20250301A00FGO00
下一个财富风口在哪？二十年后房地产如何？全新财富周期已来临！,https://news.qq.com/rain/a/20250302V04BM800,222,https://news.qq.com/rain/a/20250302V04BM800
龙头斩获5天3板 本周披露并购重组进展的A股名单一览,https://news.qq.com/rain/a/20250301A05DZ400,222,https://news.qq.com/rain/a/20250301A05DZ400
40岁存款100万，每年利息有多少？躺平“美梦”彻底被击碎！,https://news.qq.com/rain/a/20250228V00BXE00,222,https://news.qq.com/rain/a/20250228V00BXE00
多转了81万亿美元！客户收到美国花旗银行巨额转账，本应收款280美元,https://news.qq.com/rain/a/20250301A06SXH00,222,https://news.qq.com/rain/a/20250301A06SXH00
风向变了，土拍市场高溢价频现,https://news.qq.com/rain/a/20250302V00WLO00,222,https://news.qq.com/rain/a/20250302V00WLO00
赛力斯，向华为支付57.5亿元！,https://news.qq.com/rain/a/20250301A05C5P00,222,https://news.qq.com/rain/a/20250301A05C5P00
20万都不想给，昔日核酸大王的张核子，如今甘当老赖？,https://news.qq.com/rain/a/20250217V07MO100,222,https://news.qq.com/rain/a/20250217V07MO100
柯洁成小米SU7 Ultra车主,https://news.qq.com/rain/a/20250302A05K7U00,222,https://news.qq.com/rain/a/20250302A05K7U00
李大霄：大幅回落或是下蹲,https://news.qq.com/rain/a/20250228V04S5500,222,https://news.qq.com/rain/a/20250228V04S5500
幸好中国有远见，抛售119亿美债囤黄金，美联储黄金“存得去取不出”？,https://news.qq.com/rain/a/20250228A08WA700,222,https://news.qq.com/rain/a/20250228A08WA700
中国第一高楼巨人大厦，28年后终于迎来复工转机,https://news.qq.com/rain/a/20250223V06W1E00,222,https://news.qq.com/rain/a/20250223V06W1E00
25亿镑被冻结3年！TA：阿布卖切尔西的钱仍被冻结在英国银行,https://news.qq.com/rain/a/20250302A060G700,222,https://news.qq.com/rain/a/20250302A060G700
明确禁止城里人购买宅基地，到底为啥？说几个重要原因,https://news.qq.com/rain/a/20250225V03YIV00,222,https://news.qq.com/rain/a/20250225V03YIV00
金价跳水！现在买还是再等等？行业专家这样说,https://news.qq.com/rain/a/20250302A03AID00,222,https://news.qq.com/rain/a/20250302A03AID00
现在存钱和买房，五年后哪个更保值？未来超乎你想象,https://news.qq.com/rain/a/20250213V08OCP00,222,https://news.qq.com/rain/a/20250213V08OCP00
英伟达一年赚万亿，投资者还是不满意,https://news.qq.com/rain/a/20250228A0878R00,222,https://news.qq.com/rain/a/20250228A0878R00
住房城乡建设部：采取拆整结合等三种方式实施城中村改造,https://news.qq.com/rain/a/20250301V05NQ300,222,https://news.qq.com/rain/a/20250301V05NQ300
重要信号！央行等五部门召开座谈会,https://news.qq.com/rain/a/20250302A04VB000,222,https://news.qq.com/rain/a/20250302A04VB000
退钱了！第一批打工人已经能看到退多少钱，有人能收到5万多,https://news.qq.com/rain/a/20250301V03A0500,222,https://news.qq.com/rain/a/20250301V03A0500
货币贬值，不是解决一个经济体所有问题的灵丹妙药,https://news.qq.com/rain/a/20250302A03UN400,222,https://news.qq.com/rain/a/20250302A03UN400
母亲继承父亲名下房产 需要爷爷的死亡证明？多种思路促解决,https://news.qq.com/rain/a/20250301V042YL00,222,https://news.qq.com/rain/a/20250301V042YL00
3月6日退市！这家上市25年A股公司退市卓朗，曾连续5年财务造假,https://news.qq.com/rain/a/20250228A003UY00,222,https://news.qq.com/rain/a/20250228A003UY00
深圳住宅网签量翻倍释放什么信号？普通人能抓住机会吗？,https://news.qq.com/rain/a/20250302V0003W00,222,https://news.qq.com/rain/a/20250302V0003W00
春季行情如何布局？投资大咖激辩2025投资主线：股债双牛或可期,https://news.qq.com/rain/a/20250301A03WAM00,222,https://news.qq.com/rain/a/20250301A03WAM00
307亿土地储备专项债开闸，广东地市迎转机,https://news.qq.com/rain/a/20250301V05OBA00,222,https://news.qq.com/rain/a/20250301V05OBA00
3月起实施！港澳银行内地分行开办银行卡业务，哪些人受影响？,https://news.qq.com/rain/a/20250301A027OM00,222,https://news.qq.com/rain/a/20250301A027OM00
武汉住房和城市更新工作会召开，今年将拓宽7条进出城通道,https://news.qq.com/rain/a/20250302V03ENG00,222,https://news.qq.com/rain/a/20250302V03ENG00
多地密集出手！房租最多打六折，租房更划算了,https://news.qq.com/rain/a/20250301A06VRE00,222,https://news.qq.com/rain/a/20250301A06VRE00
实物黄金需求上行，2025全球央行买金热持续,https://news.qq.com/rain/a/20250227V09TDW00,222,https://news.qq.com/rain/a/20250227V09TDW00
2025听两会｜全国政协委员金李：建议适时调整个人支付账户限额,https://news.qq.com/rain/a/20250301A067II00,222,https://news.qq.com/rain/a/20250301A067II00
明略吴明辉：CEO的算法升级，需要经历足够大的失败和挫折,https://news.qq.com/rain/a/20250218V06FLG00,222,https://news.qq.com/rain/a/20250218V06FLG00
药品价格整治风暴来袭：数百个品种大幅降价，涉及扬子江等知名药企,https://news.qq.com/rain/a/20250301A063L200,222,https://news.qq.com/rain/a/20250301A063L200
金价创历史新高后下跌 专家称仍有望回涨,https://news.qq.com/rain/a/20250302V04BWY00,222,https://news.qq.com/rain/a/20250302V04BWY00
炒股亏损，竟要求赔偿超9300万元,https://news.qq.com/rain/a/20250302A04Q4U00,222,https://news.qq.com/rain/a/20250302A04Q4U00
杀疯了！2025年北京这些新房已经降出了性价比！,https://news.qq.com/rain/a/20250301V05OI700,222,https://news.qq.com/rain/a/20250301V05OI700
国际油价势将结束月线连升势头，关税增产连环打压油市危机四伏,https://news.qq.com/rain/a/20250228A0A2CF00,222,https://news.qq.com/rain/a/20250228A0A2CF00
楼市小阳春，上海有点猛,https://news.qq.com/rain/a/20250301V05RRX00,222,https://news.qq.com/rain/a/20250301V05RRX00
柯洁晒出小米SU7Ultra订单截图：已支付4万元定金,https://news.qq.com/rain/a/20250302A0442P00,222,https://news.qq.com/rain/a/20250302A0442P00
300万家餐饮店倒闭：消费降级的威力，比你想的还可怕,https://news.qq.com/rain/a/20250301V0821J00,222,https://news.qq.com/rain/a/20250301V0821J00
陷入“恐慌”波动，美股何时能走出困境,https://news.qq.com/rain/a/20250302A03FGK00,222,https://news.qq.com/rain/a/20250302A03FGK00
雷军已经是中国首富了，看下他在深圳的小米总部是什么样的,https://news.qq.com/rain/a/20250301V0274700,222,https://news.qq.com/rain/a/20250301V0274700
近10亿元资金出逃！浦银安盛旗下次新基金遭巨额赎回，两个月规模缩水超六成,https://news.qq.com/rain/a/20250301A05AVS00,222,https://news.qq.com/rain/a/20250301A05AVS00
事关农民宅基地！这两条政策底线必须守住、不能突破,https://news.qq.com/rain/a/20250224V0814J00,222,https://news.qq.com/rain/a/20250224V0814J00
证监会公布多项资本市场新动向，重庆证交所设立暂缓，研究香港公司内地上市,https://news.qq.com/rain/a/20250301A02Y7G00,222,https://news.qq.com/rain/a/20250301A02Y7G00
散户仓位很高 调整原因很简单，要散户的筹码,https://news.qq.com/rain/a/20250228V08E9F00,222,https://news.qq.com/rain/a/20250228V08E9F00
当我问DeepSeek：35岁在上海有多少存款才能躺平？普通人也能实现！,https://news.qq.com/rain/a/20250301A0674500,222,https://news.qq.com/rain/a/20250301A0674500
2025年楼市四大变化 到底买“好房子”还是“老破小”？,https://news.qq.com/rain/a/20250228V09DQX00,222,https://news.qq.com/rain/a/20250228V09DQX00
想做“黄金矿工”吗？带你看看真实的非洲金矿,https://news.qq.com/rain/a/20250301A040RN00,222,https://news.qq.com/rain/a/20250301A040RN00
2025房子还能保值吗？,https://news.qq.com/rain/a/20250220V05PWV00,222,https://news.qq.com/rain/a/20250220V05PWV00
承保亏损57亿，新能源车险投保难如何破？不可拒保的车险平台扩容至32家,https://news.qq.com/rain/a/20250228A09T4V00,222,https://news.qq.com/rain/a/20250228A09T4V00
王石谈网暴：我当年经历的更猛烈丨创变者（完整视频）,https://news.qq.com/rain/a/20241223V08LE800,222,https://news.qq.com/rain/a/20241223V08LE800
利率下行时代，分红险火了！看看DeepSeek的理财提示,https://news.qq.com/rain/a/20250301A04AK600,222,https://news.qq.com/rain/a/20250301A04AK600
下蹲为上涨腾空间,https://news.qq.com/rain/a/20250301V07OCB00,222,https://news.qq.com/rain/a/20250301V07OCB00
同业存单利率出现罕见倒挂，市场上突然缺钱了？,https://news.qq.com/rain/a/20250228A009D600,222,https://news.qq.com/rain/a/20250228A009D600
全球抢金潮黄金逼空持续上演,https://news.qq.com/rain/a/20250214V02WFU00,222,https://news.qq.com/rain/a/20250214V02WFU00
湖北大学收购存量房做宿舍：标的小区在学校对面 收购价格约相当于备案价6折,https://news.qq.com/rain/a/20250228A056D800,222,https://news.qq.com/rain/a/20250228A056D800
2月制造业PMI重返扩张区间 “蓝筹牛”越来越“实”,https://news.qq.com/rain/a/20250302A039W200,222,https://news.qq.com/rain/a/20250302A039W200
北京楼市重要信号！睁大眼看好，哪些房子卖得最好？,https://news.qq.com/rain/a/20250302V03HUB00,222,https://news.qq.com/rain/a/20250302V03HUB00
欧洲央行支付系统大故障引质疑,https://news.qq.com/rain/a/20250301A060U000,222,https://news.qq.com/rain/a/20250301A060U000
上海楼市领涨，能否带动房地产市场复苏,https://news.qq.com/rain/a/20250227V0702000,222,https://news.qq.com/rain/a/20250227V0702000
1.7亿多家庭圆梦！住建部：中国已建成世界上最大住房保障体系,https://news.qq.com/rain/a/20250228A04WL200,222,https://news.qq.com/rain/a/20250228A04WL200
老股民和新股民的区别，一个更在意风控，一个更想搏收益,https://news.qq.com/rain/a/20250302V029J400,222,https://news.qq.com/rain/a/20250302V029J400
“统筹保险”理赔难，车主怎么办？| 新京报快评,https://news.qq.com/rain/a/20250302A05EG300,222,https://news.qq.com/rain/a/20250302A05EG300
重庆公租房在全国率先打破户籍限制，农业转移人口与本地城镇户籍人员享有无差别申请资格,https://news.qq.com/rain/a/20250211V060SH00,222,https://news.qq.com/rain/a/20250211V060SH00
重磅！无锡试水“共有产权商品房” 6年至10年内个人与“共有公司”各占50%产权,https://news.qq.com/rain/a/20250228A07KPD00,222,https://news.qq.com/rain/a/20250228A07KPD00
段永平浙大交流会全程版：曾告知巴菲特苹果的商业模式比可口可乐要好,https://news.qq.com/rain/a/20250105V05GH600,222,https://news.qq.com/rain/a/20250105V05GH600
“黄金手机贴”爆火，千万别成“捡便宜吃暗亏”,https://news.qq.com/rain/a/20250228A06XTS00,222,https://news.qq.com/rain/a/20250228A06XTS00
福州一栋老宅挂两个门牌：一边属闽侯，一边属晋安,https://news.qq.com/rain/a/20250228V00HTR00,222,https://news.qq.com/rain/a/20250228V00HTR00
上海室内设计公司老板聊聊行业现状，内卷、消费降级,https://news.qq.com/rain/a/20250218V031LD00,222,https://news.qq.com/rain/a/20250218V031LD00
21家公司2024年业绩预增超10倍 从年报预告看基金公司“眼力劲儿”,https://news.qq.com/rain/a/20250228A0A1JV00,222,https://news.qq.com/rain/a/20250228A0A1JV00
2025年房价涨或跌？看这几点变化就行了,https://news.qq.com/rain/a/20250223V04QKW00,222,https://news.qq.com/rain/a/20250223V04QKW00
比亚迪财险、众安保险等22家公司接入“车险好投保”平台,https://news.qq.com/rain/a/20250228A0974B00,222,https://news.qq.com/rain/a/20250228A0974B00
多地调整公积金，楼市要迎来回暖了吗？2025的房价会涨吗？,https://news.qq.com/rain/a/20250301V07IRI00,222,https://news.qq.com/rain/a/20250301V07IRI00
全国人大代表朱建弟：民企仍会遇到“玻璃门”“旋转门”，政府要做这些改变,https://news.qq.com/rain/a/20250228A01C2Y00,222,https://news.qq.com/rain/a/20250228A01C2Y00
二月A股22只翻倍股背后：政策驱动与资金博弈下的投资新思路,https://news.qq.com/rain/a/20250228V0A22000,222,https://news.qq.com/rain/a/20250228V0A22000
宁夏今年力争实现城乡居民基础养老金提标60元以上,https://news.qq.com/rain/a/20250301A075VS00,222,https://news.qq.com/rain/a/20250301A075VS00
胖东来进军“电商”吗？向代购重拳出击！,https://news.qq.com/rain/a/20241211V00QFJ00,222,https://news.qq.com/rain/a/20241211V00QFJ00
诡异：发薪日，英国网银连续第二个月大规模宕机！,https://news.qq.com/rain/a/20250301A02Z1G00,222,https://news.qq.com/rain/a/20250301A02Z1G00
去年一年经历的苦，都在年会上释放出来了，自嘲样样都有.....来看车企的花式年会,https://news.qq.com/rain/a/20250123V0573000,222,https://news.qq.com/rain/a/20250123V0573000
月薪5000，别吃巴奴？,https://news.qq.com/rain/a/20250228A019ZQ00,222,https://news.qq.com/rain/a/20250228A019ZQ00
房地产“新三强”，两个月销售843亿元！,https://news.qq.com/rain/a/20250228A096B900,222,https://news.qq.com/rain/a/20250228A096B900
居民杠杆率骤降，为何年轻人不愿意负债买房了,https://news.qq.com/rain/a/20250227V09WRU00,222,https://news.qq.com/rain/a/20250227V09WRU00
外资加码人民币资产,https://news.qq.com/rain/a/20250228A06VVI00,222,https://news.qq.com/rain/a/20250228A06VVI00
500亿，上海剑指并购,https://news.qq.com/rain/a/20250228A068AX00,222,https://news.qq.com/rain/a/20250228A068AX00
中国楼市要见底了吗？,https://news.qq.com/rain/a/20250210V04QZ600,222,https://news.qq.com/rain/a/20250210V04QZ600
重庆打破公租房户籍申请限制,https://news.qq.com/rain/a/20250228A01DHP00,222,https://news.qq.com/rain/a/20250228A01DHP00
没经验，但想翻建北京农村小院！求建议！,https://news.qq.com/rain/a/20250226V074QB00,222,https://news.qq.com/rain/a/20250226V074QB00
东北地区首笔医保“即时结算”落地大连,https://news.qq.com/rain/a/20250301A022BY00,222,https://news.qq.com/rain/a/20250301A022BY00
人均消费翻倍、食材成本翻番，中国火锅为何能“烫”平中东市场？,https://news.qq.com/rain/a/20250302V00EOK00,222,https://news.qq.com/rain/a/20250302V00EOK00
别让体育沦为饭圈产业链的“人血馒头”！封超话，不会是最后一“刀”,https://news.qq.com/rain/a/20250228A0982Q00,222,https://news.qq.com/rain/a/20250228A0982Q00
“十巨头”登基，A股的科技狂欢，该醒醒了,https://news.qq.com/rain/a/20250225V029Y500,222,https://news.qq.com/rain/a/20250225V029Y500
马上评 | 斥资近2亿购商品房当学生宿舍，这钱花得值,https://news.qq.com/rain/a/20250228A0602700,222,https://news.qq.com/rain/a/20250228A0602700
人均存款首次突破10万大关！,https://news.qq.com/rain/a/20250227V09Z8A00,222,https://news.qq.com/rain/a/20250227V09Z8A00
特朗普关税威胁下 大宗商品交易商竞相向美国出口铜,https://news.qq.com/rain/a/20250227A08VQA00,222,https://news.qq.com/rain/a/20250227A08VQA00
判断房价见底的指标是什么？,https://news.qq.com/rain/a/20250302V03YUV00,222,https://news.qq.com/rain/a/20250302V03YUV00
基金经理调仓路径曝光 三大赛道成为加仓方向,https://news.qq.com/rain/a/20250228A028ZO00,222,https://news.qq.com/rain/a/20250228A028ZO00
日本房地产泡沫的破裂，给普通买房人哪些警示？,https://news.qq.com/rain/a/20250227V01ML600,222,https://news.qq.com/rain/a/20250227V01ML600
四川将大力发展企业年金 备案企业年金账户超4300个,https://news.qq.com/rain/a/20250302A046QY00,222,https://news.qq.com/rain/a/20250302A046QY00
郑州航空港“土地超市”上线试运营 首单交易完成,https://news.qq.com/rain/a/20250301A0004V00,222,https://news.qq.com/rain/a/20250301A0004V00
四大逻辑说透，科创板涨幅，能否超过十年前的创业板？,https://news.qq.com/rain/a/20250301V082UG00,222,https://news.qq.com/rain/a/20250301V082UG00
全国率先！雄安新区推出企业年金自动加入机制,https://news.qq.com/rain/a/20250302A024FO00,222,https://news.qq.com/rain/a/20250302A024FO00
实拍广东农村，好多别墅，有钱人就是不一样,https://news.qq.com/rain/a/20250201V03UCN00,222,https://news.qq.com/rain/a/20250201V03UCN00
赵伟：“俄乌局势”的宏观传导图谱,https://news.qq.com/rain/a/20250228A07T7400,222,https://news.qq.com/rain/a/20250228A07T7400
清华大学硕士陈馨蕊研发DNA专属钻石，获得了钻石放大外观专利，每一颗培育的钻石都能放大30%左右,https://news.qq.com/rain/a/20250126V07UTP00,222,https://news.qq.com/rain/a/20250126V07UTP00
高盛预言沪深300剑指4700点，美梦能否照进现实？,https://news.qq.com/rain/a/20250217V04K5E00,222,https://news.qq.com/rain/a/20250217V04K5E00
我们现在的当务之急，其实是鼓励富人消费,https://news.qq.com/rain/a/20250301A04SAV00,222,https://news.qq.com/rain/a/20250301A04SAV00
库存数据如何影响楼市,https://news.qq.com/rain/a/20250227V09WQF00,222,https://news.qq.com/rain/a/20250227V09WQF00
"比特币或回测关键支撑位73,835美元，为后续涨势奠定基础",https://news.qq.com/rain/a/20250228A0669D00,222,https://news.qq.com/rain/a/20250228A0669D00
2025年房子还能买吗？DeepSeek的回答让我无法反驳！,https://news.qq.com/rain/a/20250213V03XHQ00,222,https://news.qq.com/rain/a/20250213V03XHQ00
香港金管局公布人民币贸易融资流动资金安排首阶段参与银行名单,https://news.qq.com/rain/a/20250228A08ZQ900,222,https://news.qq.com/rain/a/20250228A08ZQ900
南向资金2月净买入超1500亿，港股要翻身了吗？,https://news.qq.com/rain/a/20250228V0A2R700,222,https://news.qq.com/rain/a/20250228V0A2R700
2月卖地收金179.5亿元，杭州土拍也被“六小龙”带火了,https://news.qq.com/rain/a/20250228A07PXL00,222,https://news.qq.com/rain/a/20250228A07PXL00
平潭魅力何在？陈孟邦放弃深圳高薪工作，赴此追梦创业！,https://news.qq.com/rain/a/20241212V03ZBJ00,222,https://news.qq.com/rain/a/20241212V03ZBJ00
溢价29%出让 长沙土地市场春潮涌动,https://news.qq.com/rain/a/20250228A01PXB00,222,https://news.qq.com/rain/a/20250228A01PXB00
2024各省及南北方GDP面积瓜分图,https://news.qq.com/rain/a/20250201V03F6Z00,222,https://news.qq.com/rain/a/20250201V03F6Z00
为什么唐唯实下台？答案来了：净利润下降70%,https://news.qq.com/rain/a/20250227A0218U00,222,https://news.qq.com/rain/a/20250227A0218U00
警惕市场变盘！非农、欧银决议重磅来袭，下周周关键事件全解析,https://news.qq.com/rain/a/20250302A03V9300,222,https://news.qq.com/rain/a/20250302A03V9300
专家喊你盯紧这两类城市！2025年买房该往哪儿押注？,https://news.qq.com/rain/a/20250301V00UG300,222,https://news.qq.com/rain/a/20250301V00UG300
胡润财富报告出炉 太原4100户家庭拥有千万元资产,https://news.qq.com/rain/a/20250227A08ZRR00,222,https://news.qq.com/rain/a/20250227A08ZRR00
连续4个月不降息 央妈在憋大招？,https://news.qq.com/rain/a/20250220V07VXY00,222,https://news.qq.com/rain/a/20250220V07VXY00
高校购置存量房改作学生宿舍，首单落地武汉涉资金1.9亿,https://news.qq.com/rain/a/20250227A08WEB00,222,https://news.qq.com/rain/a/20250227A08WEB00
见贤思齐，保持谦虚，寻找适合自己的环境,https://news.qq.com/rain/a/20250216V035IZ00,222,https://news.qq.com/rain/a/20250216V035IZ00
“北京中轴线无障碍支付服务旅游示范区”建设启动,https://news.qq.com/rain/a/20250302A0434A00,222,https://news.qq.com/rain/a/20250302A0434A00
过去40年的经验：对外开放，对内放开,https://news.qq.com/rain/a/20241227V05VOY00,222,https://news.qq.com/rain/a/20241227V05VOY00
两个月六次，险资举牌风起,https://news.qq.com/rain/a/20250228A019XE00,222,https://news.qq.com/rain/a/20250228A019XE00
AI 爆火，普通人靠这几招，借势 AI 改写阶层命运！,https://news.qq.com/rain/a/20250227V03PQ300,222,https://news.qq.com/rain/a/20250227V03PQ300
金融机构+1！友邦人寿入渝,https://news.qq.com/rain/a/20250228A075GO00,222,https://news.qq.com/rain/a/20250228A075GO00
1月份河北省人民币贷款增加2396.9亿元 同比多增478.5亿元,https://news.qq.com/rain/a/20250227V098NV00,222,https://news.qq.com/rain/a/20250227V098NV00
"某巨鲸50倍杠杆做多BTC和ETH，开仓价分别为85,908美元和2,197美元",https://news.qq.com/rain/a/20250302A02VPQ00,222,https://news.qq.com/rain/a/20250302A02VPQ00
“好房子” 高得房率下，楼市风向将如何转变？房价会分化吗？,https://news.qq.com/rain/a/20250301V0659800,222,https://news.qq.com/rain/a/20250301V0659800
PA日报 | 白宫将于3月7日举办首届加密货币峰会；芝商所将于3月17日推出SOL期货,https://news.qq.com/rain/a/20250301A06B5B00,222,https://news.qq.com/rain/a/20250301A06B5B00
阿维塔 07/11/12 三月购车活动公布，3 年 0 息限时金融政策,https://news.qq.com/rain/a/20250301A07RKF00,222,https://news.qq.com/rain/a/20250301A07RKF00
2025年三类房产尽量别碰，买了就亏概率大，再次强调！,https://news.qq.com/rain/a/20250227V066L200,222,https://news.qq.com/rain/a/20250227V066L200
太平科技保险：顾骁勇不再担任总经理,https://news.qq.com/rain/a/20250302A02RGO00,222,https://news.qq.com/rain/a/20250302A02RGO00
凌晨3点偷挖银行土？全网疯抢的“暴富秘术”比诈骗套路还野,https://news.qq.com/rain/a/20250228V07Z9500,222,https://news.qq.com/rain/a/20250228V07Z9500
广州旧改争议地块被探出商周遗址？南都再探“肥猪山庄”,https://news.qq.com/rain/a/20250228A040QX00,222,https://news.qq.com/rain/a/20250228A040QX00
领钥匙了！工人村居民开启幸福新生活,https://news.qq.com/rain/a/20250301V047TV00,222,https://news.qq.com/rain/a/20250301V047TV00
福州发放首笔“按区认房”住房公积金贷款,https://news.qq.com/rain/a/20250228A0219000,222,https://news.qq.com/rain/a/20250228A0219000
打工人必看！别错过！个税综合所得汇算预约攻略来袭,https://news.qq.com/rain/a/20250228V03EEW00,222,https://news.qq.com/rain/a/20250228V03EEW00
这一保险再迎政策吹风！,https://news.qq.com/rain/a/20250227A099CZ00,222,https://news.qq.com/rain/a/20250227A099CZ00
吴晓波：“信心”和“陌生感”是2024年企业界讨论最多的两个词,https://news.qq.com/rain/a/20241230V09CPK00,222,https://news.qq.com/rain/a/20241230V09CPK00
降息周期遇上执政周期，美国地产将走向何方？ | 信达宏观,https://news.qq.com/rain/a/20250301A02UBW00,222,https://news.qq.com/rain/a/20250301A02UBW00
买房送户口，城市资源大洗牌,https://news.qq.com/rain/a/20250222V05EIW00,222,https://news.qq.com/rain/a/20250222V05EIW00
Greeks.live：社区情绪似乎普遍看空，交易员密切关注BTC 8.2万美元支撑位,https://news.qq.com/rain/a/20250301A07SAA00,222,https://news.qq.com/rain/a/20250301A07SAA00
全国房价最贵城市，TOP5排名演化史！,https://news.qq.com/rain/a/20250226V0AGJE00,222,https://news.qq.com/rain/a/20250226V0AGJE00
北京农商银行2024年成绩单出炉!,https://news.qq.com/rain/a/20250228A092WR00,222,https://news.qq.com/rain/a/20250228A092WR00
三五环丨No.174 石老板：我还在持续创作，只是换了不同的世界,https://news.qq.com/rain/a/20241203V090LJ00,222,https://news.qq.com/rain/a/20241203V090LJ00
四项指标创新高！广州住房公积金总体业务规模全国第三,https://news.qq.com/rain/a/20250228A09HAW00,222,https://news.qq.com/rain/a/20250228A09HAW00
一招横颜一笑，捕捉二次涨停！,https://news.qq.com/rain/a/20250301V06CPI00,222,https://news.qq.com/rain/a/20250301V06CPI00
高层住宅即将洗牌,https://news.qq.com/rain/a/20250228A08YYC00,222,https://news.qq.com/rain/a/20250228A08YYC00
幼儿园生源锐减，人口结构变化下的房地产新逻辑,https://news.qq.com/rain/a/20250222V04AN300,222,https://news.qq.com/rain/a/20250222V04AN300
新年伊始，楼市最重磅的政策落地了,https://news.qq.com/rain/a/20250301A05CCA00,222,https://news.qq.com/rain/a/20250301A05CCA00
主力大调仓A股见顶？不宜过分悲观接下来重点看这里，下周攻略,https://news.qq.com/rain/a/20250302V06COG00,222,https://news.qq.com/rain/a/20250302V06COG00
阿维塔完成第二期57.5亿股权转让 与华为深化战略合作,https://news.qq.com/rain/a/20250301A00REE00,222,https://news.qq.com/rain/a/20250301A00REE00
楼市背后，人口、科技与经济的博弈,https://news.qq.com/rain/a/20250227V09UL600,222,https://news.qq.com/rain/a/20250227V09UL600
Michael Saylor：2025年前两个月实现26亿美元的比特币收益,https://news.qq.com/rain/a/20250301A082LM00,222,https://news.qq.com/rain/a/20250301A082LM00
最低月租421元！租金打“六折”，多个一线城市集体出手,https://news.qq.com/rain/a/20250302V02V7P00,222,https://news.qq.com/rain/a/20250302V02V7P00
“免息券”不免息？当心，稍不留神就容易踩坑,https://news.qq.com/rain/a/20250302A04PMW00,222,https://news.qq.com/rain/a/20250302A04PMW00
住房城乡建设部：去年新开工改造城镇老旧小区5.8万个,https://news.qq.com/rain/a/20250221V05WL100,222,https://news.qq.com/rain/a/20250221V05WL100
年内授信总额300亿元！广州发布“穗信贷”金融产品,https://news.qq.com/rain/a/20250227A09GZS00,222,https://news.qq.com/rain/a/20250227A09GZS00
1.935升茅台1935，全国仅四席，门槛有亿点点高,https://news.qq.com/rain/a/20250302V0366H00,222,https://news.qq.com/rain/a/20250302V0366H00
小阳春到底来没来？,https://news.qq.com/rain/a/20250301A01JYO00,222,https://news.qq.com/rain/a/20250301A01JYO00
从互联网到AI，科技如何带动房地产市场,https://news.qq.com/rain/a/20250219V09LWF00,222,https://news.qq.com/rain/a/20250219V09LWF00
直击上海楼市：小阳春已上路，这类房子成交最多,https://news.qq.com/rain/a/20250301A01H8I00,222,https://news.qq.com/rain/a/20250301A01H8I00
国内存款超过十万元的家庭不足10%,https://news.qq.com/rain/a/20250228A0148G00,222,https://news.qq.com/rain/a/20250228A0148G00
如果市场再给你一次机会呢？（2025年3月策略2025.03.02）,https://news.qq.com/rain/a/20250302A0657300,222,https://news.qq.com/rain/a/20250302A0657300
上热搜！有专家称，房地产永远是朝阳产业,https://news.qq.com/rain/a/20250227V05PJI00,222,https://news.qq.com/rain/a/20250227V05PJI00
亚厦股份实控人张杏娟购回质押的162.6万股，占总股本0.12%,https://news.qq.com/rain/a/20250228A07V3I00,222,https://news.qq.com/rain/a/20250228A07V3I00
北京40万一平的房子就长这个样,https://news.qq.com/rain/a/20250220V04JCE00,222,https://news.qq.com/rain/a/20250220V04JCE00
应对大行下沉“掐尖” 中小银行另辟蹊径迎开门红,https://news.qq.com/rain/a/20250228A02DHX00,222,https://news.qq.com/rain/a/20250228A02DHX00
最新补贴政策、咨询电话！@绍兴人，快收好,https://news.qq.com/rain/a/20250228A04RQH00,222,https://news.qq.com/rain/a/20250228A04RQH00
Matrixport：对冲基金解除套利仓位造成近期下跌，至少25%ETF资金与套利相关,https://news.qq.com/rain/a/20250228A07B5S00,222,https://news.qq.com/rain/a/20250228A07B5S00
深圳楼市，猛药来了？,https://news.qq.com/rain/a/20250227A092XL00,222,https://news.qq.com/rain/a/20250227A092XL00
房产分割新规颠覆认知，房产证加名≠分一半，这些情况加了也白加,https://news.qq.com/rain/a/20250222V06CA700,222,https://news.qq.com/rain/a/20250222V06CA700
合肥最贵100个小区盘点，均价最高6万+！,https://news.qq.com/rain/a/20250301A07NWT00,222,https://news.qq.com/rain/a/20250301A07NWT00
二十年后的房地产市场将如何？现在已经出现趋势,https://news.qq.com/rain/a/20250219V09F5E00,222,https://news.qq.com/rain/a/20250219V09F5E00
超3000万，这个西部城市何以成为全国人口第一大市？,https://news.qq.com/rain/a/20250301A0496S00,222,https://news.qq.com/rain/a/20250301A0496S00
2015到2025这10年，楼市发生了哪些变化,https://news.qq.com/rain/a/20250219V03EB400,222,https://news.qq.com/rain/a/20250219V03EB400
富国基金：旗下200只基金自成立以来出现亏损，最大亏损近50%,https://news.qq.com/rain/a/20250228A080Q600,222,https://news.qq.com/rain/a/20250228A080Q600
丰田拟为日本生产的零部件支付更高价格，以帮助供应商提高工资,https://news.qq.com/rain/a/20250228A06CBD00,222,https://news.qq.com/rain/a/20250228A06CBD00
2025年买房关注两个中心，四个基本点,https://news.qq.com/rain/a/20250221V045YT00,222,https://news.qq.com/rain/a/20250221V045YT00
摩根大通：南向资金流入内地银行股 中国平安为主,https://news.qq.com/rain/a/20250228A06FN800,222,https://news.qq.com/rain/a/20250228A06FN800
资本市场对外开放提速 中国资产“磁吸力”增强,https://news.qq.com/rain/a/20250228A03Q2000,222,https://news.qq.com/rain/a/20250228A03Q2000
李勇：科技金融亟待实现从“输血支持”到“造血赋能”的质变,https://news.qq.com/rain/a/20250302V03VTZ00,222,https://news.qq.com/rain/a/20250302V03VTZ00
房价下跌三年！这个一线城市，再出救市大招！,https://news.qq.com/rain/a/20250228A04B6S00,222,https://news.qq.com/rain/a/20250228A04B6S00
银行水卖38.8元一瓶：财富焦虑下的“智商税”还是新商机？,https://news.qq.com/rain/a/20250228V00JR900,222,https://news.qq.com/rain/a/20250228V00JR900
百城二手房价格连续7个月环比跌幅收窄，核心城市节后交易量快速复苏,https://news.qq.com/rain/a/20250302A01YSW00,222,https://news.qq.com/rain/a/20250302A01YSW00
企业还有监察委，农夫的“飞检”团队，对质量严格要求，只对老板汇报,https://news.qq.com/rain/a/20250123V09E8J00,222,https://news.qq.com/rain/a/20250123V09E8J00
跌了别慌，试试巴菲特的「灵魂三问」,https://news.qq.com/rain/a/20250228A09RJI00,222,https://news.qq.com/rain/a/20250228A09RJI00
重磅利好！万科安全了，楼市有希望了,https://news.qq.com/rain/a/20250213V00IJ000,222,https://news.qq.com/rain/a/20250213V00IJ000
挑战中国首富！雷军商业版图一览,https://news.qq.com/rain/a/20250228A084BE00,222,https://news.qq.com/rain/a/20250228A084BE00
投顾公司集中遭罚，益学智迅、益盟等在列，新年两月23张,https://news.qq.com/rain/a/20250227A09D6500,222,https://news.qq.com/rain/a/20250227A09D6500
房租跌回十年前？多地打响 “六折租房战”，房价将何去何从？,https://news.qq.com/rain/a/20250228V08CKT00,222,https://news.qq.com/rain/a/20250228V08CKT00
石头科技四季度营收大涨65.94%，近50只基金提前布局,https://news.qq.com/rain/a/20250228A05F4700,222,https://news.qq.com/rain/a/20250228A05F4700
半岛小金妹|没有最低只有更低，比价就能降利率！消费贷市场“卷”出新花样，“比价降利率”有望成为新常态,https://news.qq.com/rain/a/20250301V04BB200,222,https://news.qq.com/rain/a/20250301V04BB200
深圳罗湖清水河总部新城又一个项目开工,https://news.qq.com/rain/a/20250228A0964K00,222,https://news.qq.com/rain/a/20250228A0964K00
670万买的楼王交钱时发现采光差：退款了，扣了几万违约金,https://news.qq.com/rain/a/20250228V054DN00,222,https://news.qq.com/rain/a/20250228V054DN00
深圳房价连涨5个月，楼市要回暖了？,https://news.qq.com/rain/a/20250228A0823400,222,https://news.qq.com/rain/a/20250228A0823400
钱理群：看不清楚时也不要随便表态,https://news.qq.com/rain/a/20241220V06Y2100,222,https://news.qq.com/rain/a/20241220V06Y2100
出一半钱买一半产权，无锡推出“共有产权商品房”,https://news.qq.com/rain/a/20250228A09G1V00,222,https://news.qq.com/rain/a/20250228A09G1V00
2025年将会是中国资产被重新审视的一年,https://news.qq.com/rain/a/20250228V03QSX00,222,https://news.qq.com/rain/a/20250228V03QSX00
大基金三期出资2240亿元 | 中国私募股权投资基金LP月报（2025年1月）,https://news.qq.com/rain/a/20250228A09PZ300,222,https://news.qq.com/rain/a/20250228A09PZ300
楼市分化愈演愈烈！远郊降级成“环沪”，正在全面被抛弃,https://news.qq.com/rain/a/20250201V05P8X00,222,https://news.qq.com/rain/a/20250201V05P8X00
亚太首只零售代币化货币市场基金上线以太坊，初始规模约1.07亿美元,https://news.qq.com/rain/a/20250302A04IM900,222,https://news.qq.com/rain/a/20250302A04IM900
这几个楼市领头羊，春心荡漾了,https://news.qq.com/rain/a/20250220V0575I00,222,https://news.qq.com/rain/a/20250220V0575I00
东莞公积金新规出台！还贷提取有调整，还可“销户提取”,https://news.qq.com/rain/a/20250228A09DAP00,222,https://news.qq.com/rain/a/20250228A09DAP00
普华永道：2025年中国并购交易量或两位数增长,https://news.qq.com/rain/a/20250301A021DF00,222,https://news.qq.com/rain/a/20250301A021DF00
妇女节临近，女士热衷给自己送金饰,https://news.qq.com/rain/a/20250301V0815C00,222,https://news.qq.com/rain/a/20250301V0815C00
北京新房成交迎“开门红” 部分区域房企仍需“贴身肉搏”,https://news.qq.com/rain/a/20250301A0130J00,222,https://news.qq.com/rain/a/20250301A0130J00
培养良好心态，迎接市场挑战,https://news.qq.com/rain/a/20250228V06HC000,222,https://news.qq.com/rain/a/20250228V06HC000
佛山出台房贷“商转公”政策 4月1日起实施有效期5年,https://news.qq.com/rain/a/20250228A01DQX00,222,https://news.qq.com/rain/a/20250228A01DQX00
太平科技总经理顾骁勇：科技金融背景下，科技保险市场潜力巨大,https://news.qq.com/rain/a/20241217V05RN100,222,https://news.qq.com/rain/a/20241217V05RN100
哪吒2百亿神话：动画产业的钱景密码,https://news.qq.com/rain/a/20250215V06ES900,222,https://news.qq.com/rain/a/20250215V06ES900
花旗，传误将81万亿美元超级巨款存进客户账户,https://news.qq.com/rain/a/20250301A07O4H00,222,https://news.qq.com/rain/a/20250301A07O4H00
小阳春会不会来4：AI预测“小阳春”靠不靠谱？,https://news.qq.com/rain/a/20250228V05SO600,222,https://news.qq.com/rain/a/20250228V05SO600
你说山寨季为何不来？加密只是个巨大的“发币工厂”，两年增加3000万个代币,https://news.qq.com/rain/a/20250228A08Z6G00,222,https://news.qq.com/rain/a/20250228A08Z6G00
马光远：信心逆转的关键仍是房地产,https://news.qq.com/rain/a/20250225V031SZ00,222,https://news.qq.com/rain/a/20250225V031SZ00
当算力战争遇上资本警戒线：阿里百度AI战略分野的ROIC密码,https://news.qq.com/rain/a/20250228A0A0JR00,222,https://news.qq.com/rain/a/20250228A0A0JR00
民生加银康泰养老FOF基金2024年四季度大幅调仓 A类份额成立以来浮亏近26%,https://news.qq.com/rain/a/20250228A08RQW00,222,https://news.qq.com/rain/a/20250228A08RQW00
南四环新中式大宅，这地段你说值不值？,https://news.qq.com/rain/a/20250227V05RCX00,222,https://news.qq.com/rain/a/20250227V05RCX00
@申领养老金的阿姨爷叔，这4个问答请收好,https://news.qq.com/rain/a/20250301A067E000,222,https://news.qq.com/rain/a/20250301A067E000
2025年“数字经济”奔向何方,https://news.qq.com/rain/a/20250301V076SN00,222,https://news.qq.com/rain/a/20250301V076SN00
城市发展新方向，广东省2025年城市更新项目预计投入4000亿元,https://news.qq.com/rain/a/20250227A09F1U00,222,https://news.qq.com/rain/a/20250227A09F1U00
2024，你的行业赚钱了吗？,https://news.qq.com/rain/a/20250113V07FMV00,222,https://news.qq.com/rain/a/20250113V07FMV00
泽连斯基连发35个感谢，美乌博弈背后的全球资本流向暗示了什么？,https://news.qq.com/rain/a/20250302V065CC00,222,https://news.qq.com/rain/a/20250302V065CC00
乌英签署22.6亿英镑贷款协议，官员：这与阿布出售切尔西所得无关,https://news.qq.com/rain/a/20250302A06C4G00,222,https://news.qq.com/rain/a/20250302A06C4G00
2025年北京买房最值得期待的3个板块！,https://news.qq.com/rain/a/20250223V04Q3F00,222,https://news.qq.com/rain/a/20250223V04Q3F00
李嘉诚蝉联福布斯香港首富 身家373亿美元,https://news.qq.com/rain/a/20250228A033EK00,222,https://news.qq.com/rain/a/20250228A033EK00
城市更新观点之107：地产人转型城市更新，能持否？,https://news.qq.com/rain/a/20250225V01AQS00,222,https://news.qq.com/rain/a/20250225V01AQS00
千里科技：拟与吉利、路特斯等签订《车BU投资框架协议》,https://news.qq.com/rain/a/20250302A05R1300,222,https://news.qq.com/rain/a/20250302A05R1300
民生银行北分拦截电诈 为客户挽损181万元,https://news.qq.com/rain/a/20250227A08WYC00,222,https://news.qq.com/rain/a/20250227A08WYC00
董希淼：加大制度创新力度，为金融服务科技型企业创造良好的政策环境,https://news.qq.com/rain/a/20250302V03UKO00,222,https://news.qq.com/rain/a/20250302V03UKO00
宁夏银川：公积金政策助力灵活就业人员实现“安居梦”,https://news.qq.com/rain/a/20250301A07BUA00,222,https://news.qq.com/rain/a/20250301A07BUA00
低价内卷式的竞争，更容易滋生劣币驱逐良币的现象,https://news.qq.com/rain/a/20241218V0750A00,222,https://news.qq.com/rain/a/20241218V0750A00
新房价格三连涨！南京楼市“复苏”,https://news.qq.com/rain/a/20250228A04M4P00,222,https://news.qq.com/rain/a/20250228A04M4P00
三大因素支撑，广州老城“改善需求”楼盘爆发,https://news.qq.com/rain/a/20250220V07Z6900,222,https://news.qq.com/rain/a/20250220V07Z6900
纪录片：走进美国东海岸最大最繁忙的港口，如何进行集装箱的装卸和运输？一睹美国港口工人的日常（四）,https://news.qq.com/rain/a/20250115V095SX00,222,https://news.qq.com/rain/a/20250115V095SX00
特朗普希望审查美联储和黄金储备的原因，将对黄金、资本市场带来什么影响？｜国际,https://news.qq.com/rain/a/20250302A063A400,222,https://news.qq.com/rain/a/20250302A063A400
为何郑州的房地产“收储”推进迅速？,https://news.qq.com/rain/a/20250218V09GK500,222,https://news.qq.com/rain/a/20250218V09GK500
华南城：现金流不足以支付2022/2023年度末期股息，竭力于今年底前兑付,https://news.qq.com/rain/a/20250228A04TZ800,222,https://news.qq.com/rain/a/20250228A04TZ800
老人多次申领房产证 却一直办不下来？征收单位回应审核流程,https://news.qq.com/rain/a/20250223V034OW00,222,https://news.qq.com/rain/a/20250223V034OW00
​淄博：推进养老事业和养老产业协同发展,https://news.qq.com/rain/a/20250228A03HUY00,222,https://news.qq.com/rain/a/20250228A03HUY00
科技牛好搭档，自由现金流为什么那么重要？,https://news.qq.com/rain/a/20250227V09OCU00,222,https://news.qq.com/rain/a/20250227V09OCU00
加速剥离房地产，山东国惠拟4766万转让济南丰和泰置业50%股权,https://news.qq.com/rain/a/20250228A07A7Y00,222,https://news.qq.com/rain/a/20250228A07A7Y00
戴德梁行：即将迎来新一轮楼市供应周期,https://news.qq.com/rain/a/20250228A07OHX00,222,https://news.qq.com/rain/a/20250228A07OHX00
重庆楼市回暖信号明显！政策暖风如何吹出成交新高？,https://news.qq.com/rain/a/20250228V00WF800,222,https://news.qq.com/rain/a/20250228V00WF800
有土拍狂飙70%溢价，“小阳春”成色几何？专家：市场活跃度在提升,https://news.qq.com/rain/a/20250228A06YOI00,222,https://news.qq.com/rain/a/20250228A06YOI00
消费品经营必学“时间自由”概念,https://news.qq.com/rain/a/20250213V06XKW00,222,https://news.qq.com/rain/a/20250213V06XKW00
同批拆迁的人都已入住 自己却还未收到房？征收单位回应解决方案,https://news.qq.com/rain/a/20250215V03D0600,222,https://news.qq.com/rain/a/20250215V03D0600
R2低风险理财暴雷！华福证券“高端定制”成血本无归陷阱，百亿私募创始人成老赖,https://news.qq.com/rain/a/20250302A069AC00,222,https://news.qq.com/rain/a/20250302A069AC00
楼市大势，北上深房价涨，广州开始止跌,https://news.qq.com/rain/a/20250227V08BUB00,222,https://news.qq.com/rain/a/20250227V08BUB00
细数本轮庄家收割大典：看看你都踩过什么坑？,https://news.qq.com/rain/a/20250228A09DRL00,222,https://news.qq.com/rain/a/20250228A09DRL00
多地加速推进闲置土地回购，能否激发楼市新活力？,https://news.qq.com/rain/a/20250219V07NC500,222,https://news.qq.com/rain/a/20250219V07NC500
至少4家！这些省级农商银行或农商联合银行有望在年内完成筹建,https://news.qq.com/rain/a/20250228A08A2Z00,222,https://news.qq.com/rain/a/20250228A08A2Z00
长盛轴承涨十倍的资本运作,https://news.qq.com/rain/a/20250228V02RHS00,222,https://news.qq.com/rain/a/20250228V02RHS00
业绩比较基准降低！多家理财公司密集调整，有的产品跌破2%,https://news.qq.com/rain/a/20250228A049U500,222,https://news.qq.com/rain/a/20250228A049U500
烂尾近10年！上海八埭头滨江园重启，由中海代建,https://news.qq.com/rain/a/20250228A07NFF00,222,https://news.qq.com/rain/a/20250228A07NFF00
湖北线上“政采贷”贷款金额连续两年全国第一,https://news.qq.com/rain/a/20250228V09AJ900,222,https://news.qq.com/rain/a/20250228V09AJ900
共筑诚信金融 守护权益同行！“3·15”优秀金融消保案例征集活动启动,https://news.qq.com/rain/a/20250228A08MWX00,222,https://news.qq.com/rain/a/20250228A08MWX00
风口财评｜中金&银河，狼又来了,https://news.qq.com/rain/a/20250227V099G200,222,https://news.qq.com/rain/a/20250227V099G200
英伟达估值其实很便宜？远期市盈率低于苹果！,https://news.qq.com/rain/a/20250228A09O1L00,222,https://news.qq.com/rain/a/20250228A09O1L00
天津楼市的巨大缺陷 为啥小四室这么少？,https://news.qq.com/rain/a/20250224V045Z900,222,https://news.qq.com/rain/a/20250224V045Z900
汉口银行定向发行8.7353亿股，募集资金总额45.86亿元,https://news.qq.com/rain/a/20250228A0042D00,222,https://news.qq.com/rain/a/20250228A0042D00
保险资金多元投资收益稳步提升,https://news.qq.com/rain/a/20250302A02WD200,222,https://news.qq.com/rain/a/20250302A02WD200
广州公租房9折优惠，真的能吸引人才吗？,https://news.qq.com/rain/a/20250226V087TK00,222,https://news.qq.com/rain/a/20250226V087TK00
苏州公积金中心严正声明,https://news.qq.com/rain/a/20250228A0A5SQ00,222,https://news.qq.com/rain/a/20250228A0A5SQ00
今年中国企业的并购交易市场被看好 或将在去年的基础上达到两位数的增长,https://news.qq.com/rain/a/20250228A04TW700,222,https://news.qq.com/rain/a/20250228A04TW700
商品ETF：小众资产如何分散风险,https://news.qq.com/rain/a/20250227V09T3700,222,https://news.qq.com/rain/a/20250227V09T3700
最新公告！大厂回族自治县养老保险2025年资格认证【指南】,https://news.qq.com/rain/a/20250301A023AB00,222,https://news.qq.com/rain/a/20250301A023AB00
近距离实拍化州首富的家，一般的别墅真比不了,https://news.qq.com/rain/a/20250203V047JW00,222,https://news.qq.com/rain/a/20250203V047JW00
往事｜从“谭敬家造”看民国书画作伪现象,https://news.qq.com/rain/a/20250228A01TJG00,222,https://news.qq.com/rain/a/20250228A01TJG00
隋田力的财务造假“黑洞”：吞噬15家公司超900亿,https://news.qq.com/rain/a/20250208V08M5E00,222,https://news.qq.com/rain/a/20250208V08M5E00
时隔五年，航空发动机巨头罗罗恢复股东分红,https://news.qq.com/rain/a/20250228A09H1S00,222,https://news.qq.com/rain/a/20250228A09H1S00
福州购买多套房如何都按“首套房”计算？公积金限时政策了解一下,https://news.qq.com/rain/a/20250228V02X2V00,222,https://news.qq.com/rain/a/20250228V02X2V00
投资产业基金+成立合资公司 凯赛生物“撬动”宁德时代与合肥国资,https://news.qq.com/rain/a/20250228A06O1W00,222,https://news.qq.com/rain/a/20250228A06O1W00
北京买房2025年还有小阳春么,https://news.qq.com/rain/a/20250224V09LX600,222,https://news.qq.com/rain/a/20250224V09LX600
耐心资本助力广东先进制造业“筑基攀峰”,https://news.qq.com/rain/a/20250228A092O400,222,https://news.qq.com/rain/a/20250228A092O400
媒体高管：若无法遏制猖獗的盗版，体育转播行业将面临财务危机,https://news.qq.com/rain/a/20250227A09XLP00,222,https://news.qq.com/rain/a/20250227A09XLP00
“比学赶超，树立标杆”山东高品质住宅观摩交流活动在青岛崂山圆满举行,https://news.qq.com/rain/a/20250228V06ABW00,222,https://news.qq.com/rain/a/20250228V06ABW00
深圳龙华启动“万房筑梦”青年安居计划,https://news.qq.com/rain/a/20250227A0930000,222,https://news.qq.com/rain/a/20250227A0930000
从30平方小门面到拥有两家工厂，这个百荣D座女商户是如何把塑料百货做成千万级生意,https://news.qq.com/rain/a/20241223V09DOQ00,222,https://news.qq.com/rain/a/20241223V09DOQ00
西洞庭管理区政银企对接会达成4.5亿元资金支持意向,https://news.qq.com/rain/a/20250227A09T3600,222,https://news.qq.com/rain/a/20250227A09T3600
中企云链刘长波：产业数字化是提升新质生产力的关键所在,https://news.qq.com/rain/a/20250107V04R8X00,222,https://news.qq.com/rain/a/20250107V04R8X00
楼市“开门红”！2月广州热销楼盘、降价楼盘清单,https://news.qq.com/rain/a/20250228A05NIG00,222,https://news.qq.com/rain/a/20250228A05NIG00
一线城市房价走势略有分化，香港最惨，近10年房价原地踏步,https://news.qq.com/rain/a/20250302V05UMN00,222,https://news.qq.com/rain/a/20250302V05UMN00
印尼盾对美元汇率跌破16500关口 创近五年低位,https://news.qq.com/rain/a/20250228A09BB100,222,https://news.qq.com/rain/a/20250228A09BB100
销售承诺楼王全天采光，夫妻花670万买下却发现采光差，经协商扣除违约金办理退房,https://news.qq.com/rain/a/20250228V076KR00,222,https://news.qq.com/rain/a/20250228V076KR00
75只基金分红超亿元！债基成主力，QDII基金分红同比增幅超1220%,https://news.qq.com/rain/a/20250228A09GLN00,222,https://news.qq.com/rain/a/20250228A09GLN00
全国多地出台住房公积金新政，提取直付房租，异地购房成亮点,https://news.qq.com/rain/a/20250226V0AAFV00,222,https://news.qq.com/rain/a/20250226V0AAFV00
嘉实基金老将洪流清仓式卸任，年内已有55位基金经理离职,https://news.qq.com/rain/a/20250228A04H7O00,222,https://news.qq.com/rain/a/20250228A04H7O00
“智取”新蜀道 | 低谷之时，天津钢管的日子过得有多难？,https://news.qq.com/rain/a/20241219V01UMA00,222,https://news.qq.com/rain/a/20241219V01UMA00
2025 炒黄金平台 TOP10：投资者必看的正规平台介绍,https://news.qq.com/rain/a/20250228A06ZUY00,222,https://news.qq.com/rain/a/20250228A06ZUY00
泉果基金2024年四季报：政策路径清晰，2025年市场前景乐观,https://news.qq.com/rain/a/20250228A047ME00,222,https://news.qq.com/rain/a/20250228A047ME00
港股IPO递表第028期：生物科技公司映恩生物,https://news.qq.com/rain/a/20250228V057GG00,222,https://news.qq.com/rain/a/20250228V057GG00
2025年1-2月上海房地产企业销售业绩TOP20,https://news.qq.com/rain/a/20250228A082YK00,222,https://news.qq.com/rain/a/20250228A082YK00
用“四天”诠释一个红盘——天保天成燕居的热销真相【天保】,https://news.qq.com/rain/a/20250220V08K4A00,222,https://news.qq.com/rain/a/20250220V08K4A00
城市更新观点之106：没有内容的空间只是房子,https://news.qq.com/rain/a/20250218V03TX200,222,https://news.qq.com/rain/a/20250218V03TX200
遭疯抢的“银行土”“银行水”已下架！律师：别被“财富幻觉”忽悠了,https://news.qq.com/rain/a/20250227A09IFD00,222,https://news.qq.com/rain/a/20250227A09IFD00
地产新闻速递：住建部加速建设保障房轮候库,https://news.qq.com/rain/a/20250219V02PWF00,222,https://news.qq.com/rain/a/20250219V02PWF00
剔除财务造假“顽石”，维护资本市场诚信基石,https://news.qq.com/rain/a/20250301A04IEH00,222,https://news.qq.com/rain/a/20250301A04IEH00
地产新闻速递：房地产政策或成两会焦点,https://news.qq.com/rain/a/20250225V03A2C00,222,https://news.qq.com/rain/a/20250225V03A2C00
中国黄金高层管理人员变动 总经理刘炜明等辞去职务,https://news.qq.com/rain/a/20250228A099M900,222,https://news.qq.com/rain/a/20250228A099M900
成都郫都开展城市价值推介 共建共享“锦绣郫都”,https://news.qq.com/rain/a/20250228A074UD00,222,https://news.qq.com/rain/a/20250228A074UD00
两部门：鼓励外资在华开展股权投资,https://news.qq.com/rain/a/20250219V074WL00,222,https://news.qq.com/rain/a/20250219V074WL00
聚才苏河畔，乐居在普陀！普陀持续做优人才服务生态圈,https://news.qq.com/rain/a/20250301A04Q4G00,222,https://news.qq.com/rain/a/20250301A04Q4G00
多家房企债务重组进度更新！,https://news.qq.com/rain/a/20250228V0495A00,222,https://news.qq.com/rain/a/20250228V0495A00
2025年1-2月房地产企业销售表现·观点月度指数,https://news.qq.com/rain/a/20250228A08O1R00,222,https://news.qq.com/rain/a/20250228A08O1R00
延边州住房公积金2024年年度报告,https://news.qq.com/rain/a/20250228V02PVB00,222,https://news.qq.com/rain/a/20250228V02PVB00
美联储政策悬而未决：特朗普政策下的资本市场不确定性,https://news.qq.com/rain/a/20250228A02XYT00,222,https://news.qq.com/rain/a/20250228A02XYT00
事关公积金新政 官方最新回应,https://news.qq.com/rain/a/20250219V037K000,222,https://news.qq.com/rain/a/20250219V037K000
工视评丨“银行土”能招财？千万别交“智商税”,https://news.qq.com/rain/a/20250228A06QOJ00,222,https://news.qq.com/rain/a/20250228A06QOJ00
2025年楼市“复苏”真的来了？别扯淡，路还长着呢,https://news.qq.com/rain/a/20250301V02P0Z00,222,https://news.qq.com/rain/a/20250301V02P0Z00
分红更高，波动率更低的泰康香港银行指数净值刷新历史新高！险资扫货银行股，板块配置价值凸显,https://news.qq.com/rain/a/20250228A04JHF00,222,https://news.qq.com/rain/a/20250228A04JHF00
感觉信用贷“靠谱”，拉朋友来房屋贷？,https://news.qq.com/rain/a/20250213V06LZP00,222,https://news.qq.com/rain/a/20250213V06LZP00
资本补充需求迫切，湖北银行冲刺IPO拟增发18亿股,https://news.qq.com/rain/a/20250228A01GGO00,222,https://news.qq.com/rain/a/20250228A01GGO00
耗时不到3分钟，田间多抹“东方红”,https://news.qq.com/rain/a/20241229V04P3U00,222,https://news.qq.com/rain/a/20241229V04P3U00
一周保险速览（02.21—02.28）,https://news.qq.com/rain/a/20250301A000J800,222,https://news.qq.com/rain/a/20250301A000J800
生产效率提升25%！探秘运动饮料产线何以加“数”,https://news.qq.com/rain/a/20250119V05RZE00,222,https://news.qq.com/rain/a/20250119V05RZE00
阳光财产保险宁波市分公司被罚56万元：财务业务数据不真实,https://news.qq.com/rain/a/20250301A02NYO00,222,https://news.qq.com/rain/a/20250301A02NYO00
向前一步｜马奥尼观察：“12345”的民意之声,https://news.qq.com/rain/a/20241219V05CZ600,222,https://news.qq.com/rain/a/20241219V05CZ600
存量商品房转保障房，2025收储潮开始启动,https://news.qq.com/rain/a/20250215V0770L00,222,https://news.qq.com/rain/a/20250215V0770L00
2025年全国期货交易大赛火热报名中，百万奖金等你来战！,https://news.qq.com/rain/a/20250228A05ZFI00,222,https://news.qq.com/rain/a/20250228A05ZFI00
周五为什么下跌，后市如何发展？,https://news.qq.com/rain/a/20250302V06FFS00,222,https://news.qq.com/rain/a/20250302V06FFS00
热点城市聚焦：上海房东集体“大逃亡”？有人降价100万抛售，有人抄底内环捡漏…,https://news.qq.com/rain/a/20250227A03QVC00,222,https://news.qq.com/rain/a/20250227A03QVC00
北京公积金可直付房租，为雪中送炭的好政策点赞！,https://news.qq.com/rain/a/20250217V08LM800,222,https://news.qq.com/rain/a/20250217V08LM800
同业存单发行利率“碾压”MLF，期限倒挂幅度创新高,https://news.qq.com/rain/a/20250227A09KQP00,222,https://news.qq.com/rain/a/20250227A09KQP00
金测会主题演讲来了！ 第九届金融业软件测试成果交流会上工商银行孙艳、农业银行蔡仕志、建信金融科技朱晓光发表主题演讲,https://news.qq.com/rain/a/20241220V06NWX00,222,https://news.qq.com/rain/a/20241220V06NWX00
刘永好：鼓励员工用AI，建议对到农村创业年轻人给予补贴,https://news.qq.com/rain/a/20250227A09SV100,222,https://news.qq.com/rain/a/20250227A09SV100
数量缩减、逾期攀升！信用卡市场为何恶化？,https://news.qq.com/rain/a/20250227A09Y8Q00,222,https://news.qq.com/rain/a/20250227A09Y8Q00
多地官宣取消“公摊”，买房能少花钱吗？,https://news.qq.com/rain/a/20250207V05MDJ00,222,https://news.qq.com/rain/a/20250207V05MDJ00
自如美家二手房业务发布，“品质好房、全网联卖、佣金折扣”轻松买卖好房,https://news.qq.com/rain/a/20250301A04JDR00,222,https://news.qq.com/rain/a/20250301A04JDR00
新生儿数据与新房销售双降，三四线城市该如何自救,https://news.qq.com/rain/a/20250213V0069O00,222,https://news.qq.com/rain/a/20250213V0069O00
珠海的房子为什么不值得投资？,https://news.qq.com/rain/a/20250210V04QB000,222,https://news.qq.com/rain/a/20250210V04QB000
基汇资本“暴雷”迷雾 逃离美国奥克兰酒店,https://news.qq.com/rain/a/20250301A00MU700,222,https://news.qq.com/rain/a/20250301A00MU700
三四线城市老家的房子该卖掉还是该留着？,https://news.qq.com/rain/a/20250204V01MOW00,222,https://news.qq.com/rain/a/20250204V01MOW00
逾700亿元险资投向股权领域，未来上升空间还有多大？,https://news.qq.com/rain/a/20250228A09NK100,222,https://news.qq.com/rain/a/20250228A09NK100
近百家GP去了北京和深圳！温州市科创基金交流会成功举办,https://news.qq.com/rain/a/20250302A02ZCS00,222,https://news.qq.com/rain/a/20250302A02ZCS00
国铁集团开展铁路物流金融服务，助力社会物流成本的降低,https://news.qq.com/rain/a/20250228A07K5600,222,https://news.qq.com/rain/a/20250228A07K5600
地标顶层、博览园......大沥50宗优质资产，火爆招商！,https://news.qq.com/rain/a/20250228A07P0C00,222,https://news.qq.com/rain/a/20250228A07P0C00
4万亿城商行行长因工作调动辞任,https://news.qq.com/rain/a/20250227A09P6W00,222,https://news.qq.com/rain/a/20250227A09P6W00
普陀成立全市首个科技金融产业解纷中心,https://news.qq.com/rain/a/20250301A052PF00,222,https://news.qq.com/rain/a/20250301A052PF00
看一下美国不一样的“豪宅”来全面认识房价,https://news.qq.com/rain/a/20250210V0379I00,222,https://news.qq.com/rain/a/20250210V0379I00
北京二手房热度攀升 多数区域已连续4个月量价稳定,https://news.qq.com/rain/a/20250228A012RF00,222,https://news.qq.com/rain/a/20250228A012RF00
三四线楼市成负债？超7成城市去化周期超2年,https://news.qq.com/rain/a/20250213V0061800,222,https://news.qq.com/rain/a/20250213V0061800
深圳率先力推房投增长，2025楼市释放新信号,https://news.qq.com/rain/a/20250212V09NRO00,222,https://news.qq.com/rain/a/20250212V09NRO00
2024中国金融消费者投诉指数年度报告,https://news.qq.com/rain/a/20250228A065LW00,222,https://news.qq.com/rain/a/20250228A065LW00
香港公屋一住几十年，为何成了“财富黑洞”？,https://news.qq.com/rain/a/20250302V05Y7T00,222,https://news.qq.com/rain/a/20250302V05Y7T00
“三周不到，两亿元贷款就解决了”,https://news.qq.com/rain/a/20250302A02NEG00,222,https://news.qq.com/rain/a/20250302A02NEG00
新增12万套配租型保障性住房,https://news.qq.com/rain/a/20250214V05JK200,222,https://news.qq.com/rain/a/20250214V05JK200
加快建设安全、舒适、 绿色、智慧的好房子,https://news.qq.com/rain/a/20250302A02ER000,222,https://news.qq.com/rain/a/20250302A02ER000
债台高企，3亿商誉摇摇欲坠，增长失速的博车网真能“博”一个上市？,https://news.qq.com/rain/a/20250228A04TYQ00,222,https://news.qq.com/rain/a/20250228A04TYQ00
险资、国资、家办齐入场！元禾辰坤S基金元禾赛瑞首关5.1亿元,https://news.qq.com/rain/a/20250228A05FZV00,222,https://news.qq.com/rain/a/20250228A05FZV00
金融服务“小窗口”搬到企业“家门口”，广州天河“金融超市”走进产业园区,https://news.qq.com/rain/a/20250228A0A0Q400,222,https://news.qq.com/rain/a/20250228A0A0Q400
北京海淀五环外地块火爆，房价未来分化加剧,https://news.qq.com/rain/a/20250203V036NY00,222,https://news.qq.com/rain/a/20250203V036NY00
潍坊峡山区举行金融赋能产业链发展大会,https://news.qq.com/rain/a/20250228A02O2Q00,222,https://news.qq.com/rain/a/20250228A02O2Q00
人口、租金回报率，如何左右2025房价涨跌？,https://news.qq.com/rain/a/20250204V052NN00,222,https://news.qq.com/rain/a/20250204V052NN00
广州有楼盘3折清盘，一线城市楼市也大降价？,https://news.qq.com/rain/a/20250214V02ILJ00,222,https://news.qq.com/rain/a/20250214V02ILJ00
金字火腿：目前不考虑生猪期货套保业务，暂无回购股份计划,https://news.qq.com/rain/a/20250227A09IS100,222,https://news.qq.com/rain/a/20250227A09IS100
高溢价地块频现，未来房价要上涨了？,https://news.qq.com/rain/a/20250215V02WL300,222,https://news.qq.com/rain/a/20250215V02WL300
机构风向标 | 帝科股份 2024 年四季度已披露前十大机构累计持仓占比 23.73%,https://news.qq.com/rain/a/20250228A01ZTU00,222,https://news.qq.com/rain/a/20250228A01ZTU00
广西发布“1+10+N”基金集群，30支子基金认缴规模近600亿元,https://news.qq.com/rain/a/20250301A06U7K00,222,https://news.qq.com/rain/a/20250301A06U7K00
多个“全国首家”落户！北京金融监管局打造金融开放“北京样本”｜北京经济新航标,https://news.qq.com/rain/a/20250228A08GZ000,222,https://news.qq.com/rain/a/20250228A08GZ000
香港豪宅户型像条内裤，17万一月只租不卖？,https://news.qq.com/rain/a/20250213V080HS00,222,https://news.qq.com/rain/a/20250213V080HS00
回归初心，再创业沈亚楠要让住房重新适“居”,https://news.qq.com/rain/a/20250228A09G3Z00,222,https://news.qq.com/rain/a/20250228A09G3Z00
房租开始下跌，2025 开启的居住革命，你看懂了吗？,https://news.qq.com/rain/a/20250215V00A5M00,222,https://news.qq.com/rain/a/20250215V00A5M00
谢逸枫：地王降临！今年楼市小阳春呈现热点城市化！,https://news.qq.com/rain/a/20250228A065UP00,222,https://news.qq.com/rain/a/20250228A065UP00
未来房价波动，现在该不该入手？你得算清这两笔账！,https://news.qq.com/rain/a/20250207V085LF00,222,https://news.qq.com/rain/a/20250207V085LF00
上海优质地块加码，核心区有价格上涨挑战,https://news.qq.com/rain/a/20250228A08L7O00,222,https://news.qq.com/rain/a/20250228A08L7O00
楼市分化呈现出三个鲜明的方向！我们正在经历楼市的深层变革,https://news.qq.com/rain/a/20250211V08LJV00,222,https://news.qq.com/rain/a/20250211V08LJV00
指南针拿下控股权、新任总经理到位，先锋基金能否扭转多年“一基未发”局面？,https://news.qq.com/rain/a/20250302A05TBC00,222,https://news.qq.com/rain/a/20250302A05TBC00
北京买房，海淀最强平替，选丰台还是石景山？,https://news.qq.com/rain/a/20250205V05EMU00,222,https://news.qq.com/rain/a/20250205V05EMU00
保荐机构收费新规实施，已有项目采取分阶段支付,https://news.qq.com/rain/a/20250302A0624W00,222,https://news.qq.com/rain/a/20250302A0624W00
刘永好答顶端新闻：新希望成为“百年老店”，是我们奋斗的目标,https://news.qq.com/rain/a/20250228A01YSV00,222,https://news.qq.com/rain/a/20250228A01YSV00
[巴芒共读]进化：从“捡烟蒂”到“以合理价格购买优质企业”,https://news.qq.com/rain/a/20250301A01NNP00,222,https://news.qq.com/rain/a/20250301A01NNP00
广东高净值家庭数量领跑全国,https://news.qq.com/rain/a/20250228A01SNJ00,222,https://news.qq.com/rain/a/20250228A01SNJ00
丰台房子卖不动，终于放大招了！,https://news.qq.com/rain/a/20250203V03RIM00,222,https://news.qq.com/rain/a/20250203V03RIM00
夷陵：人与城的双向奔赴,https://news.qq.com/rain/a/20250301A069HU00,222,https://news.qq.com/rain/a/20250301A069HU00
传闻深圳全面取消限购？,https://news.qq.com/rain/a/20250208V04W7G00,222,https://news.qq.com/rain/a/20250208V04W7G00
富地云集，聚势向阳！40余家房企共赴富阳“春日之约”,https://news.qq.com/rain/a/20250301A05N6X00,222,https://news.qq.com/rain/a/20250301A05N6X00
房地产尾盘拉指数，要警惕！,https://news.qq.com/rain/a/20250212V07ZR800,222,https://news.qq.com/rain/a/20250212V07ZR800
“收储”房地产，钱是不是最重要的？,https://news.qq.com/rain/a/20250218V01VWB00,222,https://news.qq.com/rain/a/20250218V01VWB00
1分钟学理财丨美元存款年利率告别4.0%？ 业内提示汇率风险,https://news.qq.com/rain/a/20250228A08RCA00,222,https://news.qq.com/rain/a/20250228A08RCA00
二手房成交亮眼，新房价格降幅收窄，楼市真回暖了？,https://news.qq.com/rain/a/20250203V06AWB00,222,https://news.qq.com/rain/a/20250203V06AWB00
存在四大违规行为！中泰证券被证监会出具警示函 | 大鱼财经,https://news.qq.com/rain/a/20250227A091VS00,222,https://news.qq.com/rain/a/20250227A091VS00
取消港澳金融机构入股境内险企总资产门槛,https://news.qq.com/rain/a/20250228A06QR900,222,https://news.qq.com/rain/a/20250228A06QR900
新基金开年现“申报潮” 2025投资风向浮现,https://news.qq.com/rain/a/20250228A025U200,222,https://news.qq.com/rain/a/20250228A025U200
传统礼品卡平台进军Web3，累计融资2.2亿美元的Raise如何切入加密消费赛道,https://news.qq.com/rain/a/20250228A01QRO00,222,https://news.qq.com/rain/a/20250228A01QRO00
广州芳村板块为何能吸引刚需买家？,https://news.qq.com/rain/a/20250218V07IEY00,222,https://news.qq.com/rain/a/20250218V07IEY00
土拍热潮再起！长三角楼市“氛围感”拉满,https://news.qq.com/rain/a/20250227A09D0K00,222,https://news.qq.com/rain/a/20250227A09D0K00
北京70年产权公寓由来的核心原因,https://news.qq.com/rain/a/20250209V01RHG00,222,https://news.qq.com/rain/a/20250209V01RHG00
潍坊诸城：“文旅+房产”双轮驱动 开启楼市暖春新局,https://news.qq.com/rain/a/20250228A08J0W00,222,https://news.qq.com/rain/a/20250228A08J0W00
“好房子”新标准来了，部分面积不计入容积率会推高房价吗？,https://news.qq.com/rain/a/20250215V0268800,222,https://news.qq.com/rain/a/20250215V0268800
刚开年，学区房就开始火爆了,https://news.qq.com/rain/a/20250217V07EJO00,222,https://news.qq.com/rain/a/20250217V07EJO00
汇丰前CEO祈耀年，将出任瑞士宝盛Julius Baer董事长,https://news.qq.com/rain/a/20250301A07O4K00,222,https://news.qq.com/rain/a/20250301A07O4K00
天津这种构造的房子，越来越尴尬！,https://news.qq.com/rain/a/20250209V04ACU00,222,https://news.qq.com/rain/a/20250209V04ACU00
本周美国以太坊现货ETF累计净流出3.355亿美元,https://news.qq.com/rain/a/20250301A080BZ00,222,https://news.qq.com/rain/a/20250301A080BZ00
淳厚基金近四成产品成“迷你基”，规模缩水三成，有基金经理或无基可管,https://news.qq.com/rain/a/20250228A0564I00,222,https://news.qq.com/rain/a/20250228A0564I00
求职、实习免费住，给赴他乡打拼的年轻人起步阶段的温暖,https://news.qq.com/rain/a/20250228A09CCM00,222,https://news.qq.com/rain/a/20250228A09CCM00
车收益是否为业主共有？,https://news.qq.com/rain/a/20250227A070TM00,222,https://news.qq.com/rain/a/20250227A070TM00
互联网保险自动扣费？监管提示：关闭非必要的免密支付,https://news.qq.com/rain/a/20250228A08H5700,222,https://news.qq.com/rain/a/20250228A08H5700
当下学区房还值得购买吗？,https://news.qq.com/rain/a/20250204V05MED00,222,https://news.qq.com/rain/a/20250204V05MED00
北京城六区中最被低估的城区,https://news.qq.com/rain/a/20250206V04QXY00,222,https://news.qq.com/rain/a/20250206V04QXY00
看懂海淀这轮供地逻辑了吗？800万上车新房几乎没了！,https://news.qq.com/rain/a/20250216V03ECE00,222,https://news.qq.com/rain/a/20250216V03ECE00
半个月赚35万？看“炒股大师”如何带大爷入坑,https://news.qq.com/rain/a/20250302A03B8900,222,https://news.qq.com/rain/a/20250302A03B8900
送猪，打折补贴，报销路费，返乡置业这七年的潮起潮落,https://news.qq.com/rain/a/20250208V03NUR00,222,https://news.qq.com/rain/a/20250208V03NUR00
央行：1月份银行间同业拆借市场成交5.1万亿元，同比减少53.1%,https://news.qq.com/rain/a/20250228A0A4NJ00,222,https://news.qq.com/rain/a/20250228A0A4NJ00
【苏州VIP私享会】实战案例解析实盘交易：如何用订单流数据提升胜率？,https://news.qq.com/rain/a/20250302A03OAP00,222,https://news.qq.com/rain/a/20250302A03OAP00
2025年一级市场投资机构问卷调查：投资信心复苏信号明显 各方建言助力行业高质量发展,https://news.qq.com/rain/a/20250228A01CA800,222,https://news.qq.com/rain/a/20250228A01CA800
东方资管一分公司总经理被禁止从事银行业5年,https://news.qq.com/rain/a/20250228A0A1DW00,222,https://news.qq.com/rain/a/20250228A0A1DW00
【城市针灸】天津市区最命运多舛的地块,https://news.qq.com/rain/a/20250201V04XKJ00,222,https://news.qq.com/rain/a/20250201V04XKJ00
广东化州这个楼盘号称粤西第一盘，事实真的是这样吗？,https://news.qq.com/rain/a/20250203V05BIV00,222,https://news.qq.com/rain/a/20250203V05BIV00
四环低密洋房谁看谁心动,https://news.qq.com/rain/a/20250213V02XAT00,222,https://news.qq.com/rain/a/20250213V02XAT00
北京发布配套政策，推进“好房子”规划建设,https://news.qq.com/rain/a/20250214V040CT00,222,https://news.qq.com/rain/a/20250214V040CT00
省联社改革增员：河南农村商业银行获批开业 注册资本超292亿,https://news.qq.com/rain/a/20250228A0041600,222,https://news.qq.com/rain/a/20250228A0041600
70个大中城市中新建商品住宅销售价格环比上涨城市增至24个,https://news.qq.com/rain/a/20250228A08QGC00,222,https://news.qq.com/rain/a/20250228A08QGC00
北京上海“好房子”政策演化图谱：从基础建设到智能低碳的双城竞速,https://news.qq.com/rain/a/20250228A0410B00,222,https://news.qq.com/rain/a/20250228A0410B00
冬天海南夏天威海，阿姨爷叔当年跟风买房，到底赚了吗？,https://news.qq.com/rain/a/20250228A06KZJ00,222,https://news.qq.com/rain/a/20250228A06KZJ00
戴尔2025财年营收955亿美元 预计2026财年将超过1000亿美元,https://news.qq.com/rain/a/20250228A02DJ200,222,https://news.qq.com/rain/a/20250228A02DJ200
价格持续修复 楼市“止跌回稳”迹象显现,https://news.qq.com/rain/a/20250302A02FR700,222,https://news.qq.com/rain/a/20250302A02FR700
中国企业“走出去”步伐加快，代表建言金融服务供给、法律风险防范,https://news.qq.com/rain/a/20250302A03VIC00,222,https://news.qq.com/rain/a/20250302A03VIC00
千万元奖励、税收优惠、便利签证，上海支持跨国公司地区总部提升能级,https://news.qq.com/rain/a/20250228A02EUF00,222,https://news.qq.com/rain/a/20250228A02EUF00
1.98亿收购352套房！武汉存量商品房“变身”学生宿舍，折价超30%,https://news.qq.com/rain/a/20250228A07FDC00,222,https://news.qq.com/rain/a/20250228A07FDC00
一件一件办实办好！住建部2024年共承办建议提案805件,https://news.qq.com/rain/a/20250228A04VKJ00,222,https://news.qq.com/rain/a/20250228A04VKJ00
海量财经｜无锡首创“半购半租”模式共有产权商品房：一楼盘已有四组客户报名,https://news.qq.com/rain/a/20250301A07U7I00,222,https://news.qq.com/rain/a/20250301A07U7I00
新能源车业务表现出色 这个汽车金融科技平台去年融资交易量达72.6万笔,https://news.qq.com/rain/a/20250228A04SNN00,222,https://news.qq.com/rain/a/20250228A04SNN00
6079套房源供选！呼和浩特市线上房展会启动,https://news.qq.com/rain/a/20250302A04I7N00,222,https://news.qq.com/rain/a/20250302A04I7N00
阳光100：三位董事因融资保证金违约，于禁售期出售公司股票,https://news.qq.com/rain/a/20250228A02BOR00,222,https://news.qq.com/rain/a/20250228A02BOR00
厦门房票新政策撬动购房金额超100亿元,https://news.qq.com/rain/a/20250301A022I800,222,https://news.qq.com/rain/a/20250301A022I800
面向“十五五”，上海如何提升国际金融中心服务能级？,https://news.qq.com/rain/a/20250228A05SWM00,222,https://news.qq.com/rain/a/20250228A05SWM00
西安高新区举办金融赋能“专精特新”企业对接会,https://news.qq.com/rain/a/20250301A059UW00,222,https://news.qq.com/rain/a/20250301A059UW00
湟中：金融活水润春耕 备耕贷款助农兴,https://news.qq.com/rain/a/20250228A08OBT00,222,https://news.qq.com/rain/a/20250228A08OBT00
富国目标齐利一年基金公布5548.4万元分红计划,https://news.qq.com/rain/a/20250228A04H8B00,222,https://news.qq.com/rain/a/20250228A04H8B00
买房，送5年高速费,https://news.qq.com/rain/a/20250228A07AD600,222,https://news.qq.com/rain/a/20250228A07AD600
科创资本迎风起 “募投管退”更畅通,https://news.qq.com/rain/a/20250301A0524Y00,222,https://news.qq.com/rain/a/20250301A0524Y00
中国发布丨中国1.7亿多住房困难家庭圆了住房梦,https://news.qq.com/rain/a/20250228A07PEL00,222,https://news.qq.com/rain/a/20250228A07PEL00
中国进出口银行助力非洲多国可持续发展,https://news.qq.com/rain/a/20250301A038KB00,222,https://news.qq.com/rain/a/20250301A038KB00
点赞！湖南银行6家“清廉金融文化建设示范点”授牌,https://news.qq.com/rain/a/20250228A05J3500,222,https://news.qq.com/rain/a/20250228A05J3500
淳厚基金近1年股票型基金的收益率为35.62%，淳厚现代服务业A近一年回报达33.85%,https://news.qq.com/rain/a/20250228A06LAB00,222,https://news.qq.com/rain/a/20250228A06LAB00
徐琤 | 做好金融发展“五篇大文章”,https://news.qq.com/rain/a/20250302A02L2N00,222,https://news.qq.com/rain/a/20250302A02L2N00
广州中原地产项目部总经理黄韬：“小阳春”有望，2025广州楼市可期,https://news.qq.com/rain/a/20250228A02X9L00,222,https://news.qq.com/rain/a/20250228A02X9L00
去年健康险对创新药械支付占比不足8％，业界呼吁建立商保目录,https://news.qq.com/rain/a/20250228A03XYS00,222,https://news.qq.com/rain/a/20250228A03XYS00
北京金融监管局：助力首都建设打造中国对外开放重要窗口,https://news.qq.com/rain/a/20250228A09OKC00,222,https://news.qq.com/rain/a/20250228A09OKC00
深度|外资银行普遍收缩零售版图，富邦华一为何仍在“买买买”？扩大客群成关键考虑,https://news.qq.com/rain/a/20250302A061ZF00,222,https://news.qq.com/rain/a/20250302A061ZF00
天津银行与天津市宁河区就2025-2030七里海马拉松独家冠名开展战略合作,https://news.qq.com/rain/a/20250302A05WAC00,222,https://news.qq.com/rain/a/20250302A05WAC00
浙江“4+1”专项基金群发力先进制造 新签约落地投资超500亿元,https://news.qq.com/rain/a/20250228A095QG00,222,https://news.qq.com/rain/a/20250228A095QG00
北大经院学者 | 郑伟：建构夯实养老保险体系“第三支柱”,https://news.qq.com/rain/a/20250228A0903900,222,https://news.qq.com/rain/a/20250228A0903900
一个多月“开方”千余项，广东落地科技金融“全科会诊”,https://news.qq.com/rain/a/20250228A06ABZ00,222,https://news.qq.com/rain/a/20250228A06ABZ00
建信基金频繁人事变动引发关注，“非货”管理规模一年缩水超160亿元,https://news.qq.com/rain/a/20250228A033IN00,222,https://news.qq.com/rain/a/20250228A033IN00
晋商银行两家港股股东接连清仓所持股份，一新加坡企业入股,https://news.qq.com/rain/a/20250227A098SJ00,222,https://news.qq.com/rain/a/20250227A098SJ00
取消总资产20亿美元规定！港澳金融机构入股境内险企降门槛,https://news.qq.com/rain/a/20250227A08YEX00,222,https://news.qq.com/rain/a/20250227A08YEX00
中再寿险联合镁信健康、波士顿咨询发布《中国创新药械多元支付白皮书（2025）》,https://news.qq.com/rain/a/20250228A06VO100,222,https://news.qq.com/rain/a/20250228A06VO100
1月份ABS产品新增备案137只,https://news.qq.com/rain/a/20250228A07DF200,222,https://news.qq.com/rain/a/20250228A07DF200
商业世界里的“天才”和“傻瓜”，往往只有一线之隔,https://news.qq.com/rain/a/20250228A01J4R00,222,https://news.qq.com/rain/a/20250228A01J4R00
首批自由现金流ETF上市，多家公募机构接力申报,https://news.qq.com/rain/a/20250228A049TX00,222,https://news.qq.com/rain/a/20250228A049TX00
叠加最高600万元！无锡一区发布“人才房票”购房补贴政策,https://news.qq.com/rain/a/20250227A090Z000,222,https://news.qq.com/rain/a/20250227A090Z000
引导信贷资金精准滴灌“千企万户”，黄陂区普惠型小微企业贷款余额130.54亿元,https://news.qq.com/rain/a/20250228A07FMU00,222,https://news.qq.com/rain/a/20250228A07FMU00
换个方式，打开深圳光明,https://news.qq.com/rain/a/20250301A02T7900,222,https://news.qq.com/rain/a/20250301A02T7900
易鑫集团2024年净利8.1亿 金融科技收入暴增290%,https://news.qq.com/rain/a/20250301A0003F00,222,https://news.qq.com/rain/a/20250301A0003F00
公募1月份货基债基规模缩水,https://news.qq.com/rain/a/20250228A00K7C00,222,https://news.qq.com/rain/a/20250228A00K7C00
吉林省首期文旅金融大讲堂开讲,https://news.qq.com/rain/a/20250228A06JJG00,222,https://news.qq.com/rain/a/20250228A06JJG00
卡塔尔成立10亿美元“基金中的基金”，以招徕风险投资基金经理,https://news.qq.com/rain/a/20250228A01CMI00,222,https://news.qq.com/rain/a/20250228A01CMI00
资管业务独立进程加速，山证资管有望提升管理规模,https://news.qq.com/rain/a/20250228A04H7N00,222,https://news.qq.com/rain/a/20250228A04H7N00
2.8亿元债务逾期 岭南股份被东莞银行申请仲裁,https://news.qq.com/rain/a/20250302A052XQ00,222,https://news.qq.com/rain/a/20250302A052XQ00
交易商协会：加强银行间债券市场反洗钱自律管理,https://news.qq.com/rain/a/20250228A0906N00,222,https://news.qq.com/rain/a/20250228A0906N00
上海临港对意企推专项便利政策,https://news.qq.com/rain/a/20250228A093S200,222,https://news.qq.com/rain/a/20250228A093S200
平安产险广东分公司“3·15”金融消保宣传活动绽放花城,https://news.qq.com/rain/a/20250228A08YG100,222,https://news.qq.com/rain/a/20250228A08YG100
因自身资金需求 金谷信托拟减持凯撒旅业 或套现1.81亿元,https://news.qq.com/rain/a/20250228A08RPH00,222,https://news.qq.com/rain/a/20250228A08RPH00
淳厚基金旗下淳厚优加一年持有混合近一年回报均跑赢基金比较基准增长率,https://news.qq.com/rain/a/20250228A06JK200,222,https://news.qq.com/rain/a/20250228A06JK200
聚焦“潍”港 洞察“坊”向——香港上市专家潍坊行活动收官,https://news.qq.com/rain/a/20250228A05XAU00,222,https://news.qq.com/rain/a/20250228A05XAU00
有效防范化解重点领域风险,https://news.qq.com/rain/a/20250301A01LKM00,222,https://news.qq.com/rain/a/20250301A01LKM00
2025年以来公募分红同比增长逾1倍 债券相关基金成分红主力,https://news.qq.com/rain/a/20250228A00K6500,222,https://news.qq.com/rain/a/20250228A00K6500
WEMONEY研究室·数字金融周报|郭广昌旗下统统付被大量投诉；河南农商银行正式揭牌开业,https://news.qq.com/rain/a/20250228A08NGY00,222,https://news.qq.com/rain/a/20250228A08NGY00
如何润泽实体经济、串联四海资源？这场会议给出答案,https://news.qq.com/rain/a/20250228A07LBT00,222,https://news.qq.com/rain/a/20250228A07LBT00
银企签约 授信超7.3亿,https://news.qq.com/rain/a/20250301A06Y7D00,222,https://news.qq.com/rain/a/20250301A06Y7D00
上海青浦西岑国际人才港开港，科创人才最高可获100万创业资助,https://news.qq.com/rain/a/20250301A07OA200,222,https://news.qq.com/rain/a/20250301A07OA200
平安产险福建分公司：首单关键科研设备保险落地，护航科技企业高质量发展,https://news.qq.com/rain/a/20250228A081FT00,222,https://news.qq.com/rain/a/20250228A081FT00
中保投郝钰甯：并购基金成今年重点任务,https://news.qq.com/rain/a/20250227A08W6T00,222,https://news.qq.com/rain/a/20250227A08W6T00
金融思想盛会周周见，“陆家嘴金融沙龙”正式启动,https://news.qq.com/rain/a/20250301A045AA00,222,https://news.qq.com/rain/a/20250301A045AA00
国资创投容错率“顶格破冰”：单项目最高容亏100%,https://news.qq.com/rain/a/20250301A00ZX600,222,https://news.qq.com/rain/a/20250301A00ZX600
溢价率创新高！重点城市多宗地块刷新地价纪录,https://news.qq.com/rain/a/20250228A01DXY00,222,https://news.qq.com/rain/a/20250228A01DXY00
泉果基金戴骏：理性思考，合理进行资产配置,https://news.qq.com/rain/a/20250228A047KS00,222,https://news.qq.com/rain/a/20250228A047KS00
打造监管数智化天津模式,https://news.qq.com/rain/a/20250228A044OW00,222,https://news.qq.com/rain/a/20250228A044OW00
汇通控股(603409.SH)将于3月4日在上交所主板上市,https://news.qq.com/rain/a/20250302A04U1S00,222,https://news.qq.com/rain/a/20250302A04U1S00
多“财”多“议”|《存钱也要智商？》,https://news.qq.com/rain/a/20250301A07R9Q00,222,https://news.qq.com/rain/a/20250301A07R9Q00
杭州2月二手房网签量5977套 同比上涨135%,https://news.qq.com/rain/a/20250302A05K9V00,222,https://news.qq.com/rain/a/20250302A05K9V00
2024年中国日均新设企业2.4万户,https://news.qq.com/rain/a/20250228A06HVA00,222,https://news.qq.com/rain/a/20250228A06HVA00
上市公司加幂科技拟配售新股募资，以开发DEX和链上数据分析平台,https://news.qq.com/rain/a/20250302A02LMI00,222,https://news.qq.com/rain/a/20250302A02LMI00
南方基金：QDII基金在全球经济波动中的投资价值,https://news.qq.com/rain/a/20250228A02DIU00,222,https://news.qq.com/rain/a/20250228A02DIU00
一次委托，一单到底！铁路集装箱货运“一单制”范围扩大,https://news.qq.com/rain/a/20250228A07EKL00,222,https://news.qq.com/rain/a/20250228A07EKL00
本周美国比特币现货ETF累计净流出26.141亿美元,https://news.qq.com/rain/a/20250301A07XI800,222,https://news.qq.com/rain/a/20250301A07XI800
2024年重庆市知识产权质押融资47.94亿元,https://news.qq.com/rain/a/20250228A06VUG00,222,https://news.qq.com/rain/a/20250228A06VUG00
10大变化！@老板们，快来了解今年年报公示工作新要求,https://news.qq.com/rain/a/20250228A06XSN00,222,https://news.qq.com/rain/a/20250228A06XSN00
住建部门如何打好组合拳，让民营企业吃下“定心丸”,https://news.qq.com/rain/a/20250228A08HM100,222,https://news.qq.com/rain/a/20250228A08HM100
福建省专精特新母基金启动设立,https://news.qq.com/rain/a/20250301A022GR00,222,https://news.qq.com/rain/a/20250301A022GR00
年初银行“二永债”发行规模下降,https://news.qq.com/rain/a/20250228A02DJZ00,222,https://news.qq.com/rain/a/20250228A02DJZ00
佛山商转公政策落地！贷款期限最短为1年，最长为20年,https://news.qq.com/rain/a/20250228A0201K00,222,https://news.qq.com/rain/a/20250228A0201K00
盈利再上新阶，易鑫去年收入达98.88亿元，经调整净利达10.79亿,https://news.qq.com/rain/a/20250228A04QD100,222,https://news.qq.com/rain/a/20250228A04QD100
劲售712套！湖南隆回2025新春线上房交会圆满收官,https://news.qq.com/rain/a/20250228A044WC00,222,https://news.qq.com/rain/a/20250228A044WC00
广州30宗优质地块集中亮相 吸引50余家房企参加,https://news.qq.com/rain/a/20250301A05GSN00,222,https://news.qq.com/rain/a/20250301A05GSN00
政策“松绑”鼓励试错 国资创投“犹豫”为哪般？,https://news.qq.com/rain/a/20250228A04SY000,222,https://news.qq.com/rain/a/20250228A04SY000
加强风险管控能力建设 新年多家银行设立首席风险官,https://news.qq.com/rain/a/20250228A003VY00,222,https://news.qq.com/rain/a/20250228A003VY00
中国并购市场交易量同比增长24% 机构预计2025年两位数增长,https://news.qq.com/rain/a/20250301A000HL00,222,https://news.qq.com/rain/a/20250301A000HL00
宜良推动不动产确权登记工作质效提升,https://news.qq.com/rain/a/20250228A01LEB00,222,https://news.qq.com/rain/a/20250228A01LEB00
中航产融：拟向合作银行等金融机构申请不超过930亿综合授信,https://news.qq.com/rain/a/20250227A09L2C00,222,https://news.qq.com/rain/a/20250227A09L2C00
兴业银行落地 市场首单“南向通”直连欧元债投资业务,https://news.qq.com/rain/a/20250228A04I1L00,222,https://news.qq.com/rain/a/20250228A04I1L00
Payoneer派安盈公布2024年财报，交易量超800亿美元创历史新高,https://news.qq.com/rain/a/20250228A089EJ00,222,https://news.qq.com/rain/a/20250228A089EJ00
ONVY获得200万美元种子轮融资,https://news.qq.com/rain/a/20250228A03HPZ00,222,https://news.qq.com/rain/a/20250228A03HPZ00
扬州招商新生态澎湃二次创业新动能,https://news.qq.com/rain/a/20250302A0274100,222,https://news.qq.com/rain/a/20250302A0274100
磨憨首例不动产抵押“异地互办”业务成功办理,https://news.qq.com/rain/a/20250302A02SBF00,222,https://news.qq.com/rain/a/20250302A02SBF00
浙江打造“一网贯通”人力资源大市场,https://news.qq.com/rain/a/20250301A07DX100,222,https://news.qq.com/rain/a/20250301A07DX100
荣盛发展为下属公司融资提供担保 总额不超1.2亿元,https://news.qq.com/rain/a/20250227A099AO00,222,https://news.qq.com/rain/a/20250227A099AO00
“指”看沪市 共赴“兴”程 ——兴业基金走进上交所，与“沪市标杆宽基上证180指数”共成长活动圆满举办,https://news.qq.com/rain/a/20250228A06QOE00,222,https://news.qq.com/rain/a/20250228A06QOE00
递延纳税政策吸引重庆外商在华再投资 去年同比增长253%,https://news.qq.com/rain/a/20250228A07ARL00,222,https://news.qq.com/rain/a/20250228A07ARL00
“宁夏政策计算器”累计推送12万次惠企信息 企业申报从“大海捞针”转向精准导航,https://news.qq.com/rain/a/20250302A04BOV00,222,https://news.qq.com/rain/a/20250302A04BOV00
2025年镇江工伤保险待遇支付执行新标准,https://news.qq.com/rain/a/20250228A06UJQ00,222,https://news.qq.com/rain/a/20250228A06UJQ00
大连优化住房公积金政策 支持刚性和改善性住房需求,https://news.qq.com/rain/a/20250228A08FSB00,222,https://news.qq.com/rain/a/20250228A08FSB00
减手续 降成本 促创新 外商在鄂投资迎来新利好,https://news.qq.com/rain/a/20250301A020N600,222,https://news.qq.com/rain/a/20250301A020N600
招商银行发行全市场首单 “数智化转型”主题金融债,https://news.qq.com/rain/a/20250228A04HZR00,222,https://news.qq.com/rain/a/20250228A04HZR00
北京公布金融业对外开放成绩单，保险机构“内转外”“合转外”上榜,https://news.qq.com/rain/a/20250228A093YH00,222,https://news.qq.com/rain/a/20250228A093YH00
新视焰医疗获得A+轮融资，和达产业基金投资,https://news.qq.com/rain/a/20250228A02YGM00,222,https://news.qq.com/rain/a/20250228A02YGM00
Binance将上线KAITO、IP等多个USDC保证金永续合约，最高杠杆25倍,https://news.qq.com/rain/a/20250228A06DDJ00,222,https://news.qq.com/rain/a/20250228A06DDJ00
建信信托与中国信达等签署创业投资二级市场基金（S基金）战略合作协议,https://news.qq.com/rain/a/20250228A05LJF00,222,https://news.qq.com/rain/a/20250228A05LJF00
两部门发布方案 银行保险绿色金融发展路线图绘就,https://news.qq.com/rain/a/20250228A024X400,222,https://news.qq.com/rain/a/20250228A024X400
齐鲁银行：千企万户大走访，为小微企业注入金融“活水”,https://news.qq.com/rain/a/20250228A06NGR00,222,https://news.qq.com/rain/a/20250228A06NGR00
多举措提升公积金管理服务质效,https://news.qq.com/rain/a/20250228A02C9B00,222,https://news.qq.com/rain/a/20250228A02C9B00
