董明珠回应“董明珠健康家”：全部声誉砸进去，做不好就完蛋,https://news.qq.com/rain/a/20250301A047ZY00,222,https://news.qq.com/rain/a/20250301A047ZY00.1
传美国将全面对华禁售AI芯片！,https://news.qq.com/rain/a/20250301A027UN00,222,https://news.qq.com/rain/a/20250301A027UN00
无论雷军是否登顶中国首富，一个新的时代已经到来,https://news.qq.com/rain/a/20250301V02M5F00,222,https://news.qq.com/rain/a/20250301V02M5F00
第14个孩子，马斯克与旗下公司高管再得一子，转发“爱心”为儿子庆生,https://news.qq.com/rain/a/20250301A04QJ100,222,https://news.qq.com/rain/a/20250301A04QJ100
这些女网红，越来越假，还有点吓人,https://news.qq.com/rain/a/20250301A07TLS00,222,https://news.qq.com/rain/a/20250301A07TLS00
英伟达一年赚万亿，投资者还是不满意,https://news.qq.com/rain/a/20250228A0878R00,222,https://news.qq.com/rain/a/20250228A0878R00
比保时捷快，比苹果能拍！小米双Ultra打出碾压局,https://news.qq.com/rain/a/20250301V00JMA00,222,https://news.qq.com/rain/a/20250301V00JMA00
华为Mate 70 Pro 优享版震撼来袭：3月5日开售，比Pro版便宜300元,https://news.qq.com/rain/a/20250228A05L0C00,222,https://news.qq.com/rain/a/20250228A05L0C00
GPT-4.5被DeepSeek 500倍吊打！基准测试全班垫底，OpenAI丢护城河,https://news.qq.com/rain/a/20250301A0527200,222,https://news.qq.com/rain/a/20250301A0527200
金属玻璃拼接设计！iPhone 17重回经典：致敬苹果5？,https://news.qq.com/rain/a/20250301A07XBW00,222,https://news.qq.com/rain/a/20250301A07XBW00
小米 15 Ultra 你不知道的四个点！这不就是徕卡模拟器吗？？？,https://news.qq.com/rain/a/20250227V09QE900,222,https://news.qq.com/rain/a/20250227V09QE900
韩歆毅正式接任蚂蚁集团CEO,https://news.qq.com/rain/a/20250301A07CHP00,222,https://news.qq.com/rain/a/20250301A07CHP00
5.84mm！三星 Galaxy S25 Edge曝光，薄的不可思议！,https://news.qq.com/rain/a/20250301A00LYV00,222,https://news.qq.com/rain/a/20250301A00LYV00
现在的老年人都用什么手机,https://news.qq.com/rain/a/20250225V07RKK00,222,https://news.qq.com/rain/a/20250225V07RKK00
马斯克第14个孩子出生，孩子母亲是Neuralink公司高管,https://news.qq.com/rain/a/20250301A04WC900,222,https://news.qq.com/rain/a/20250301A04WC900
DeepSeek公布成本、收入和利润率！最高可日赚346万元,https://news.qq.com/rain/a/20250301A05B1U00,222,https://news.qq.com/rain/a/20250301A05B1U00
ASML会不会成为下一个诺基亚？,https://news.qq.com/rain/a/20250301A0462I00,222,https://news.qq.com/rain/a/20250301A0462I00
小米15Ultra 全面测评：除了2亿长焦 还有什么？,https://news.qq.com/rain/a/20250228V05N3E00,222,https://news.qq.com/rain/a/20250228V05N3E00
21 天销量 100 万，三星 Galaxy S25 系列在韩国创造销售新纪录,https://news.qq.com/rain/a/20250301A01R7S00,222,https://news.qq.com/rain/a/20250301A01R7S00
DeepSeek代码开源周收官，世界已经变了,https://news.qq.com/rain/a/20250301A02I8300,222,https://news.qq.com/rain/a/20250301A02I8300
华为刚公布的新版Mate70Pro，把我整不会了,https://news.qq.com/rain/a/20250227A09NQO00,222,https://news.qq.com/rain/a/20250227A09NQO00
尹烨：AI诊疗将让800万医生转行？有温度的医学无法被替代！,https://news.qq.com/rain/a/20250228V09GLK00,222,https://news.qq.com/rain/a/20250228V09GLK00
只卖29.9元的小米新品，让无数米粉兴奋炸了,https://news.qq.com/rain/a/20250301A07TLU00,222,https://news.qq.com/rain/a/20250301A07TLU00
苹果iPhone 16e拆解揭秘：4005mAh电池，比iPhone 16大12%,https://news.qq.com/rain/a/20250301A01GU100,222,https://news.qq.com/rain/a/20250301A01GU100
百度官宣发文心大模型4.5，中国AI大模型竞争加速赶超美国,https://news.qq.com/rain/a/20250301A04VVB00,222,https://news.qq.com/rain/a/20250301A04VVB00
DeepSeek披露，一天成本利润率为545%,https://news.qq.com/rain/a/20250301A0711300,222,https://news.qq.com/rain/a/20250301A0711300
「科技美学」iPhone 16e 详细测试对比 iPhone 16,https://news.qq.com/rain/a/20250301V034BN00,222,https://news.qq.com/rain/a/20250301V034BN00
小米华为争夺AI大模型研发人才，年薪最高120万元，AI工程师岗增近70%,https://news.qq.com/rain/a/20250301A04YFA00,222,https://news.qq.com/rain/a/20250301A04YFA00
美科技巨头喊话特朗普政府放宽对华芯片出口管制，专家解读,https://news.qq.com/rain/a/20250301A01HBT00,222,https://news.qq.com/rain/a/20250301A01HBT00
DeepSeek 再次震惊全球：价格只有 OpenAI 1/25，利润率却超过 500%,https://news.qq.com/rain/a/20250301A06JLO00,222,https://news.qq.com/rain/a/20250301A06JLO00
6分钟看完小米双Ultra发布会：梦回1999！小米SU7Ultra化身价格屠夫！,https://news.qq.com/rain/a/20250228V06T5A00,222,https://news.qq.com/rain/a/20250228V06T5A00
社保之战：京东正在发动一场不对称战争,https://news.qq.com/rain/a/20250228A0A3KY00,222,https://news.qq.com/rain/a/20250228A0A3KY00
杭州新贵们的隐形朋友圈，谁蹭上了，谁出局了,https://news.qq.com/rain/a/20250301A02JSO00,222,https://news.qq.com/rain/a/20250301A02JSO00
倪光南：RISC-V将成为半导体产业不可忽视的中坚力量,https://news.qq.com/rain/a/20250301A07E7500,222,https://news.qq.com/rain/a/20250301A07E7500
养老机器人真的能解决养老吗？,https://news.qq.com/rain/a/20250227V07QCN00,222,https://news.qq.com/rain/a/20250227V07QCN00
这么好的超跑你卖50万？小米大甩卖的样子我心疼,https://news.qq.com/rain/a/20250228A01DE900,222,https://news.qq.com/rain/a/20250228A01DE900
DeepSeek开源周收官，亮点“五连发”！阿里、腾讯、OpenAI也有大动作……,https://news.qq.com/rain/a/20250228A0A6MX00,222,https://news.qq.com/rain/a/20250228A0A6MX00
买手机，你会选超大杯吗？,https://news.qq.com/rain/a/20250228V01QEX00,222,https://news.qq.com/rain/a/20250228V01QEX00
莲花CEO疑似回应小米：对赛道的敬畏并不是单纯堆积电机与马力，弯道快的只有莲花和保时捷,https://news.qq.com/rain/a/20250301A01MAG00,222,https://news.qq.com/rain/a/20250301A01MAG00
特斯拉FSD入华，为何中外有别？,https://news.qq.com/rain/a/20250301A041AY00,222,https://news.qq.com/rain/a/20250301A041AY00
DeepSeek的诊疗方案与医生不同，听谁的？,https://news.qq.com/rain/a/20250228A083LD00,222,https://news.qq.com/rain/a/20250228A083LD00
小米Buds 5 Pro真机上手！4.2Mbps Wi-Fi音频传输有多强？！,https://news.qq.com/rain/a/20250227V08EVB00,222,https://news.qq.com/rain/a/20250227V08EVB00
年轻人的第一台？小米机器人量产在即，实力挑战宇树？,https://news.qq.com/rain/a/20250228A07TRO00,222,https://news.qq.com/rain/a/20250228A07TRO00
李佳琦们的黄昏：直播电商步入内容为王时代,https://news.qq.com/rain/a/20250301A0261R00,222,https://news.qq.com/rain/a/20250301A0261R00
三位00后，Mercor估值145亿,https://news.qq.com/rain/a/20250301A05O3O00,222,https://news.qq.com/rain/a/20250301A05O3O00
京东VS美团：争交社保背后的外卖商战,https://news.qq.com/rain/a/20250227V02XUX00,222,https://news.qq.com/rain/a/20250227V02XUX00
6G网络大揭秘：1秒12G的传输速度，自带AI的网络信号,https://news.qq.com/rain/a/20250227A08SMM00,222,https://news.qq.com/rain/a/20250227A08SMM00
AI 看病又快又准？医生都要下岗了？紧急提醒……,https://news.qq.com/rain/a/20250227A0654S00,222,https://news.qq.com/rain/a/20250227A0654S00
从DeepSeek爆火看AI竞赛下半场，三大主流芯片架构中唯一开源的RISC-V是否有「后发优势」？,https://news.qq.com/rain/a/20250301A061BQ00,222,https://news.qq.com/rain/a/20250301A061BQ00
小米15 Ultra影像体验：新镜头新算法都很好，但我还是找到了2个槽点,https://news.qq.com/rain/a/20250227V09QSY00,222,https://news.qq.com/rain/a/20250227V09QSY00
国产GPU大厂回应裁员20%传闻,https://news.qq.com/rain/a/20250301A027KG00,222,https://news.qq.com/rain/a/20250301A027KG00
2099起？去年最好看的直屏，这次更骚了,https://news.qq.com/rain/a/20250228A09K6L00,222,https://news.qq.com/rain/a/20250228A09K6L00
一句话让DeepSeek思考停不下来，北大团队：这是针对AI的DDoS攻击,https://news.qq.com/rain/a/20250228A061O000,222,https://news.qq.com/rain/a/20250228A061O000
「趣看发布会」小米SU7Ultra香爆了？15Ultra下次一定涨价！,https://news.qq.com/rain/a/20250301V0494M00,222,https://news.qq.com/rain/a/20250301V0494M00
奥特曼还在抱娃，GPT-4.5已经被网友开喷了,https://news.qq.com/rain/a/20250301A03PSY00,222,https://news.qq.com/rain/a/20250301A03PSY00
大厂持续加量采购，英伟达H20“逆袭”，经销商们忙销货,https://news.qq.com/rain/a/20250301A06BLN00,222,https://news.qq.com/rain/a/20250301A06BLN00
人形机器人“卷”完，轮到灵巧手开“卷”了,https://news.qq.com/rain/a/20250301A06OUJ00,222,https://news.qq.com/rain/a/20250301A06OUJ00
夸克上线深度思考，某搜索“菊花一紧”？【商业B面&牛顿】,https://news.qq.com/rain/a/20250301V07AHM00,222,https://news.qq.com/rain/a/20250301V07AHM00
同款皮衣和小米汽车霸榜，没当首富的雷军为何失眠？,https://news.qq.com/rain/a/20250301A05UFI00,222,https://news.qq.com/rain/a/20250301A05UFI00
京东交社保的话说的很敞亮，但不透亮,https://news.qq.com/rain/a/20250301A07TZV00,222,https://news.qq.com/rain/a/20250301A07TZV00
抖音或接入 DeepSeek/雷军发布会同款皮衣卖断货/价格更低，华为 Mate 70 Pro 推出新版本,https://news.qq.com/rain/a/20250301A020UO00,222,https://news.qq.com/rain/a/20250301A020UO00
小米 15 Ultra首发评测！双大底水桶机，上手后爽到了,https://news.qq.com/rain/a/20250227V09Y0D00,222,https://news.qq.com/rain/a/20250227V09Y0D00
人形机器人啥时量产,https://news.qq.com/rain/a/20250228A06VUR00,222,https://news.qq.com/rain/a/20250228A06VUR00
日媒：中国产业革命“三大支柱”发力,https://news.qq.com/rain/a/20250301A01HBF00,222,https://news.qq.com/rain/a/20250301A01HBF00
阿里达摩院发布玄铁最高性能处理器，DeepSeek开启开源算力架构新纪元？,https://news.qq.com/rain/a/20250301A06VR500,222,https://news.qq.com/rain/a/20250301A06VR500
「科技美学」2025年14台旗舰机型如何选购（下）,https://news.qq.com/rain/a/20250301V05TGV00,222,https://news.qq.com/rain/a/20250301V05TGV00
百度21亿美元收购YY直播，究竟是赚是亏？,https://news.qq.com/rain/a/20250301A00RGI00,222,https://news.qq.com/rain/a/20250301A00RGI00
OpenAI CEO：GPU不够用了，下周将新增数十万颗！,https://news.qq.com/rain/a/20250301A07W7V00,222,https://news.qq.com/rain/a/20250301A07W7V00
中兴通讯2024年年报解析：AI带来全新产业机遇,https://news.qq.com/rain/a/20250301A05NDO00,222,https://news.qq.com/rain/a/20250301A05NDO00
当外卖员有了五险一金，行业要变天？京东奇袭友商如何接招？,https://news.qq.com/rain/a/20250225V06ZMC00,222,https://news.qq.com/rain/a/20250225V06ZMC00
赛道Hyper | 小米15 Ultra：从影像巅峰到生态突围,https://news.qq.com/rain/a/20250301A03VMX00,222,https://news.qq.com/rain/a/20250301A03VMX00
红果动了谁的奶酪？,https://news.qq.com/rain/a/20250228A08MW600,222,https://news.qq.com/rain/a/20250228A08MW600
DeepSeek一天能赚多少钱？官方揭秘V3/R1推理系统，成本全透明,https://news.qq.com/rain/a/20250301A04KGQ00,222,https://news.qq.com/rain/a/20250301A04KGQ00
腾讯元宝电脑版上线！多端协同+双模加持，AI随时待命,https://news.qq.com/rain/a/20250301A046DS00,222,https://news.qq.com/rain/a/20250301A046DS00
机皇对比：三星S25 Ultra VS iPhone 16PM,https://news.qq.com/rain/a/20250228V07EKV00,222,https://news.qq.com/rain/a/20250228V07EKV00
又一科技巨头发布量子芯片！纠错成本暴降90%，登Nature,https://news.qq.com/rain/a/20250228A059LP00,222,https://news.qq.com/rain/a/20250228A059LP00
DeepSeek开源周这次又打开了什么魔盒？将如何影响AI开发？,https://news.qq.com/rain/a/20250301A0249600,222,https://news.qq.com/rain/a/20250301A0249600
Vo1d 僵尸网络肆虐：已感染 226 个国家和地区 159 万台安卓电视,https://news.qq.com/rain/a/20250301A03Q4F00,222,https://news.qq.com/rain/a/20250301A03Q4F00
雷军再发小米新车，回看雷军来时路：从“农村穷小子”成为“科技大佬”,https://news.qq.com/rain/a/20250228V06P4P00,222,https://news.qq.com/rain/a/20250228V06P4P00
港媒：“科技遏华”反而促进中国创新,https://news.qq.com/rain/a/20250301A01HBP00,222,https://news.qq.com/rain/a/20250301A01HBP00
一颗芯片被全球疯抢背后，藏着英伟达的隐忧,https://news.qq.com/rain/a/20250228A06LE700,222,https://news.qq.com/rain/a/20250228A06LE700
给外卖骑手交五险一金，不是唯一正确的解决方案,https://news.qq.com/rain/a/20250301A064L500,222,https://news.qq.com/rain/a/20250301A064L500
「小白」iPhone 16e测评：最便宜苹果机体验如何？,https://news.qq.com/rain/a/20250227V068RR00,222,https://news.qq.com/rain/a/20250227V068RR00
高端化产品集中出击，小米万亿市值能否持续飙升？,https://news.qq.com/rain/a/20250301A0408000,222,https://news.qq.com/rain/a/20250301A0408000
DeepSeek“直捣”律师界：有人欣喜，有人焦虑,https://news.qq.com/rain/a/20250301A02PZG00,222,https://news.qq.com/rain/a/20250301A02PZG00
真我Neo7 SE上手：不到2k主打性能，值吗？,https://news.qq.com/rain/a/20250225V06N6A00,222,https://news.qq.com/rain/a/20250225V06N6A00
开启AI军备竞赛 三大运营商加码云和算力投资,https://news.qq.com/rain/a/20250301A016DC00,222,https://news.qq.com/rain/a/20250301A016DC00
联创电子：光学产业“隐形巨人”,https://news.qq.com/rain/a/20250228A0A3M400,222,https://news.qq.com/rain/a/20250228A0A3M400
DeepSeek知乎独家发文收官开源周 首次披露理论利润率达545%,https://news.qq.com/rain/a/20250301A04XPF00,222,https://news.qq.com/rain/a/20250301A04XPF00
iPhone 16e即将开售，你想知道的4件事我都帮你测好了,https://news.qq.com/rain/a/20250227V02NG000,222,https://news.qq.com/rain/a/20250227V02NG000
中国开启AI大基建周期：“保持对重复建设的警惕” | 万有AI力,https://news.qq.com/rain/a/20250301A05QQ900,222,https://news.qq.com/rain/a/20250301A05QQ900
全国政协委员刘永好：让AI预测猪周期，使用机器人并未减少用工,https://news.qq.com/rain/a/20250228A09PD900,222,https://news.qq.com/rain/a/20250228A09PD900
古典味的阿里，重回马云时代？,https://news.qq.com/rain/a/20250227A02X8300,222,https://news.qq.com/rain/a/20250227A02X8300
不让台积电变“美积电” 停止“割肉饲美”才是正道,https://news.qq.com/rain/a/20250226V0AHO000,222,https://news.qq.com/rain/a/20250226V0AHO000
MWC 2025前瞻：AI和5G-A网络站上C位,https://news.qq.com/rain/a/20250301A01ZL700,222,https://news.qq.com/rain/a/20250301A01ZL700
谁在抢购人形机器人？重庆高校、科研院纷纷出手,https://news.qq.com/rain/a/20250228A07S0R00,222,https://news.qq.com/rain/a/20250228A07S0R00
索尼 Xperia 1 VII 被曝今年会登场，Exmor T 加持提升影像实力,https://news.qq.com/rain/a/20250301A03ZEE00,222,https://news.qq.com/rain/a/20250301A03ZEE00
解码DeepSeek：藏在论文里的人才画像,https://news.qq.com/rain/a/20250228V09OQT00,222,https://news.qq.com/rain/a/20250228V09OQT00
日媒：中国晶圆价格优势让外商“难以想象”,https://news.qq.com/rain/a/20250228A017TI00,222,https://news.qq.com/rain/a/20250228A017TI00
OPPO Find N5首销卖断货，刘作虎直言：吐血价！折叠屏研发成本仍是挑战丨一线,https://news.qq.com/rain/a/20250227A08HDS00,222,https://news.qq.com/rain/a/20250227A08HDS00
6550mAh大电池！魅族新机曝光，MWC25发？,https://news.qq.com/rain/a/20250227A097KV00,222,https://news.qq.com/rain/a/20250227A097KV00
马斯克：我的行动受到了很多批评，还收到了很多死亡威胁,https://news.qq.com/rain/a/20250227V06XIO00,222,https://news.qq.com/rain/a/20250227V06XIO00
78.8%受访者已使用DeepSeek助力工作和生活,https://news.qq.com/rain/a/20250301A061LE00,222,https://news.qq.com/rain/a/20250301A061LE00
小米超级小爱询问“今天天气怎么样”回复内容已无广告,https://news.qq.com/rain/a/20250301A074M400,222,https://news.qq.com/rain/a/20250301A074M400
NAND闪存芯片，进入第十代！,https://news.qq.com/rain/a/20250301A0455O00,222,https://news.qq.com/rain/a/20250301A0455O00
20年前的手机设计有多离谱,https://news.qq.com/rain/a/20250228V08DXT00,222,https://news.qq.com/rain/a/20250228V08DXT00
独家对话|理查德·温莎：苹果在中国的发展会继续承受压力,https://news.qq.com/rain/a/20250301A02BID00,222,https://news.qq.com/rain/a/20250301A02BID00
曾是天才少年，4年读完本硕，3000亿市值公司老总的开挂人生,https://news.qq.com/rain/a/20250227A02BTE00,222,https://news.qq.com/rain/a/20250227A02BTE00
为什么DeepSeek没有诞生在顶尖科研机构和大公司,https://news.qq.com/rain/a/20250228A06UW600,222,https://news.qq.com/rain/a/20250228A06UW600
苹果低价“武器”PK国产旗舰机型 中高端手机市场风云再起,https://news.qq.com/rain/a/20250301A015MN00,222,https://news.qq.com/rain/a/20250301A015MN00
马斯克与乔罗根：美国政府资助的非政府组织大多数是腐败的工具,https://news.qq.com/rain/a/20250301V05H6400,222,https://news.qq.com/rain/a/20250301V05H6400
综述丨中国AI开源模型推动全球共享智能红利,https://news.qq.com/rain/a/20250301A05ZGY00,222,https://news.qq.com/rain/a/20250301A05ZGY00
会用DeepSeek的电商，疯狂卖货？,https://news.qq.com/rain/a/20250228A028OG00,222,https://news.qq.com/rain/a/20250228A028OG00
AI推动金融行业岗位变革，新兴职业涌现｜两会声音,https://news.qq.com/rain/a/20250301A01HT400,222,https://news.qq.com/rain/a/20250301A01HT400
小米15 Ultra 真机魏布斯首发街拍溜达瞎拍初体验,https://news.qq.com/rain/a/20250228V01HBL00,222,https://news.qq.com/rain/a/20250228V01HBL00
为何禁用AI自动生成处方？专业人士：把安全“红线”拉满,https://news.qq.com/rain/a/20250301A04FYV00,222,https://news.qq.com/rain/a/20250301A04FYV00
IBM中国投资公司正式关停，公司回应：这是研发部门关闭的后续举措,https://news.qq.com/rain/a/20250301A05AXX00,222,https://news.qq.com/rain/a/20250301A05AXX00
深圳，没有掉队,https://news.qq.com/rain/a/20250227A05RFI00,222,https://news.qq.com/rain/a/20250227A05RFI00
王兴兴： 国内学校教的东西太老了 与国际前沿技术代差明显,https://news.qq.com/rain/a/20250228V06JNO00,222,https://news.qq.com/rain/a/20250228V06JNO00
百度文心4.5将至，大模型应用赛按下提速键,https://news.qq.com/rain/a/20250301A071ON00,222,https://news.qq.com/rain/a/20250301A071ON00
无人在意的iPhone 16e，用起来到底咋样？,https://news.qq.com/rain/a/20250228A0392400,222,https://news.qq.com/rain/a/20250228A0392400
最强编程大脑Claude 3.7 Sonnet降世，码农的末日来了？,https://news.qq.com/rain/a/20250228V068WO00,222,https://news.qq.com/rain/a/20250228V068WO00
抖音再不接入DeepSeek就晚了,https://news.qq.com/rain/a/20250301A03MGS00,222,https://news.qq.com/rain/a/20250301A03MGS00
真我Neo7 SE评测：2000元价位段的“六边形战士”,https://news.qq.com/rain/a/20250228A09Q4K00,222,https://news.qq.com/rain/a/20250228A09Q4K00
昔日传奇落幕！微软官宣5月5日关停Skype，曾经的通话先锋为何没落,https://news.qq.com/rain/a/20250301A00QMO00,222,https://news.qq.com/rain/a/20250301A00QMO00
71岁董明珠回应“董明珠绑定格力”：很可笑，我要是不负责可以混饭吃三年,https://news.qq.com/rain/a/20250301V04GC500,222,https://news.qq.com/rain/a/20250301V04GC500
别再只谈接入DeepSeek了，能用起来的AI才是好AI,https://news.qq.com/rain/a/20250301A03QKP00,222,https://news.qq.com/rain/a/20250301A03QKP00
调研宇树科技后，高盛称：人形机器人技术拐点仍不明朗，有实际意义的应用至少还要五年！,https://news.qq.com/rain/a/20250227A098CO00,222,https://news.qq.com/rain/a/20250227A098CO00
90后北大校友破解挂谷猜想，陶哲轩激动转发！网友：预定菲尔兹奖,https://news.qq.com/rain/a/20250228A052JN00,222,https://news.qq.com/rain/a/20250228A052JN00
又一杭州创始人出圈，带火“会提词”的AI眼镜,https://news.qq.com/rain/a/20250225V077G200,222,https://news.qq.com/rain/a/20250225V077G200
电厂 | 红果短剧为什么惹怒了爱奇艺？,https://news.qq.com/rain/a/20250228A07X1700,222,https://news.qq.com/rain/a/20250228A07X1700
巴西媒体：养老机器人，中国又走在前头,https://news.qq.com/rain/a/20250301A01HC000,222,https://news.qq.com/rain/a/20250301A01HC000
2999元，苹果这新机彻底杀疯了,https://news.qq.com/rain/a/20250228A09RMJ00,222,https://news.qq.com/rain/a/20250228A09RMJ00
大厂纷纷挖角顶尖AI工程师 人才缺口将达400万,https://news.qq.com/rain/a/20250301A015CA00,222,https://news.qq.com/rain/a/20250301A015CA00
DeepSeek不是唯一！中国激光电视也在引领世界,https://news.qq.com/rain/a/20250227V08Y9300,222,https://news.qq.com/rain/a/20250227V08Y9300
国家公共数据资源登记平台上线运行，报告称今年数据要素市场规模有望超2000亿元，机构看好这四大类企业,https://news.qq.com/rain/a/20250301A0775700,222,https://news.qq.com/rain/a/20250301A0775700
对话苏姿丰：AMD的转身与AI的未来,https://news.qq.com/rain/a/20250301A06HAX00,222,https://news.qq.com/rain/a/20250301A06HAX00
河北衡水跑出超级隐形冠军：年入3亿 全国第一,https://news.qq.com/rain/a/20250227A07D4B00,222,https://news.qq.com/rain/a/20250227A07D4B00
抢人！杭州“六小龙”太火，其他城市坐不住了,https://news.qq.com/rain/a/20250227V06S3V00,222,https://news.qq.com/rain/a/20250227V06S3V00
Deepseek 说希望与宇树机器人合体,https://news.qq.com/rain/a/20250227A07YAJ00,222,https://news.qq.com/rain/a/20250227A07YAJ00
网文编辑，围剿AI,https://news.qq.com/rain/a/20250301A03ZXQ00,222,https://news.qq.com/rain/a/20250301A03ZXQ00
清华大学突破 DNA 存储瓶颈：理论检索 196.72 MB/s,https://news.qq.com/rain/a/20250301A05QVH00,222,https://news.qq.com/rain/a/20250301A05QVH00
要被瓜分的英特尔：时代落幕还是涅槃重生？最近关于英特尔的传言铺天盖地，先是传出来台积电要和英特尔合资办厂，接着是博通和台积电要联手瓜分英特尔，然后是私募基金SilverLake要收购英特尔子公司Altera……那英特尔到底会不会被瓜分？英特尔还有哪些压箱底的宝贝能力挽狂澜，它是否会像十年前的AMD那样触底反弹，未来到底会走向何处？,https://news.qq.com/rain/a/20250301V01SDB00,222,https://news.qq.com/rain/a/20250301V01SDB00
互联网消金打响“促销战”：上传比价截图，年化贷款利率可降至3%？,https://news.qq.com/rain/a/20250301A04LGR00,222,https://news.qq.com/rain/a/20250301A04LGR00
蒋凡归来再点一把火！阿里巴巴又一平台加速出海,https://news.qq.com/rain/a/20250228A05MJO00,222,https://news.qq.com/rain/a/20250228A05MJO00
英伟达CEO黄仁勋：市场对DeepSeek存在误解，AI模型的后训练阶段仍有巨大算力需求,https://news.qq.com/rain/a/20250228V05S8200,222,https://news.qq.com/rain/a/20250228V05S8200
再谈大模型浪潮 全国政协委员、京东集团曹鹏：建议加强异构算力建设 鼓励企业探索“智能体”,https://news.qq.com/rain/a/20250301A01R0G00,222,https://news.qq.com/rain/a/20250301A01R0G00
英特尔再度推迟“千亿美元”芯片工厂的建设！投产起码再等5年,https://news.qq.com/rain/a/20250301A02C4W00,222,https://news.qq.com/rain/a/20250301A02C4W00
获3.5亿美元投资，谷歌押注的人形机器人进厂造奔驰,https://news.qq.com/rain/a/20250301A03NDS00,222,https://news.qq.com/rain/a/20250301A03NDS00
阿里万相视频大模型，治好了我对Sora的焦虑,https://news.qq.com/rain/a/20250227V0985H00,222,https://news.qq.com/rain/a/20250227V0985H00
窦德景：AI大模型的产业应用和DeepSeek的启示,https://news.qq.com/rain/a/20250301A0497J00,222,https://news.qq.com/rain/a/20250301A0497J00
英特尔俄亥俄州晶圆厂延期：一期工程最快2030年完工,https://news.qq.com/rain/a/20250301A07HFH00,222,https://news.qq.com/rain/a/20250301A07HFH00
如何让外骨骼走进家庭？先得够便宜,https://news.qq.com/rain/a/20250301A03YAZ00,222,https://news.qq.com/rain/a/20250301A03YAZ00
梁文锋，量化私募大佬改写AI历史,https://news.qq.com/rain/a/20250225V065RG00,222,https://news.qq.com/rain/a/20250225V065RG00
六折血洗，Applovin 罪至于此吗？,https://news.qq.com/rain/a/20250301A042Q600,222,https://news.qq.com/rain/a/20250301A042Q600
二十一世纪的汉字笔谈：“对多”上的“伪中国语”,https://news.qq.com/rain/a/20250301A035SL00,222,https://news.qq.com/rain/a/20250301A035SL00
OpenAI GPT-6训练规模将创历史新高：预估10万张H100 GPU,https://news.qq.com/rain/a/20250301A01XPY00,222,https://news.qq.com/rain/a/20250301A01XPY00
骑手社保全包，大额补贴用户！京东这波福利太香了,https://news.qq.com/rain/a/20250227V05YEA00,222,https://news.qq.com/rain/a/20250227V05YEA00
网易技术人员称云音乐APP故障系因华为交换机故障引起,https://news.qq.com/rain/a/20250301A02NFV00,222,https://news.qq.com/rain/a/20250301A02NFV00
人形机器人：电子皮肤的工作原理,https://news.qq.com/rain/a/20250301A01YP200,222,https://news.qq.com/rain/a/20250301A01YP200
AI 的黑暗面：训练引入不安全代码，竟鼓吹要统治人类,https://news.qq.com/rain/a/20250301A03V1300,222,https://news.qq.com/rain/a/20250301A03V1300
雷军登顶首富！财富神话还是实干传奇？,https://news.qq.com/rain/a/20250227V07AVO00,222,https://news.qq.com/rain/a/20250227V07AVO00
京东舞剑，意在即时零售？,https://news.qq.com/rain/a/20250228A09CGG00,222,https://news.qq.com/rain/a/20250228A09CGG00
AI加速度，广东“智”造攀新高,https://news.qq.com/rain/a/20250301A076DY00,222,https://news.qq.com/rain/a/20250301A076DY00
最符合国人审美的帅哥被批量生产 第一批AI尝鲜者已在改写行业规则,https://news.qq.com/rain/a/20250227A08UVF00,222,https://news.qq.com/rain/a/20250227A08UVF00
对中国整个科技行业，DeepSeek的意义变得越来越大,https://news.qq.com/rain/a/20250225V0849100,222,https://news.qq.com/rain/a/20250225V0849100
我用字节最强的 AI 数字人，让《银魂》主角出演了赵本山的经典小品,https://news.qq.com/rain/a/20250301A042MO00,222,https://news.qq.com/rain/a/20250301A042MO00
国产服务器CPU厂商爆雷：董事长被限制消费，此前已失联,https://news.qq.com/rain/a/20250227A046QO00,222,https://news.qq.com/rain/a/20250227A046QO00
OpenAI继续“暴力计算” DeepSeek、月之暗面拿出算法“手术刀”,https://news.qq.com/rain/a/20250301A016DA00,222,https://news.qq.com/rain/a/20250301A016DA00
聊天机器人 vs AI助手：谁才是你的智能新宠？,https://news.qq.com/rain/a/20250228V07U9U00,222,https://news.qq.com/rain/a/20250228V07U9U00
京东外卖，“烧”上牌桌,https://news.qq.com/rain/a/20250301A04V4000,222,https://news.qq.com/rain/a/20250301A04V4000
大疆 Matrice M400A 无人机首曝：20254 mAh 电池,https://news.qq.com/rain/a/20250301A03ZDI00,222,https://news.qq.com/rain/a/20250301A03ZDI00
超40小时长续航，华为FreeBuds SE 3畅听音乐不间断,https://news.qq.com/rain/a/20250227A0879Q00,222,https://news.qq.com/rain/a/20250227A0879Q00
Figure机器人再进厂！这回盯上了快递分拣员：8小时训练超越人类,https://news.qq.com/rain/a/20250227V06TNM00,222,https://news.qq.com/rain/a/20250227V06TNM00
里程碑式裁决：联想胜诉，英国法院裁决爱立信违反 FRAND 承诺,https://news.qq.com/rain/a/20250301A02AL600,222,https://news.qq.com/rain/a/20250301A02AL600
AI时代下我们还要学习古诗吗？戴建业：古诗蕴藏我们未来的人生密码,https://news.qq.com/rain/a/20250301A03WXG00,222,https://news.qq.com/rain/a/20250301A03WXG00
谷歌联创布林：如果员工每周工作 60 小时，通用人工智能就触手可及,https://news.qq.com/rain/a/20250301A0209Q00,222,https://news.qq.com/rain/a/20250301A0209Q00
去年奖金分红8亿元，这家中国企业回应：属实 特朗普也用它的产品！,https://news.qq.com/rain/a/20250227V00ECV00,222,https://news.qq.com/rain/a/20250227V00ECV00
信息爆炸时代，如何保持自己的独特性？,https://news.qq.com/rain/a/20250227A01CFT00,222,https://news.qq.com/rain/a/20250227A01CFT00
外卖平台社保账单：百亿成本、流动困局与零工经济重构,https://news.qq.com/rain/a/20250228A05MID00,222,https://news.qq.com/rain/a/20250228A05MID00
Statcounter 报告 2 月全球 Windows 版本分布：Win10 58.83%,https://news.qq.com/rain/a/20250301A05NLG00,222,https://news.qq.com/rain/a/20250301A05NLG00
来时的路：一口气了解“中国制造2025”的前世今生,https://news.qq.com/rain/a/20250227V02SBG00,222,https://news.qq.com/rain/a/20250227V02SBG00
DeepSeek链入财富管理 AI投顾靠谱吗？,https://news.qq.com/rain/a/20250301A00ZMW00,222,https://news.qq.com/rain/a/20250301A00ZMW00
AI会替代心理咨询师吗？,https://news.qq.com/rain/a/20250301A04V4300,222,https://news.qq.com/rain/a/20250301A04V4300
火狐 Firefox 浏览器隐私条款变更，用户担忧数据安全,https://news.qq.com/rain/a/20250301A02G6N00,222,https://news.qq.com/rain/a/20250301A02G6N00
王兴兴：机器人将只有细胞大小，能进入人体杀死癌细胞，还能把器官给修复,https://news.qq.com/rain/a/20250228V0315I00,222,https://news.qq.com/rain/a/20250228V0315I00
极米科技Q4上演神奇反转,https://news.qq.com/rain/a/20250227A08QNH00,222,https://news.qq.com/rain/a/20250227A08QNH00
被AI陪伴的未成年人，会过得更好吗,https://news.qq.com/rain/a/20250301A01GDV00,222,https://news.qq.com/rain/a/20250301A01GDV00
大模型是否有自知之明？新研究发现LLM可以知晓自己的知识范围,https://news.qq.com/rain/a/20250301A04KGZ00,222,https://news.qq.com/rain/a/20250301A04KGZ00
DeepSeek、阿里云降价，中国科技卷疯了!,https://news.qq.com/rain/a/20250227V06K1B00,222,https://news.qq.com/rain/a/20250227V06K1B00
Meta计划推独立AI应用，奥特曼：也许我们会做社交应用,https://news.qq.com/rain/a/20250301A03TAS00,222,https://news.qq.com/rain/a/20250301A03TAS00
封面有数｜2月消费关键词：过大年、换新机、冰雪热,https://news.qq.com/rain/a/20250301A06SI800,222,https://news.qq.com/rain/a/20250301A06SI800
5分钟顶人类8小时！OpenAI Deep Research订阅全推送，端到端强化微调是关键,https://news.qq.com/rain/a/20250301A0527I00,222,https://news.qq.com/rain/a/20250301A0527I00
AI中医，为啥不靠谱？,https://news.qq.com/rain/a/20250228V07X3Q00,222,https://news.qq.com/rain/a/20250228V07X3Q00
英伟达、联发科 WoA 合作成果：NVIDIA N1X 工程机现身 Geekbench,https://news.qq.com/rain/a/20250301A05ZU600,222,https://news.qq.com/rain/a/20250301A05ZU600
亚马逊也将目光聚焦在AI儿童陪伴上了,https://news.qq.com/rain/a/20250301A0475W00,222,https://news.qq.com/rain/a/20250301A0475W00
HYK图赏｜小米 Buds 5 Pro Wi-Fi版,https://news.qq.com/rain/a/20250227A09M9A00,222,https://news.qq.com/rain/a/20250227A09M9A00
我们今天会的知识，在人工智能面前啥都不是！,https://news.qq.com/rain/a/20250224V09DYP00,222,https://news.qq.com/rain/a/20250224V09DYP00
微软 BioEmu-1 推动药物研发：AI 精准预测蛋白质结构变化,https://news.qq.com/rain/a/20250301A03CZL00,222,https://news.qq.com/rain/a/20250301A03CZL00
广告发家的株洲青年，洽谈出售百亿级平台,https://news.qq.com/rain/a/20250228A082X200,222,https://news.qq.com/rain/a/20250228A082X200
为什么我们遇到问题，总喜欢上网搜答案？,https://news.qq.com/rain/a/20250301A0461X00,222,https://news.qq.com/rain/a/20250301A0461X00
揭秘开源圈关系网！如何发现Deepseek的隐藏圈子？,https://news.qq.com/rain/a/20250301V04CRP00,222,https://news.qq.com/rain/a/20250301V04CRP00
推出的AI大模型未来盈利模式是怎样？ 华大基因回应,https://news.qq.com/rain/a/20250301A041YH00,222,https://news.qq.com/rain/a/20250301A041YH00
腾讯未保体系升级：技术监管之后，防沉迷下半场更该谈论什么？,https://news.qq.com/rain/a/20250228A0A5P900,222,https://news.qq.com/rain/a/20250228A0A5P900
“机器人、机器狗进家庭”受关注：有妈妈想买机器狗帮孩子背书包上学，业内人士称执行复杂任务还需较长时间,https://news.qq.com/rain/a/20250227A06XML00,222,https://news.qq.com/rain/a/20250227A06XML00
DeepSeek为啥要免费开源？,https://news.qq.com/rain/a/20250227V04UIF00,222,https://news.qq.com/rain/a/20250227V04UIF00
从零到千万美金：我用AI自学编程，打造了三个爆款App,https://news.qq.com/rain/a/20250227A00LWM00,222,https://news.qq.com/rain/a/20250227A00LWM00
纽约地铁用 Pixel 手机检测轨道缺陷，能力与人类检查员旗鼓相当,https://news.qq.com/rain/a/20250301A04N8600,222,https://news.qq.com/rain/a/20250301A04N8600
​基于接触起电和静电感应原理，汉阳大学团队开发新型传感器阵列,https://news.qq.com/rain/a/20250301A0731L00,222,https://news.qq.com/rain/a/20250301A0731L00
狂卖2.25亿台！超越三星问鼎第一！苹果凭啥挤牙膏还能大卖？,https://news.qq.com/rain/a/20250225V02RE900,222,https://news.qq.com/rain/a/20250225V02RE900
DeepSeek开源周Day4：透露了V3/R1模型训练的省钱魔法,https://news.qq.com/rain/a/20250227A070UG00,222,https://news.qq.com/rain/a/20250227A070UG00
看看自己买了多少谷歌产品：Google Store 在线商店获升级,https://news.qq.com/rain/a/20250301A01LVL00,222,https://news.qq.com/rain/a/20250301A01LVL00
赛道Hyper | 未来无界：荣耀折叠屏进化论,https://news.qq.com/rain/a/20250301A06P0L00,222,https://news.qq.com/rain/a/20250301A06P0L00
跟ChatGPT自学编程后，只靠三个AI应用他逆袭成千万富翁,https://news.qq.com/rain/a/20250225V0475O00,222,https://news.qq.com/rain/a/20250225V0475O00
ICLR 2025｜AI不语，只是一味根据人类意图推理3D空间定位,https://news.qq.com/rain/a/20250301A04KH200,222,https://news.qq.com/rain/a/20250301A04KH200
杭州“六小龙”强脑科技：让残障者有尊严地活着,https://news.qq.com/rain/a/20250301A03PER00,222,https://news.qq.com/rain/a/20250301A03PER00
微软升级 Win11 任务管理器：接轨行业标准，统一 CPU 占用率算法,https://news.qq.com/rain/a/20250301A03CZI00,222,https://news.qq.com/rain/a/20250301A03CZI00
中国标准引领智慧养老新潮流，惠及3.1亿中国老人与全球21亿老人,https://news.qq.com/rain/a/20250228V09SJB00,222,https://news.qq.com/rain/a/20250228V09SJB00
实测GPT-4.5！全网都在喷的OpenAI最贵模型，我发现了一个惊喜的点,https://news.qq.com/rain/a/20250228A07WFG00,222,https://news.qq.com/rain/a/20250228A07WFG00
Gemini AI 升级！免费用户也能享受全局记忆功能,https://news.qq.com/rain/a/20250301A01JWX00,222,https://news.qq.com/rain/a/20250301A01JWX00
微信史诗级更新，占内存的问题终于解决了,https://news.qq.com/rain/a/20250228A09RMI00,222,https://news.qq.com/rain/a/20250228A09RMI00
像人一样看 像人一样焊 中科光电全球首创智能焊接机器人 撬动千亿市场应用,https://news.qq.com/rain/a/20250301V00OK800,222,https://news.qq.com/rain/a/20250301V00OK800
潘攻愚：“即使我们对手的产品免费，我们还是比他们便宜”,https://news.qq.com/rain/a/20250228A057FK00,222,https://news.qq.com/rain/a/20250228A057FK00
刘永好透露跟梁文锋交流内容：DeepSeek只有160个员工，全开源,https://news.qq.com/rain/a/20250228A04QU500,222,https://news.qq.com/rain/a/20250228A04QU500
定了！iPhone 17 要上高刷，但这也太丑了吧,https://news.qq.com/rain/a/20250228A0451X00,222,https://news.qq.com/rain/a/20250228A0451X00
春秋航空终版,https://news.qq.com/rain/a/20250227V03H0B00,222,https://news.qq.com/rain/a/20250227V03H0B00
6499元！小米15 Ultra太猛了！25年安卓影像机皇？,https://news.qq.com/rain/a/20250228A00N1O00,222,https://news.qq.com/rain/a/20250228A00N1O00
京东外卖凶猛：10万地推大军入局，有人日入近千元,https://news.qq.com/rain/a/20250228A07M6S00,222,https://news.qq.com/rain/a/20250228A07M6S00
没想到，我轻松干预了DeepSeek的搜索结果,https://news.qq.com/rain/a/20250227A04R0200,222,https://news.qq.com/rain/a/20250227A04R0200
年轻人的第一台中央空调？华凌空调打破行业潜规则！,https://news.qq.com/rain/a/20250227V04SDW00,222,https://news.qq.com/rain/a/20250227V04SDW00
何小鹏内部信：出差能拼房就不要单间,https://news.qq.com/rain/a/20250227A02Z4700,222,https://news.qq.com/rain/a/20250227A02Z4700
加州初创公司打造量子光芯片，采用格芯45nm工艺，称已实现全球性能最高的光子量子比特,https://news.qq.com/rain/a/20250227A06XVZ00,222,https://news.qq.com/rain/a/20250227A06XVZ00
机器人8小时速成物流分拣员！Figure-02大规模上岗只用30天,https://news.qq.com/rain/a/20250227A06B8I00,222,https://news.qq.com/rain/a/20250227A06B8I00
百度豪掷150亿再买YY直播：是布局未来，还是病急乱投医？,https://news.qq.com/rain/a/20250227V09CIH00,222,https://news.qq.com/rain/a/20250227V09CIH00
OPPO折叠屏，不想下牌桌,https://news.qq.com/rain/a/20250227A02VTC00,222,https://news.qq.com/rain/a/20250227A02VTC00
雷军一刀砍晕BBA,https://news.qq.com/rain/a/20250228A03MBS00,222,https://news.qq.com/rain/a/20250228A03MBS00
徐工机械：截至目前公司未生产人形机器人,https://news.qq.com/rain/a/20250301A0676Z00,222,https://news.qq.com/rain/a/20250301A0676Z00
DeepSeek V3开源了什么？,https://news.qq.com/rain/a/20250228V05UNT00,222,https://news.qq.com/rain/a/20250228V05UNT00
不开玩笑，DeepSeek让成人玩具率先受益,https://news.qq.com/rain/a/20250227A08ZGU00,222,https://news.qq.com/rain/a/20250227A08ZGU00
小米15 Ultra未涨价，卢伟冰：扛不住了，下代一定要涨,https://news.qq.com/rain/a/20250228A05E6600,222,https://news.qq.com/rain/a/20250228A05E6600
盲选中国科技七姐妹，这牛吹得没边了,https://news.qq.com/rain/a/20250227A04CN500,222,https://news.qq.com/rain/a/20250227A04CN500
刘永好谈梁文锋、王兴兴等年轻创业者：敢拼才会赢,https://news.qq.com/rain/a/20250228A08V5B00,222,https://news.qq.com/rain/a/20250228A08V5B00
DeepSeek开源周回顾：算法榨干硬件爆踩老黄牙膏！网友：真正的Open AI,https://news.qq.com/rain/a/20250228V08FR200,222,https://news.qq.com/rain/a/20250228V08FR200
Statcounter 报告 2025 年 2月浏览器大战：Chrome 稳居第一,https://news.qq.com/rain/a/20250301A05JU900,222,https://news.qq.com/rain/a/20250301A05JU900
2025跨境新生代｜从Agent到搜索引擎：阿里猛推“AI+外贸”能成为跨境电商新鲶鱼吗？,https://news.qq.com/rain/a/20250301A05QPE00,222,https://news.qq.com/rain/a/20250301A05QPE00
npj Robotics专题征稿 | 简约自主机器人的神经形态计算,https://news.qq.com/rain/a/20250301A04BK900,222,https://news.qq.com/rain/a/20250301A04BK900
小米 15 Ultra 全面测评：新一代影像堆料狂魔？长焦对比 vivo X200 Pro、三星 S23 Ultra,https://news.qq.com/rain/a/20250228V00HVY00,222,https://news.qq.com/rain/a/20250228V00HVY00
DeepSeek开源打碎了谁的饭碗,https://news.qq.com/rain/a/20250227A08D8D00,222,https://news.qq.com/rain/a/20250227A08D8D00
生态伙伴集体冲刺，为原生鸿蒙而生的手机要来了,https://news.qq.com/rain/a/20250228A01CZC00,222,https://news.qq.com/rain/a/20250228A01CZC00
崇德科技：滑动轴承产品未直接用于机器人 正研发可用于机器人的产品,https://news.qq.com/rain/a/20250301A03UVL00,222,https://news.qq.com/rain/a/20250301A03UVL00
全国人大代表、美的钟铮：民营企业应更加关注科技创新，避免在低端领域去内卷,https://news.qq.com/rain/a/20250301V06THW00,222,https://news.qq.com/rain/a/20250301V06THW00
两小时一万辆，雷军“杀疯了”,https://news.qq.com/rain/a/20250228A08CCX00,222,https://news.qq.com/rain/a/20250228A08CCX00
美前议长：在马斯克之前，美国造不出火箭发动机,https://news.qq.com/rain/a/20250228A03TA100,222,https://news.qq.com/rain/a/20250228A03TA100
有「手」才是扫拖机器人：石头G30 Space 探索版体验,https://news.qq.com/rain/a/20250225V066J500,222,https://news.qq.com/rain/a/20250225V066J500
“霸总”退潮，短剧不香了？,https://news.qq.com/rain/a/20250228A02E7Q00,222,https://news.qq.com/rain/a/20250228A02E7Q00
超越DeepSeek推理，效率更高！斯坦福马腾宇新作：有限数据，无限迭代,https://news.qq.com/rain/a/20250228A019UM00,222,https://news.qq.com/rain/a/20250228A019UM00
全国人大代表、美的钟铮：建议出台内贸险发展政策，鼓励企业积极参与国内大循环,https://news.qq.com/rain/a/20250301A05QWA00,222,https://news.qq.com/rain/a/20250301A05QWA00
「科技美学」终极对决 四大旗舰（下篇）2025,https://news.qq.com/rain/a/20250224V055YZ00,222,https://news.qq.com/rain/a/20250224V055YZ00
利亚德：虚拟动点联合松延动力成立了“具身智能机器人联合实验室”,https://news.qq.com/rain/a/20250301A052J300,222,https://news.qq.com/rain/a/20250301A052J300
DeepSeek官宣降价！“错峰定价”将再掀大模型价格战？,https://news.qq.com/rain/a/20250228A07Q6B00,222,https://news.qq.com/rain/a/20250228A07Q6B00
雷军皮衣引爆全网后，我们扒出了他隐藏的“带货宇宙”,https://news.qq.com/rain/a/20250228A06STN00,222,https://news.qq.com/rain/a/20250228A06STN00
芯片王者英特尔沦落拆分？台积电能否接住这块烫手山芋？,https://news.qq.com/rain/a/20250224V09NXL00,222,https://news.qq.com/rain/a/20250224V09NXL00
马斯克发声：“我受到死亡威胁”！啥情况？,https://news.qq.com/rain/a/20250227A069N200,222,https://news.qq.com/rain/a/20250227A069N200
iPhone 16e，2025年最鸡肋的手机,https://news.qq.com/rain/a/20250225A0150R00,222,https://news.qq.com/rain/a/20250225A0150R00
人形机器人必不可少的部件 3D视觉传感器有望快速放量,https://news.qq.com/rain/a/20250227A01UVW00,222,https://news.qq.com/rain/a/20250227A01UVW00
2.2亿美元，清华姚班天才创办的AI公司卖身MongoDB,https://news.qq.com/rain/a/20250227V083QC00,222,https://news.qq.com/rain/a/20250227V083QC00
DeepSeek开源周one more thing：V3/R1推理系统概述,https://news.qq.com/rain/a/20250301A046H300,222,https://news.qq.com/rain/a/20250301A046H300
比尔盖茨投资的植物肉宣布：暂停中国运营并裁员95%,https://news.qq.com/rain/a/20250228A06J4D00,222,https://news.qq.com/rain/a/20250228A06J4D00
再也没有廉价版（和小屏） iPhone 了,https://news.qq.com/rain/a/20250227A086RI00,222,https://news.qq.com/rain/a/20250227A086RI00
中美AI竞争3个“分水岭”,https://news.qq.com/rain/a/20250223V04JDZ00,222,https://news.qq.com/rain/a/20250223V04JDZ00
1105元起！真我Neo 7 SE/7x彻底捅破千元机天花板,https://news.qq.com/rain/a/20250225A08LSB00,222,https://news.qq.com/rain/a/20250225A08LSB00
52.99W！小米发布会最后这个操作，彻底杀疯了！,https://news.qq.com/rain/a/20250227A09NQM00,222,https://news.qq.com/rain/a/20250227A09NQM00
中美芯片战争蔓延至“成熟制程”,https://news.qq.com/rain/a/20250227A09VMC00,222,https://news.qq.com/rain/a/20250227A09VMC00
DeepSeek知乎发文，DeepSeek 开源周震撼收官！ 成本利润率高达545%，回击欧美质疑，业内称其重要性超发布会，亮点满满，快来看看！,https://news.qq.com/rain/a/20250301V06NL600,222,https://news.qq.com/rain/a/20250301V06NL600
7000mAh+天玑8400卖1530元？这台新机体验真超预期了,https://news.qq.com/rain/a/20250225A08XEY00,222,https://news.qq.com/rain/a/20250225A08XEY00
小米6499元手机叫板苹果、52.99万豪车挑战保时捷,https://news.qq.com/rain/a/20250228A039CO00,222,https://news.qq.com/rain/a/20250228A039CO00
任正非的四条船,https://news.qq.com/rain/a/20250227A04KYI00,222,https://news.qq.com/rain/a/20250227A04KYI00
最后一次6499元？小米15 Ultra值得吗？,https://news.qq.com/rain/a/20250228V00GTY00,222,https://news.qq.com/rain/a/20250228V00GTY00
马云回归站台、辟谣出售计划，阿里新零售“独苗”盒马何时能达千亿规模？,https://news.qq.com/rain/a/20250227A09TZ400,222,https://news.qq.com/rain/a/20250227A09TZ400
集体接入DeepSeek 家务机器人将成“懒人”福音？,https://news.qq.com/rain/a/20250301A013NF00,222,https://news.qq.com/rain/a/20250301A013NF00
苹果iOS新增“关键信息”API，App 重要信息可通过短信直达iPhone,https://news.qq.com/rain/a/20250301A01JWR00,222,https://news.qq.com/rain/a/20250301A01JWR00
骚扰你的影院按摩椅，9个月赚了1个亿,https://news.qq.com/rain/a/20250225V03SQ700,222,https://news.qq.com/rain/a/20250225V03SQ700
首发1/1.3英寸超大底长焦！华为Pura 80 Ultra再曝光,https://news.qq.com/rain/a/20250227A06Z4S00,222,https://news.qq.com/rain/a/20250227A06Z4S00
国产AI大模型一体机，拿下中国智算半壁江山，能跑满血DeepSeek,https://news.qq.com/rain/a/20250228A09U6300,222,https://news.qq.com/rain/a/20250228A09U6300
用机器人养老，这事靠谱吗？,https://news.qq.com/rain/a/20250227A098ZL00,222,https://news.qq.com/rain/a/20250227A098ZL00
用18吨的光刻机，刻28纳米的字,https://news.qq.com/rain/a/20250223V050JN00,222,https://news.qq.com/rain/a/20250223V050JN00
AI抢饭碗的时代要来了？一大型银行未来三年内预计裁员4000人,https://news.qq.com/rain/a/20250228A0A16C00,222,https://news.qq.com/rain/a/20250228A0A16C00
为骑手缴社保，刘强东图什么？,https://news.qq.com/rain/a/20250228A09UOQ00,222,https://news.qq.com/rain/a/20250228A09UOQ00
专访成都市政协委员、成都人形机器人创新中心董事长张睿睿：算力训练是人形机器人重要成本，模型小型化是解决路径之一,https://news.qq.com/rain/a/20250228A06GXC00,222,https://news.qq.com/rain/a/20250228A06GXC00
长长长长长！小米15Ultra 12小时拍照挑战，「夜神长焦」到底有多神？,https://news.qq.com/rain/a/20250228V01RUY00,222,https://news.qq.com/rain/a/20250228V01RUY00
“民企老兵”姚劲波：AI可以破局“找不到好阿姨”,https://news.qq.com/rain/a/20250301A06VBY00,222,https://news.qq.com/rain/a/20250301A06VBY00
阿里3800亿豪赌AI 接连拿下苹果、荣耀大单,https://news.qq.com/rain/a/20250228A07XAV00,222,https://news.qq.com/rain/a/20250228A07XAV00
DeepSeek让玄学博主集体失业！带货卖水晶爆火,https://news.qq.com/rain/a/20250226A04FPG00,222,https://news.qq.com/rain/a/20250226A04FPG00
马媒：中国的创新和产品，正影响西方对世界秩序的主导地位,https://news.qq.com/rain/a/20250227V064US00,222,https://news.qq.com/rain/a/20250227V064US00
2099元...这透明探索版手机，真的有点骚,https://news.qq.com/rain/a/20250226A0A5HM00,222,https://news.qq.com/rain/a/20250226A0A5HM00
华为手机“重返”海外市场，近3万元非凡大师领衔,https://news.qq.com/rain/a/20250228A01IB000,222,https://news.qq.com/rain/a/20250228A01IB000
OpenAI“史上最贵”大模型发布，定价是DeepSeek的280倍,https://news.qq.com/rain/a/20250228A06XD200,222,https://news.qq.com/rain/a/20250228A06XD200
量子计算的Transformer时刻？深聊硅谷五大派系的量子角力,https://news.qq.com/rain/a/20250226V04VDE00,222,https://news.qq.com/rain/a/20250226V04VDE00
“何苦割肉饲美！”近九成台湾民众反对台积电将最先进技术转移至美国,https://news.qq.com/rain/a/20250227A074E100,222,https://news.qq.com/rain/a/20250227A074E100
小米双Ultra，雷军的高端局,https://news.qq.com/rain/a/20250228A05MBE00,222,https://news.qq.com/rain/a/20250228A05MBE00
华住会联手滴滴出行，酒店会员运营“生态化”渐显？,https://news.qq.com/rain/a/20250227A0353M00,222,https://news.qq.com/rain/a/20250227A0353M00
AI自习室“火”到县城 谁为“智能”买单,https://news.qq.com/rain/a/20250301A015CE00,222,https://news.qq.com/rain/a/20250301A015CE00
「夜神登场」小米15 Ultra夜景对比小米14 Ultra,https://news.qq.com/rain/a/20250228V01S1S00,222,https://news.qq.com/rain/a/20250228V01S1S00
DeepSeek-R1后又一推理训练里程碑：用递归重构Transformer,https://news.qq.com/rain/a/20250227A032EW00,222,https://news.qq.com/rain/a/20250227A032EW00
人形机器人爆火背后，寻找中国供应链的“隐形冠军”,https://news.qq.com/rain/a/20250227A05S3M00,222,https://news.qq.com/rain/a/20250227A05S3M00
AI PC彻底爆发！苹果又赢麻了，全靠M芯片突围？,https://news.qq.com/rain/a/20250227A07L1T00,222,https://news.qq.com/rain/a/20250227A07L1T00
用了两个月还有惊喜！？华为Mate X6长测报告,https://news.qq.com/rain/a/20250225V05W9I00,222,https://news.qq.com/rain/a/20250225V05W9I00
小米 15 Ultra 手机体验：口袋里的“大三元”，主打一个纯粹,https://news.qq.com/rain/a/20250228A01LXC00,222,https://news.qq.com/rain/a/20250228A01LXC00
DeepSeek风靡30天，我们总结了一份使用通识（文科生版）,https://news.qq.com/rain/a/20250228A050TD00,222,https://news.qq.com/rain/a/20250228A050TD00
人形机器人租赁：日租2万5，订单排到国庆后,https://news.qq.com/rain/a/20250227A07JY100,222,https://news.qq.com/rain/a/20250227A07JY100
年入30亿，同比增长77%：“北欧任天堂”Supercell 凭什么再造奇迹？,https://news.qq.com/rain/a/20250223V04VXZ00,222,https://news.qq.com/rain/a/20250223V04VXZ00
华为Mate X6体验分享：真全能，强得飞起！不愧是史上最强大折叠屏,https://news.qq.com/rain/a/20250226A08IK000,222,https://news.qq.com/rain/a/20250226A08IK000
被改变命运的晶圆厂,https://news.qq.com/rain/a/20250228A06OJW00,222,https://news.qq.com/rain/a/20250228A06OJW00
小米15 Ultra 挑战 长焦夜景极限 “夜神”称号配得上吗？,https://news.qq.com/rain/a/20250228V00KJC00,222,https://news.qq.com/rain/a/20250228V00KJC00
5G-A渐入佳境,https://news.qq.com/rain/a/20250228A01J9D00,222,https://news.qq.com/rain/a/20250228A01J9D00
观点：新型光纤加速应用，市场竞争日趋激烈,https://news.qq.com/rain/a/20250228A029HT00,222,https://news.qq.com/rain/a/20250228A029HT00
作为独立开发人员，如何每月赚取13万美元,https://news.qq.com/rain/a/20250227A00UPI00,222,https://news.qq.com/rain/a/20250227A00UPI00
百家医院接入DeepSeek 是“助手”还是“对手”？,https://news.qq.com/rain/a/20250228V09IO100,222,https://news.qq.com/rain/a/20250228V09IO100
数据服务商瞄准高返佣助贷场景,https://news.qq.com/rain/a/20250301A011E200,222,https://news.qq.com/rain/a/20250301A011E200
谷歌测试 Shielded Email 功能：隐藏真实邮箱，升级隐私保护,https://news.qq.com/rain/a/20250301A01R8K00,222,https://news.qq.com/rain/a/20250301A01R8K00
吃上12GB内存！iPhone 17 Pro这次豁出去了！,https://news.qq.com/rain/a/20250227A06ZJ100,222,https://news.qq.com/rain/a/20250227A06ZJ100
视频｜北京水务机器人组团“接单”，多应用场景都能胜任,https://news.qq.com/rain/a/20250228V09GP200,222,https://news.qq.com/rain/a/20250228V09GP200
小米15 Ultra图赏：影像旗舰也有艺术之美,https://news.qq.com/rain/a/20250228A028WW00,222,https://news.qq.com/rain/a/20250228A028WW00
特朗普关税政策“变脸” 跨境电商卖家急着避险？,https://news.qq.com/rain/a/20250227A073F200,222,https://news.qq.com/rain/a/20250227A073F200
华为墙上为什么挂满了员工的照片？,https://news.qq.com/rain/a/20250228A076OQ00,222,https://news.qq.com/rain/a/20250228A076OQ00
人形机器人深杭“双城记”,https://news.qq.com/rain/a/20250228A0676600,222,https://news.qq.com/rain/a/20250228A0676600
下载量飙升，牵手DeepSeek，腾讯元宝成最好用AI工具,https://news.qq.com/rain/a/20250228V04DEQ00,222,https://news.qq.com/rain/a/20250228V04DEQ00
DeepSeek-R1自写CUDA内核跑分屠榜！斯坦福学霸狂飙GPU编程自动化挑战人类,https://news.qq.com/rain/a/20250227A04ZE500,222,https://news.qq.com/rain/a/20250227A04ZE500
中国微短剧海外掀起“刷剧热”,https://news.qq.com/rain/a/20250301A03UQB00,222,https://news.qq.com/rain/a/20250301A03UQB00
世界首个养老机器人国际标准发布，机器人养老快来了？丨有话聊,https://news.qq.com/rain/a/20250228A05K7S00,222,https://news.qq.com/rain/a/20250228A05K7S00
Grok 3横空出世：AI性能怪兽，速度即实力,https://news.qq.com/rain/a/20250224V05YIS00,222,https://news.qq.com/rain/a/20250224V05YIS00
​“新饭碗”，AI造,https://news.qq.com/rain/a/20250228A07M1100,222,https://news.qq.com/rain/a/20250228A07M1100
创始人卖房还债，李开复大弟子打造的AI准独角兽暴雷了,https://news.qq.com/rain/a/20250228A03JOF00,222,https://news.qq.com/rain/a/20250228A03JOF00
超钟睒睒成中国新首富？雷军在武大校友群否认：那是假新闻,https://news.qq.com/rain/a/20250227A071MX00,222,https://news.qq.com/rain/a/20250227A071MX00
DeepSeek总结足不出户就可赚钱的10大副业，到底靠不靠谱,https://news.qq.com/rain/a/20250228V05BLR00,222,https://news.qq.com/rain/a/20250228V05BLR00
GPT-4.5深陷争议,https://news.qq.com/rain/a/20250228A06WAJ00,222,https://news.qq.com/rain/a/20250228A06WAJ00
莫道AI不如人：李叔同《送别》的“译”曲之工,https://news.qq.com/rain/a/20250227A069B400,222,https://news.qq.com/rain/a/20250227A069B400
「WHYLAB」练习两年半，小米 Buds 5 Pro 回归，冲高成了吗？,https://news.qq.com/rain/a/20250227V08HCW00,222,https://news.qq.com/rain/a/20250227V08HCW00
金蝶徐少春：AI推动全球SaaS生态融合共生，行业发展迎来黄金十年,https://news.qq.com/rain/a/20250301A05IGM00,222,https://news.qq.com/rain/a/20250301A05IGM00
小米 15 Ultra 影像评测：小米史上最强拍照手机，对比徕卡怎么样?,https://news.qq.com/rain/a/20250228A01IH900,222,https://news.qq.com/rain/a/20250228A01IH900
评论丨用DeepSeek写歌是不正当竞争吗？没有独创性就是剽窃,https://news.qq.com/rain/a/20250228A08JRU00,222,https://news.qq.com/rain/a/20250228A08JRU00
刘慈欣：人工智能在抢人类饭碗和工作，科幻小说还没写过这些,https://news.qq.com/rain/a/20250226V07VO500,222,https://news.qq.com/rain/a/20250226V07VO500
特斯拉FSD车主赚到了回头钱：一天租金4000元，市场上仍然一车难求,https://news.qq.com/rain/a/20250227A07BME00,222,https://news.qq.com/rain/a/20250227A07BME00
6499元起！小米15Ultra“不涨价”！卢伟冰曾透露…,https://news.qq.com/rain/a/20250227A094B400,222,https://news.qq.com/rain/a/20250227A094B400
R2模型呼之欲出！「卷王」DeepSeek继续给巨头上压力,https://news.qq.com/rain/a/20250227A09MQJ00,222,https://news.qq.com/rain/a/20250227A09MQJ00
开源AI藏啥宝？它竟然是 “省钱、高效、安全”的三料选手？,https://news.qq.com/rain/a/20250221V070PL00,222,https://news.qq.com/rain/a/20250221V070PL00
成人玩偶植入AI变“情绪搭子”，仿生机器人瞄准情感价值,https://news.qq.com/rain/a/20250227A08S2A00,222,https://news.qq.com/rain/a/20250227A08S2A00
山姆“分姆”包围县城，加价代购网红商品能火多久？,https://news.qq.com/rain/a/20250228A0255800,222,https://news.qq.com/rain/a/20250228A0255800
特斯拉FSD落地状况频出，尝鲜过后谁是真正的消费者？,https://news.qq.com/rain/a/20250227A04KR600,222,https://news.qq.com/rain/a/20250227A04KR600
刘慈欣曾谈论人工智能：“我们或面临人类历史上前所未有的陷阱，在科技的安乐窝里，那么人类文明的活力在哪里？”,https://news.qq.com/rain/a/20250228V05FF700,222,https://news.qq.com/rain/a/20250228V05FF700
豆包App下载量跌至第三 腾讯元宝逆袭,https://news.qq.com/rain/a/20250227A08T8V00,222,https://news.qq.com/rain/a/20250227A08T8V00
如何防止陷入AI“搜索茧房”？,https://news.qq.com/rain/a/20250228A07QGK00,222,https://news.qq.com/rain/a/20250228A07QGK00
“云服务安全草案”面临废弃风险，23个欧洲行业团体呼吁欧盟采纳,https://news.qq.com/rain/a/20250301A03CZH00,222,https://news.qq.com/rain/a/20250301A03CZH00
视频丨DeepSeek“入职”丰台区政务服务中心，称职吗？,https://news.qq.com/rain/a/20250227V08BYC00,222,https://news.qq.com/rain/a/20250227V08BYC00
微短剧精品化之路：用贴近用户的方式讲述主流价值观,https://news.qq.com/rain/a/20250301A016UL00,222,https://news.qq.com/rain/a/20250301A016UL00
马上评｜中国牵头制定标准，机器人养老时代要来了？,https://news.qq.com/rain/a/20250228A07WB300,222,https://news.qq.com/rain/a/20250228A07WB300
不止15Ultra，小米这两大重磅新品马上就来,https://news.qq.com/rain/a/20250227A09S5600,222,https://news.qq.com/rain/a/20250227A09S5600
华为余承东曾谈出身贫苦农村：吃不饱穿不暖，有点钱就去买书,https://news.qq.com/rain/a/20250224V099XL00,222,https://news.qq.com/rain/a/20250224V099XL00
DeepSeek开源周：开源可能是不想赚钱，也可能是想推动更大变化,https://news.qq.com/rain/a/20250228A00GG500,222,https://news.qq.com/rain/a/20250228A00GG500
阿里云谈AI下半场 数据库已经开始比拼性价比,https://news.qq.com/rain/a/20250228A070P200,222,https://news.qq.com/rain/a/20250228A070P200
接班人是谁？董明珠和格力电器的终极考验,https://news.qq.com/rain/a/20250228A05QPW00,222,https://news.qq.com/rain/a/20250228A05QPW00
大模型自由只是入场券？产业智能化赛点从“有没有”到“怎么用”,https://news.qq.com/rain/a/20250228V0A1JH00,222,https://news.qq.com/rain/a/20250228V0A1JH00
脉脉接入DeepSeek-R1,https://news.qq.com/rain/a/20250227A09E4F00,222,https://news.qq.com/rain/a/20250227A09E4F00
“星链”紧急上线！马斯克：美国空中交通管制通信系统正迅速崩溃，或发生灾难性故障！啥情况？,https://news.qq.com/rain/a/20250228A01W7G00,222,https://news.qq.com/rain/a/20250228A01W7G00
联发科天玑9400+即将发布，OPPO Find X8S或将首发,https://news.qq.com/rain/a/20250224A06BCY00,222,https://news.qq.com/rain/a/20250224A06BCY00
周鸿祎：开源如人工智能的根技术，会带来生物大爆炸效果,https://news.qq.com/rain/a/20250228V0355B00,222,https://news.qq.com/rain/a/20250228V0355B00
杭州六小龙：一次“技工贸”模式的成功探险,https://news.qq.com/rain/a/20250227A07TA100,222,https://news.qq.com/rain/a/20250227A07TA100
腾讯官方揭秘：东方甄选靠“送礼”单日卖500万元,https://news.qq.com/rain/a/20250227A0660P00,222,https://news.qq.com/rain/a/20250227A0660P00
普通人如何逃离DeepSeek幻觉陷阱,https://news.qq.com/rain/a/20250227A09UNT00,222,https://news.qq.com/rain/a/20250227A09UNT00
任正非：不努力连做工人的机会都没有 世界走向人工智能势不可挡,https://news.qq.com/rain/a/20250225V074LD00,222,https://news.qq.com/rain/a/20250225V074LD00
双Ultra齐发，小米离2万亿市值还有多远,https://news.qq.com/rain/a/20250228A002QS00,222,https://news.qq.com/rain/a/20250228A002QS00
马斯克“免费”送星链拯救美国空管系统 背后牵扯政府大单争夺战,https://news.qq.com/rain/a/20250228A00VGS00,222,https://news.qq.com/rain/a/20250228A00VGS00
初创公司 PsiQuantum 表示正在制造数百万个量子计算芯片,https://news.qq.com/rain/a/20250227A043NJ00,222,https://news.qq.com/rain/a/20250227A043NJ00
小米15 Ultra 聊多亿点：十年光影，始终热爱,https://news.qq.com/rain/a/20250228V02OTG00,222,https://news.qq.com/rain/a/20250228V02OTG00
蓝皮书：AI技术正重构历史地理等学科传统研究方法,https://news.qq.com/rain/a/20250301A05LF600,222,https://news.qq.com/rain/a/20250301A05LF600
苹果iPhone 17 Pro系列将配备12GB内存，AI功能成升级关键,https://news.qq.com/rain/a/20250227A03N5200,222,https://news.qq.com/rain/a/20250227A03N5200
DeepSeek开源第五弹：3FS并行文件系统,https://news.qq.com/rain/a/20250228A029X400,222,https://news.qq.com/rain/a/20250228A029X400
莲花 CEO 发文疑内涵小米 ：大马力与直线加速唾手可得，弯道快的只有莲花和保时捷；雷军刚说 SU7Ultra 地表最强,https://news.qq.com/rain/a/20250228V0A3NN00,222,https://news.qq.com/rain/a/20250228V0A3NN00
宇树科技提醒“别上当” 知情人士：融资都是王兴兴亲自在抓,https://news.qq.com/rain/a/20250227A02TE700,222,https://news.qq.com/rain/a/20250227A02TE700
多地发布监测数据称网约车市场竞争加剧收入减少，提醒从业者审慎选择,https://news.qq.com/rain/a/20250227A07ZUZ00,222,https://news.qq.com/rain/a/20250227A07ZUZ00
DeepSeek吃光了云端的闲置算力 | 海斌访谈,https://news.qq.com/rain/a/20250227A09SNJ00,222,https://news.qq.com/rain/a/20250227A09SNJ00
马斯克参加特朗普上任后首次内阁会议：收到死亡威胁,https://news.qq.com/rain/a/20250227V05P2D00,222,https://news.qq.com/rain/a/20250227V05P2D00
宇树科技的合作伙伴，要募资10亿自己做机器人,https://news.qq.com/rain/a/20250227A071XX00,222,https://news.qq.com/rain/a/20250227A071XX00
荣耀李坤：上半年发布业内第一轻薄新一代大折叠，全版本满血芯片,https://news.qq.com/rain/a/20250228A04AWJ00,222,https://news.qq.com/rain/a/20250228A04AWJ00
可降低GPU内存的推理框架面世：韩国团队通过卸载键值缓存节约英伟达GPU内存，实现18.95倍注意力解码加速,https://news.qq.com/rain/a/20250228A08QJ700,222,https://news.qq.com/rain/a/20250228A08QJ700
华为昇腾：加大投入！赶上智能算力新风口！,https://news.qq.com/rain/a/20250228V03ZJI00,222,https://news.qq.com/rain/a/20250228V03ZJI00
一部深度相机，搞定机器人室内外高精度导航避障，国内3D视觉创企做到了,https://news.qq.com/rain/a/20250227A053ND00,222,https://news.qq.com/rain/a/20250227A053ND00
墨西哥科学院院长：人工智能正在改变全世界,https://news.qq.com/rain/a/20250227A04STU00,222,https://news.qq.com/rain/a/20250227A04STU00
消息称三星 Galaxy S25 Edge 手机 4 月 16 日发布,https://news.qq.com/rain/a/20250228A01ODD00,222,https://news.qq.com/rain/a/20250228A01ODD00
「WHYLAB」预算 2000，真我 Neo7 SE 对比 REDMI Turbo 4，谁才是天玑 8400 守门员？,https://news.qq.com/rain/a/20250225V059A800,222,https://news.qq.com/rain/a/20250225V059A800
小米SU7 Ultra杀疯了，关注相关产业链机会,https://news.qq.com/rain/a/20250228A02G8P00,222,https://news.qq.com/rain/a/20250228A02G8P00
当“医线”代表“接入”DeepSeek,https://news.qq.com/rain/a/20250228A09RAY00,222,https://news.qq.com/rain/a/20250228A09RAY00
腾讯推出新一代快思考模型混元Turbo S，将在腾讯元宝逐步灰度上线,https://news.qq.com/rain/a/20250227A07HSW00,222,https://news.qq.com/rain/a/20250227A07HSW00
波士顿动力创始人为何“盯上”中国宇树？机器人巨头创始人，竟然入手了宇树科技的机器人！你认为宇树科技的机器人表现如何，评论区聊一聊！,https://news.qq.com/rain/a/20250227V04AM800,222,https://news.qq.com/rain/a/20250227V04AM800
拉夫劳伦因客流器立“谢绝乱入”指示牌，专家称业内多用客流器考核成交率,https://news.qq.com/rain/a/20250228A08AUR00,222,https://news.qq.com/rain/a/20250228A08AUR00
DeepSeek开源周第四弹！3大猛料一口气发完，梁文锋亲自贡献,https://news.qq.com/rain/a/20250227A040DR00,222,https://news.qq.com/rain/a/20250227A040DR00
DeepSeek对英伟达“慢刀子捶打”,https://news.qq.com/rain/a/20250227A09AN100,222,https://news.qq.com/rain/a/20250227A09AN100
小米15 Ultra上手测评：徕卡，长大后我就成了你,https://news.qq.com/rain/a/20250228V03SUK00,222,https://news.qq.com/rain/a/20250228V03SUK00
家用人形机器人，离“大众下单”还有多远？,https://news.qq.com/rain/a/20250228A018MS00,222,https://news.qq.com/rain/a/20250228A018MS00
边直播带货边搞AI，教培巨头高途去年亏损10亿，一年销售费用“烧掉”近30亿,https://news.qq.com/rain/a/20250228A06VHT00,222,https://news.qq.com/rain/a/20250228A06VHT00
国资央企与AI“双向奔赴”：超20家央企接入DeepSeek，能源、通信等领域率先落地,https://news.qq.com/rain/a/20250228A09BFA00,222,https://news.qq.com/rain/a/20250228A09BFA00
小米15 Ultra震撼发布，卢伟冰的豪言壮语展现了小米在高端手机市场的雄心壮志,https://news.qq.com/rain/a/20250227V09HD700,222,https://news.qq.com/rain/a/20250227V09HD700
AR眼镜，正在迎来它的iPhone时刻,https://news.qq.com/rain/a/20250225A08KIO00,222,https://news.qq.com/rain/a/20250225A08KIO00
坐上电商市场第三把交椅？ 抖音“后来居上”不靠达人靠店播,https://news.qq.com/rain/a/20250227A01V3V00,222,https://news.qq.com/rain/a/20250227A01V3V00
英伟达业绩、指引均超市场预期 黄仁勋称Blackwell芯片需求惊人,https://news.qq.com/rain/a/20250227A01EUZ00,222,https://news.qq.com/rain/a/20250227A01EUZ00
中国科技“七姐妹”，是觉醒还是尬吹？,https://news.qq.com/rain/a/20250225V06AX000,222,https://news.qq.com/rain/a/20250225V06AX000
苹果首款折叠屏手机或将在2026年下半年发布,https://news.qq.com/rain/a/20250227A08TBA00,222,https://news.qq.com/rain/a/20250227A08TBA00
千呼万唤始出来的GPT 4.5，主打的只是一个“大”,https://news.qq.com/rain/a/20250228A02Y2T00,222,https://news.qq.com/rain/a/20250228A02Y2T00
DeepSeek“出道”满月，AI军备赛硝烟再起，算力新基建突围,https://news.qq.com/rain/a/20250228A09JED00,222,https://news.qq.com/rain/a/20250228A09JED00
雷军再谈保时捷点赞小米 ，猛夸“国际大厂有格局”，谦称小米汽车还是愣头青……,https://news.qq.com/rain/a/20250228V002A800,222,https://news.qq.com/rain/a/20250228V002A800
Deep Research 团队：Agent 的终极形态是所有任务 All-in-one,https://news.qq.com/rain/a/20250227A0915P00,222,https://news.qq.com/rain/a/20250227A0915P00
3万义乌人用AI做生意：老板娘“精通”36种语言，一人也能运营一家公司,https://news.qq.com/rain/a/20250228A08X4V00,222,https://news.qq.com/rain/a/20250228A08X4V00
心理医生谈DeepSeek：AI擅长你问我答，但“沉默”是有价值的,https://news.qq.com/rain/a/20250228A019N300,222,https://news.qq.com/rain/a/20250228A019N300
【老戴】苹果自研Modem首测，浅聊一下Apple C1,https://news.qq.com/rain/a/20250227V0340B00,222,https://news.qq.com/rain/a/20250227V0340B00
量产在即，人形机器人产业迎来关键节点,https://news.qq.com/rain/a/20250227A06BWX00,222,https://news.qq.com/rain/a/20250227A06BWX00
寒武纪2024营收同比增长65.56%，亏损幅度大幅收窄,https://news.qq.com/rain/a/20250227A08Q2I00,222,https://news.qq.com/rain/a/20250227A08Q2I00
曾家家必备的“神器”，如今却悄悄失宠,https://news.qq.com/rain/a/20250224A07T1I00,222,https://news.qq.com/rain/a/20250224A07T1I00
雷军同款皮衣断货 产品名更改为“发布会款” 售价超2600元,https://news.qq.com/rain/a/20250228V03BZK00,222,https://news.qq.com/rain/a/20250228V03BZK00
日租金超万元！宇树机器人断货背后的商机：租赁市场先挖“第一桶金”,https://news.qq.com/rain/a/20250227A09KS400,222,https://news.qq.com/rain/a/20250227A09KS400
苹果新款耳机新功能“翻车”：用户抱怨连连,https://news.qq.com/rain/a/20250228A03RT300,222,https://news.qq.com/rain/a/20250228A03RT300
一边是患者凭 AI 挑战医嘱，一边是政策紧急 “踩刹车”禁用？| 热点舆评,https://news.qq.com/rain/a/20250227A0503Z00,222,https://news.qq.com/rain/a/20250227A0503Z00
携程集团，国际游助力，2024年盈利171亿,https://news.qq.com/rain/a/20250228V03BZY00,222,https://news.qq.com/rain/a/20250228V03BZY00
郝敏：贩卖“中国焦虑”，解不了美国科技困境,https://news.qq.com/rain/a/20250228A017TX00,222,https://news.qq.com/rain/a/20250228A017TX00
DeepSeek推动AI平权 国产算力迎来价值重估,https://news.qq.com/rain/a/20250228A01HMR00,222,https://news.qq.com/rain/a/20250228A01HMR00
京东外卖给骑手上社保多大个事，仔细核算支出不亚于研发大模型？,https://news.qq.com/rain/a/20250227A05WL300,222,https://news.qq.com/rain/a/20250227A05WL300
「神秘黑客」郑文彬：黑一部苹果手机需要2000万美元,https://news.qq.com/rain/a/20250223V04B7J00,222,https://news.qq.com/rain/a/20250223V04B7J00
国金证券：人形机器人开启量产元年，材料端迎来机遇,https://news.qq.com/rain/a/20250227A01QND00,222,https://news.qq.com/rain/a/20250227A01QND00
微软马约拉纳量子芯片及中国在拓扑量子计算新进展,https://news.qq.com/rain/a/20250228A02XG100,222,https://news.qq.com/rain/a/20250228A02XG100
OpenAI发布GPT-4.5：情商高、更擅长骗其他AI打钱,https://news.qq.com/rain/a/20250228A012LP00,222,https://news.qq.com/rain/a/20250228A012LP00
马斯克为要求联邦雇员“交周报”辩护：这是一场“脉搏测试”，看看你是否还活着,https://news.qq.com/rain/a/20250227V03W8A00,222,https://news.qq.com/rain/a/20250227V03W8A00
DeepSeek开源第四弹“教”优化，梁文锋参与研发,https://news.qq.com/rain/a/20250227A05TAL00,222,https://news.qq.com/rain/a/20250227A05TAL00
Meta拟募350亿美元加码数据中心基建，Apollo牵头领投,https://news.qq.com/rain/a/20250228A00XVP00,222,https://news.qq.com/rain/a/20250228A00XVP00
“16万行代码、零停机！我们是如何将JavaScript代码迁移到TypeScript？”,https://news.qq.com/rain/a/20250227A06D0700,222,https://news.qq.com/rain/a/20250227A06D0700
Replit CEO谈AI与软件工程的未来：预计到2027年，AI将替代软件工程师的工作,https://news.qq.com/rain/a/20250228V07SO500,222,https://news.qq.com/rain/a/20250228V07SO500
Arm CEO最新采访：英伟达的竞争者崛起只是时间问题,https://news.qq.com/rain/a/20250227A071GD00,222,https://news.qq.com/rain/a/20250227A071GD00
MIT团队：用Transformer解决经验贝叶斯问题，比经典方法快100倍,https://news.qq.com/rain/a/20250228A08F9C00,222,https://news.qq.com/rain/a/20250228A08F9C00
探访｜DeepSeek“入职”丰台政务系统，干得咋样？,https://news.qq.com/rain/a/20250227A07DYA00,222,https://news.qq.com/rain/a/20250227A07DYA00
刘慈欣：目前人工智能毁灭不了人类,https://news.qq.com/rain/a/20250227V06SF100,222,https://news.qq.com/rain/a/20250227V06SF100
诞生11年之后，智能音箱鼻祖完成最大升级，直指ChatGPT,https://news.qq.com/rain/a/20250227A09U5L00,222,https://news.qq.com/rain/a/20250227A09U5L00
苹果、OPPO新机发布暗战，声量通助力解决3C行业抢占社媒流量核心痛点,https://news.qq.com/rain/a/20250227A07AW700,222,https://news.qq.com/rain/a/20250227A07AW700
英伟达“扛住”DeepSeek冲击了吗,https://news.qq.com/rain/a/20250227A09UFU00,222,https://news.qq.com/rain/a/20250227A09UFU00
雷军早年采访,https://news.qq.com/rain/a/20250227V08G6F00,222,https://news.qq.com/rain/a/20250227V08G6F00
组织人事大报发文，解码杭州“六小龙”和《哪吒2》“四川造”,https://news.qq.com/rain/a/20250227A04BR900,222,https://news.qq.com/rain/a/20250227A04BR900
全球智能化医疗装备需求不断提升，手术机器人是投融资热点,https://news.qq.com/rain/a/20250227A09O5B00,222,https://news.qq.com/rain/a/20250227A09O5B00
上线5年海外吸金超218亿元，这款游戏让腾讯“赚麻了”,https://news.qq.com/rain/a/20250228A08SNQ00,222,https://news.qq.com/rain/a/20250228A08SNQ00
DeepSeek：因为专注，所以领先！,https://news.qq.com/rain/a/20250226V0896C00,222,https://news.qq.com/rain/a/20250226V0896C00
AGI掀起操作系统底层革新，解密vivo全栈自研OS背后Rust杀手锏,https://news.qq.com/rain/a/20250227A09A1F00,222,https://news.qq.com/rain/a/20250227A09A1F00
AI是不是“陷阱”？盘和林：即便AI真能替代人类现有工作，人类也会诞生出很多新的工作,https://news.qq.com/rain/a/20250228A07DQA00,222,https://news.qq.com/rain/a/20250228A07DQA00
募资40亿、估值超350亿，“英伟达亲儿子”AI云厂商Coreweave一周内申请IPO,https://news.qq.com/rain/a/20250227A03MQI00,222,https://news.qq.com/rain/a/20250227A03MQI00
企业如何一步到位 快速上车DeepSeek模型？ 具体方法来了！,https://news.qq.com/rain/a/20250227V09MQ300,222,https://news.qq.com/rain/a/20250227V09MQ300
深度|“百镜大战”开启 中国厂商掀起AI眼镜技术革新狂潮,https://news.qq.com/rain/a/20250227A01RL900,222,https://news.qq.com/rain/a/20250227A01RL900
传上海GPU独角兽裁员200人,https://news.qq.com/rain/a/20250227A0403J00,222,https://news.qq.com/rain/a/20250227A0403J00
SK海力士HBM4测试良率突破70%，量产进入倒计时,https://news.qq.com/rain/a/20250227A03N6J00,222,https://news.qq.com/rain/a/20250227A03N6J00
手机全是商单？做过最失败的装裱？时隔三年的读评论,https://news.qq.com/rain/a/20250225V05NGC00,222,https://news.qq.com/rain/a/20250225V05NGC00
AI时代，如何抓住科技主题的“中国速度”？,https://news.qq.com/rain/a/20250227A06BY000,222,https://news.qq.com/rain/a/20250227A06BY000
为什么是杭州,https://news.qq.com/rain/a/20250228A07M1E00,222,https://news.qq.com/rain/a/20250228A07M1E00
解读DeepSeek未来发展 韩东：预计未来一两年AI 大模型在B端应用“全面开花”,https://news.qq.com/rain/a/20250227A04GWJ00,222,https://news.qq.com/rain/a/20250227A04GWJ00
田丰对话猴叔孙鹏：冯·布劳恩vs钱学森（冯·布劳恩篇）,https://news.qq.com/rain/a/20250228V06SRU00,222,https://news.qq.com/rain/a/20250228V06SRU00
向TikTok宣战？消息称Instagram计划推出短视频独立应用Reels,https://news.qq.com/rain/a/20250227A07W1100,222,https://news.qq.com/rain/a/20250227A07W1100
全国政协委员刘永好：积极探索人工智能在传统产业落地，投资多家机器人公司,https://news.qq.com/rain/a/20250227A06ESR00,222,https://news.qq.com/rain/a/20250227A06ESR00
跨境电商独角兽参与科创板公司重整：行云集团助力*ST有树扭亏为盈,https://news.qq.com/rain/a/20250227A08KK300,222,https://news.qq.com/rain/a/20250227A08KK300
30秒 | 走进四川南充西充县，看数字化赋能城市管理,https://news.qq.com/rain/a/20250228V09TYZ00,222,https://news.qq.com/rain/a/20250228V09TYZ00
硅谷科技人士眼中的DeepSeek,https://news.qq.com/rain/a/20250227A01M8G00,222,https://news.qq.com/rain/a/20250227A01M8G00
高举高打，阶跃星辰冲刺商业化,https://news.qq.com/rain/a/20250227A091D900,222,https://news.qq.com/rain/a/20250227A091D900
亚马逊Alexa史诗级重生！注入大模型灵魂，6亿智能家居设备狂欢,https://news.qq.com/rain/a/20250227A02A7000,222,https://news.qq.com/rain/a/20250227A02A7000
英伟达财报创三项纪录！ AI芯片Blackwell创收110亿美元！黄仁勋发声！,https://news.qq.com/rain/a/20250227V06A5700,222,https://news.qq.com/rain/a/20250227V06A5700
DeepSeek没有冲击英伟达，黄仁勋还大赞R1,https://news.qq.com/rain/a/20250227A01W9R00,222,https://news.qq.com/rain/a/20250227A01W9R00
DeepSeek挑起小红书与百度的深度搜索“暗战”,https://news.qq.com/rain/a/20250228A08KT800,222,https://news.qq.com/rain/a/20250228A08KT800
AI算力危机逼近！半导体如何突破技术极限？,https://news.qq.com/rain/a/20250228A05NHX00,222,https://news.qq.com/rain/a/20250228A05NHX00
影视圈杀入游戏界，竟是为了“清场”擦边党？,https://news.qq.com/rain/a/20250227V07T4700,222,https://news.qq.com/rain/a/20250227V07T4700
机器人诞生「运动自我意识」，哥大华人登Nature子刊：照镜子学会自我建模,https://news.qq.com/rain/a/20250228A019UK00,222,https://news.qq.com/rain/a/20250228A019UK00
2025电商最大看点：淘宝天猫“增长战役”怎么打？,https://news.qq.com/rain/a/20250227A08NR800,222,https://news.qq.com/rain/a/20250227A08NR800
21沙龙19｜中国AI 的“斯普特尼克时刻”：DeepSeek的崛起与启示,https://news.qq.com/rain/a/20250228A07QPH00,222,https://news.qq.com/rain/a/20250228A07QPH00
OPPO Find N5开箱,https://news.qq.com/rain/a/20250224V04JVE00,222,https://news.qq.com/rain/a/20250224V04JVE00
苹果稀有原型机上线拍卖，Apple-1预计拍出天价,https://news.qq.com/rain/a/20250228A03C5P00,222,https://news.qq.com/rain/a/20250228A03C5P00
机器狗到底能干嘛？南科大教授喊话：帮我勘测文物,https://news.qq.com/rain/a/20250228V09ND900,222,https://news.qq.com/rain/a/20250228V09ND900
MWC 2025前瞻：中国手机厂商领衔手机新品盛宴，AI技术全面渗透,https://news.qq.com/rain/a/20250225A05Z6800,222,https://news.qq.com/rain/a/20250225A05Z6800
《2024会议电视市场白皮书》发布TCL引领未来会议新生态,https://news.qq.com/rain/a/20250227A0416I00,222,https://news.qq.com/rain/a/20250227A0416I00
清华赵明国：智能人形机器人≠智能+人形 | 智者访谈,https://news.qq.com/rain/a/20250228V03OAV00,222,https://news.qq.com/rain/a/20250228V03OAV00
消息称百度重提UGC，贴吧25年OKR是老用户回归、减少广告,https://news.qq.com/rain/a/20250227A075ZR00,222,https://news.qq.com/rain/a/20250227A075ZR00
iPhone 17将全系配备LTPO OLED面板：功耗节省15-20%,https://news.qq.com/rain/a/20250228A03T0B00,222,https://news.qq.com/rain/a/20250228A03T0B00
CVPR 2025有作者用AI生成审稿意见，被发现了，论文也被拒了,https://news.qq.com/rain/a/20250227A06X4Z00,222,https://news.qq.com/rain/a/20250227A06X4Z00
中欧基金：人工智能可能是下一次工业革命 影响力可能超过互联网时代,https://news.qq.com/rain/a/20250227V06XYT00,222,https://news.qq.com/rain/a/20250227V06XYT00
英伟达公布财报 黄仁勋：DeepSeek的突然出现点燃了全球的热情,https://news.qq.com/rain/a/20250227A07ZQ800,222,https://news.qq.com/rain/a/20250227A07ZQ800
美媒：中国手机品牌瞄准东南亚高端市场,https://news.qq.com/rain/a/20250228A017TT00,222,https://news.qq.com/rain/a/20250228A017TT00
诺基亚23亿美元收购Infinera获欧盟批准！,https://news.qq.com/rain/a/20250228A04PG300,222,https://news.qq.com/rain/a/20250228A04PG300
江苏电信原总经理黄智勇升任中国电信集团副总经理,https://news.qq.com/rain/a/20250227V05NZ200,222,https://news.qq.com/rain/a/20250227V05NZ200
即问即答，腾讯元宝即将灰度上线混元Turbo S,https://news.qq.com/rain/a/20250228A08OSK00,222,https://news.qq.com/rain/a/20250228A08OSK00
专访广东省机器人协会任玉桐：广东没理由做不好机器人产业,https://news.qq.com/rain/a/20250227A0676H00,222,https://news.qq.com/rain/a/20250227A0676H00
高通展望下一代无线技术：从频谱利用、AI提效到新兴服务,https://news.qq.com/rain/a/20250228A06G2Q00,222,https://news.qq.com/rain/a/20250228A06G2Q00
近日，杭州市余杭区打造的“AI 余杭”启动内测试运,https://news.qq.com/rain/a/20250228V03NHL00,222,https://news.qq.com/rain/a/20250228V03NHL00
​从“地面骑手”到“空中飞手”,https://news.qq.com/rain/a/20250228A07M0B00,222,https://news.qq.com/rain/a/20250228A07M0B00
cmf Watch Pro 2体验：Nothing是懂设计的，但这够了吗？,https://news.qq.com/rain/a/20250227A09OUK00,222,https://news.qq.com/rain/a/20250227A09OUK00
无编码器架构潜力或被低估，首个无编码器3D多模态LLM大模型来了,https://news.qq.com/rain/a/20250227A06XG900,222,https://news.qq.com/rain/a/20250227A06XG900
不愧是杭州，连吃饭都让AI安排妥了！,https://news.qq.com/rain/a/20250223V062FP00,222,https://news.qq.com/rain/a/20250223V062FP00
较年前涨价10万！H20成“大厂最爱” 英伟达是DeepSeek火爆最大赢家？,https://news.qq.com/rain/a/20250227A09YZJ00,222,https://news.qq.com/rain/a/20250227A09YZJ00
雷军带小米猛闯高端局：手机全面对标苹果，SU7 Ultra对打BBA,https://news.qq.com/rain/a/20250228A01U7Y00,222,https://news.qq.com/rain/a/20250228A01U7Y00
新希望集团董事长刘永好：向任正非学习敢于担当、奋斗、创新的精神,https://news.qq.com/rain/a/20250227V07GIU00,222,https://news.qq.com/rain/a/20250227V07GIU00
DeepSeek再现神输出——假如雷军来发布哪吒的“风火轮”,https://news.qq.com/rain/a/20250228A023QA00,222,https://news.qq.com/rain/a/20250228A023QA00
菜鸟实施员工期权退出计划，更换为长期现金,https://news.qq.com/rain/a/20250228A01XX800,222,https://news.qq.com/rain/a/20250228A01XX800
在小鹏、蔚来身上，我看到制造业里「真能用好的AI」,https://news.qq.com/rain/a/20250228A09AD300,222,https://news.qq.com/rain/a/20250228A09AD300
微软CEO萨提亚亲自揭秘：公司文化竟是万亿美元帝国的炼成密码,https://news.qq.com/rain/a/20250225V08C6A00,222,https://news.qq.com/rain/a/20250225V08C6A00
老外疯抢国产AI耳机？小米、讯飞早下局了！,https://news.qq.com/rain/a/20250228A03XX800,222,https://news.qq.com/rain/a/20250228A03XX800
如果不断用AI来对话AI，最终它会变成什么样子？ | No.449,https://news.qq.com/rain/a/20250228A04IBZ00,222,https://news.qq.com/rain/a/20250228A04IBZ00
马斯克吹过的牛很多都已实现，但无人驾驶10年承诺9次都跳票了,https://news.qq.com/rain/a/20250227A09Z4U00,222,https://news.qq.com/rain/a/20250227A09Z4U00
接力DeepSeek，阿里万相2.1重磅开源！@Sora你怎么看？,https://news.qq.com/rain/a/20250227V08OK100,222,https://news.qq.com/rain/a/20250227V08OK100
京东外卖，鲶鱼难当｜动察,https://news.qq.com/rain/a/20250228A08MYC00,222,https://news.qq.com/rain/a/20250228A08MYC00
消息称菜鸟实施员工期权全量退出计划 官方暂未回应,https://news.qq.com/rain/a/20250227A05KFR00,222,https://news.qq.com/rain/a/20250227A05KFR00
高级工程师 刘慈欣：大部分人未来不需要工作，可是人们都忽略了一件事,https://news.qq.com/rain/a/20250225V03HXW00,222,https://news.qq.com/rain/a/20250225V03HXW00
AI服务器崛起，功率产业链需求 “应声而起”,https://news.qq.com/rain/a/20250228A05OUA00,222,https://news.qq.com/rain/a/20250228A05OUA00
图森未来陈默：自动驾驶无以为继，急转驶入AIGC游戏，已拿下金庸群侠传、三体IP | 智者访谈,https://news.qq.com/rain/a/20250228V043NO00,222,https://news.qq.com/rain/a/20250228V043NO00
传台积电拟投资AI芯片商FuriosaAI，Meta则计划收购！,https://news.qq.com/rain/a/20250228A04OZO00,222,https://news.qq.com/rain/a/20250228A04OZO00
业界专家：构建自主可控的信息技术产业体系,https://news.qq.com/rain/a/20250228A09T9B00,222,https://news.qq.com/rain/a/20250228A09T9B00
冲击高端！小米15 Ultra影像配置“一皇一后”、SU7 Ultra地表最快，定价52.99万元起,https://news.qq.com/rain/a/20250227A09HRW00,222,https://news.qq.com/rain/a/20250227A09HRW00
华为注册新商标  神话故事挨个点名,https://news.qq.com/rain/a/20250228V07G4200,222,https://news.qq.com/rain/a/20250228V07G4200
松鼠Ai联合创始人梁静：已接入DeepSeek，AI智能老师来了！,https://news.qq.com/rain/a/20250227A01T1W00,222,https://news.qq.com/rain/a/20250227A01T1W00
推免费但有广告的Office？微软中国客服回应,https://news.qq.com/rain/a/20250227A0598R00,222,https://news.qq.com/rain/a/20250227A0598R00
达索系统CEO：目标将AI模型训练成本降低至千万美元,https://news.qq.com/rain/a/20250227A04X8200,222,https://news.qq.com/rain/a/20250227A04X8200
会踢足球的人形机器人，“AI力”真的拉满了吗？,https://news.qq.com/rain/a/20250224V07GAE00,222,https://news.qq.com/rain/a/20250224V07GAE00
AI看病靠谱吗？患者带DeepSeek诊断报告问诊引热议,https://news.qq.com/rain/a/20250228A0510J00,222,https://news.qq.com/rain/a/20250228A0510J00
宽禁带半导体：开创高性能电子器件新时代的关键材料,https://news.qq.com/rain/a/20250227A09QNW00,222,https://news.qq.com/rain/a/20250227A09QNW00
「趣看发布会」2024年手机发布会混剪,https://news.qq.com/rain/a/20250225V08V1I00,222,https://news.qq.com/rain/a/20250225V08V1I00
小米15 Ultra评测：全能影像旗舰再创巅峰,https://news.qq.com/rain/a/20250228A028Y100,222,https://news.qq.com/rain/a/20250228A028Y100
什么信号？微软呼吁美国政府放宽芯片出口管制,https://news.qq.com/rain/a/20250228A05B1700,222,https://news.qq.com/rain/a/20250228A05B1700
深度解析｜三安与意法半导体合资厂通线，对中国碳化硅和新能源产业意味着什么？,https://news.qq.com/rain/a/20250228A01HU300,222,https://news.qq.com/rain/a/20250228A01HU300
QuEra临时首席执行官Andy Ory：科技的下一个风口，量子计算驱动未来,https://news.qq.com/rain/a/20250226V090KU00,222,https://news.qq.com/rain/a/20250226V090KU00
纵目科技创始人回应“跑路”传闻：没有失联，正在寻求海外融资,https://news.qq.com/rain/a/20250227A02TYX00,222,https://news.qq.com/rain/a/20250227A02TYX00
PolarDB拒打价格战，阿里云卷技术抢占AI下半场,https://news.qq.com/rain/a/20250228A0960M00,222,https://news.qq.com/rain/a/20250228A0960M00
雷军全年目标提前完成  “要让真正喜欢的人买的起!”,https://news.qq.com/rain/a/20250228V05KFT00,222,https://news.qq.com/rain/a/20250228V05KFT00
美媒：“AI热聊”视频传播，引发网民技术恐慌,https://news.qq.com/rain/a/20250227A01K6100,222,https://news.qq.com/rain/a/20250227A01K6100
算力时代的“卖铲人”：联德股份温控主业迎AI新增量,https://news.qq.com/rain/a/20250227A072KM00,222,https://news.qq.com/rain/a/20250227A072KM00
别瞎猜！四款热门电芯谁是王者？,https://news.qq.com/rain/a/20250227V093A200,222,https://news.qq.com/rain/a/20250227V093A200
中国模式为其他国家发展人工智能提供重要借鉴,https://news.qq.com/rain/a/20250228A08CZ500,222,https://news.qq.com/rain/a/20250228A08CZ500
DeepSeek开源AI数据处理神器：6.6TiB/s惊人吞吐！还能扩展至PB级数据,https://news.qq.com/rain/a/20250228A036HI00,222,https://news.qq.com/rain/a/20250228A036HI00
​杭州：“六小龙”如何炼成,https://news.qq.com/rain/a/20250228A06VVL00,222,https://news.qq.com/rain/a/20250228A06VVL00
机器人足球赛，绝技竟是鹞子翻身！,https://news.qq.com/rain/a/20250224V06AS200,222,https://news.qq.com/rain/a/20250224V06AS200
特斯拉FSD入华，狼来了or纸老虎？,https://news.qq.com/rain/a/20250228A04V5F00,222,https://news.qq.com/rain/a/20250228A04V5F00
推理模型爆火，阿里国际站拿出了第一个产业应用：做外贸,https://news.qq.com/rain/a/20250228A04WN700,222,https://news.qq.com/rain/a/20250228A04WN700
小米新机15Ultra发布 ，支持与iPhone互传文件，卢伟冰喊话果粉速来体验，称小米手机目标是全面超越苹果,https://news.qq.com/rain/a/20250227V09UEO00,222,https://news.qq.com/rain/a/20250227V09UEO00
Figure机器人进厂打工又有续集：物流中心分拣工,https://news.qq.com/rain/a/20250227A0199X00,222,https://news.qq.com/rain/a/20250227A0199X00
当AI开始“说谎”：Ta只是犯了个“所有AI都会犯的错”,https://news.qq.com/rain/a/20250227A048O600,222,https://news.qq.com/rain/a/20250227A048O600
消息称微软 Win10 Mobile 应用商店 API 基本过期,https://news.qq.com/rain/a/20250228A03NQ700,222,https://news.qq.com/rain/a/20250228A03NQ700
小米手机又一暖心功能  AI让老照片动起来,https://news.qq.com/rain/a/20250227V09RQ100,222,https://news.qq.com/rain/a/20250227V09RQ100
REDMI Turbo 4 Pro采用1.5K大R角直屏：视觉四窄边质感惊喜,https://news.qq.com/rain/a/20250227A03IOK00,222,https://news.qq.com/rain/a/20250227A03IOK00
功耗再降 8%，SK 海力士将推 LPDDR5M 内存,https://news.qq.com/rain/a/20250227A037FZ00,222,https://news.qq.com/rain/a/20250227A037FZ00
如果GPT-4还只是阿米巴原虫，未来的霸王龙会是什么样？| 赫拉利《智人之上》,https://news.qq.com/rain/a/20250228A04YXS00,222,https://news.qq.com/rain/a/20250228A04YXS00
AI播报|我国牵头制定 养老机器人国际标准正式发布,https://news.qq.com/rain/a/20250227V070M500,222,https://news.qq.com/rain/a/20250227V070M500
势做AI“领头羊”，Meta拼了？或于Q2发布独立AI应用,https://news.qq.com/rain/a/20250228A01LN900,222,https://news.qq.com/rain/a/20250228A01LN900
0佣金杀入外卖江湖的京东，会接着整顿OTA么？,https://news.qq.com/rain/a/20250228A04F4G00,222,https://news.qq.com/rain/a/20250228A04F4G00
马斯克称遭到很多死亡威胁,https://news.qq.com/rain/a/20250228V06NWX00,222,https://news.qq.com/rain/a/20250228V06NWX00
DeepSeek获赞，新希望要给农业装上“最强大脑”,https://news.qq.com/rain/a/20250228A03C6I00,222,https://news.qq.com/rain/a/20250228A03C6I00
不设流量“阀门”不提醒 中国移动被指“吸血”老年消费者？,https://news.qq.com/rain/a/20250228A08QCX00,222,https://news.qq.com/rain/a/20250228A08QCX00
徕芬VS戴森，便宜没好货还是贵到没必要？,https://news.qq.com/rain/a/20250225V088X500,222,https://news.qq.com/rain/a/20250225V088X500
“颗粒无收”与“年入百万”！“AI员工”制造商的两极体验,https://news.qq.com/rain/a/20250228A05QPZ00,222,https://news.qq.com/rain/a/20250228A05QPZ00
封面有数｜李佳琦直播间战报: 国货稳居榜首，美妆品类势头强劲,https://news.qq.com/rain/a/20250228A07AYV00,222,https://news.qq.com/rain/a/20250228A07AYV00
DeepSeek爆火，创作者怎么办？2025新榜内容节或许有答案,https://news.qq.com/rain/a/20250227A07AW100,222,https://news.qq.com/rain/a/20250227A07AW100
马斯克：我们（DOGE）也会犯错，比如把埃博拉防治经费取消了,https://news.qq.com/rain/a/20250227V047PC00,222,https://news.qq.com/rain/a/20250227V047PC00
GPT-4.5 价格暴涨，提升不及预期/53 万的小米新车两小时大定破万台/19 岁棋手用 AI 作弊被禁赛 8 年,https://news.qq.com/rain/a/20250228A0237J00,222,https://news.qq.com/rain/a/20250228A0237J00
从 16 Pro「降级」到最便宜的 iPhone 16e，我竟接受了这种「不完美」,https://news.qq.com/rain/a/20250227A04QHL00,222,https://news.qq.com/rain/a/20250227A04QHL00
微软退租、Meta投建，算力到底是过剩还是紧缺？丨企服国际观察,https://news.qq.com/rain/a/20250227A03HK700,222,https://news.qq.com/rain/a/20250227A03HK700
DeepSeek孕育工业智能体！,https://news.qq.com/rain/a/20250227V042SN00,222,https://news.qq.com/rain/a/20250227V042SN00
Jolla推Sailfish OS 5.0，MWC2025将展示亮点,https://news.qq.com/rain/a/20250228A054D000,222,https://news.qq.com/rain/a/20250228A054D000
争抢新赛道，民营企业已成行业破局者 | 新京报评论,https://news.qq.com/rain/a/20250227A0567D00,222,https://news.qq.com/rain/a/20250227A0567D00
上海交大卢策吾：具身智能与他的首个刮胡子机器人 | 智者访谈,https://news.qq.com/rain/a/20250228V04YTH00,222,https://news.qq.com/rain/a/20250228V04YTH00
抖音店播商家占比近七成，店播贡献连续2年超过达人直播,https://news.qq.com/rain/a/20250227A06FSP00,222,https://news.qq.com/rain/a/20250227A06FSP00
回顾DeepSeek“开源周”技术全家桶：用软件“重新定义”算力,https://news.qq.com/rain/a/20250228A07Z9W00,222,https://news.qq.com/rain/a/20250228A07Z9W00
“大疆机场3”售价11万元起，依然瞄准行业市场,https://news.qq.com/rain/a/20250228A081UA00,222,https://news.qq.com/rain/a/20250228A081UA00
印奇：AI+核心场景至今未出现，车可能是落地第一场景,https://news.qq.com/rain/a/20250224V07UFL00,222,https://news.qq.com/rain/a/20250224V07UFL00
机器人比人还卷！遛狗、踢球、求抱抱……这些AI硬件“炸场”,https://news.qq.com/rain/a/20250228A07XB100,222,https://news.qq.com/rain/a/20250228A07XB100
Deepseek加速端侧AI到来，个人隐私还会“裸奔”吗？,https://news.qq.com/rain/a/20250228A0A09600,222,https://news.qq.com/rain/a/20250228A0A09600
苹果碳中和Apple Watch陷争议：消费者提起法律诉讼,https://news.qq.com/rain/a/20250228A03RTC00,222,https://news.qq.com/rain/a/20250228A03RTC00
Grok3的Deepsearch和Think模式有何区别？,https://news.qq.com/rain/a/20250227V04T3Z00,222,https://news.qq.com/rain/a/20250227V04T3Z00
ICLR 2025 | 西湖大学提出闭环扩散控制策略，高效与闭环兼得,https://news.qq.com/rain/a/20250227A04UC700,222,https://news.qq.com/rain/a/20250227A04UC700
泰凌微：公司两款带AI边缘计算能力的芯片与客户合作顺利 预计2025年开始量产,https://news.qq.com/rain/a/20250227A0659G00,222,https://news.qq.com/rain/a/20250227A0659G00
AI带你3分钟纵览各地新质生产力图谱,https://news.qq.com/rain/a/20250227V00O9F00,222,https://news.qq.com/rain/a/20250227V00O9F00
当AI开始仿写签名笔迹，司法鉴定该如何找到突破口？,https://news.qq.com/rain/a/20250227A09TWQ00,222,https://news.qq.com/rain/a/20250227A09TWQ00
（经济观察）电信运营商接入DeepSeek影响几何？,https://news.qq.com/rain/a/20250228A09FE000,222,https://news.qq.com/rain/a/20250228A09FE000
AI落地之争，卷向PC、平板和可穿戴设备,https://news.qq.com/rain/a/20250228A0849100,222,https://news.qq.com/rain/a/20250228A0849100
Llama 对决 GPT：AI 开源拐点已至？| 智者访谈,https://news.qq.com/rain/a/20250228V03HFM00,222,https://news.qq.com/rain/a/20250228V03HFM00
从追赶到领跑，AI新势力带来了哪些投资机遇？,https://news.qq.com/rain/a/20250227A06BVY00,222,https://news.qq.com/rain/a/20250227A06BVY00
苹果全力打造儿童在线安全环境，新功能即将上线,https://news.qq.com/rain/a/20250228A03C7900,222,https://news.qq.com/rain/a/20250228A03C7900
格力“去董化”还行不行？董明珠回答DeepSeek送命题 ：这个话题不存在,https://news.qq.com/rain/a/20250227V08QPK00,222,https://news.qq.com/rain/a/20250227V08QPK00
什么值得买：2月国补推动3C数码消费创新高 国产品牌成最大赢家,https://news.qq.com/rain/a/20250228A08QFH00,222,https://news.qq.com/rain/a/20250228A08QFH00
在小红书平台发现虚假账号，大华银行（中国）：已举报并报案,https://news.qq.com/rain/a/20250227A099Z800,222,https://news.qq.com/rain/a/20250227A099Z800
起猛了！机器人开箱手机 机器人：它算力还没我高呢,https://news.qq.com/rain/a/20250226V08EKT00,222,https://news.qq.com/rain/a/20250226V08EKT00
英伟达超低的员工流失率，具有可复制性吗？,https://news.qq.com/rain/a/20250227A08SM100,222,https://news.qq.com/rain/a/20250227A08SM100
冷凇：微短剧带来的新审美体验既是挑战也是机遇,https://news.qq.com/rain/a/20250228A05CI300,222,https://news.qq.com/rain/a/20250228A05CI300
"接入DeepSeek, AI能否带搜索重回初心",https://news.qq.com/rain/a/20250228A09UV500,222,https://news.qq.com/rain/a/20250228A09UV500
田丰对话图拉古：《哪吒2》科技解密,https://news.qq.com/rain/a/20250225V03GYK00,222,https://news.qq.com/rain/a/20250225V03GYK00
短距无线通信SoC芯片厂商，融了一轮亿元级融资,https://news.qq.com/rain/a/20250228A05R9G00,222,https://news.qq.com/rain/a/20250228A05R9G00
OpenAI发布GPT-4.5研究预览版，性能大幅提升,https://news.qq.com/rain/a/20250228A0668Y00,222,https://news.qq.com/rain/a/20250228A0668Y00
怎么在OTA行业讲好中国故事，效率革命：国产AI破局全球OTA行业困境,https://news.qq.com/rain/a/20250228V05UN900,222,https://news.qq.com/rain/a/20250228V05UN900
比尔·盖茨：辍学哈佛，造就了今天的微软,https://news.qq.com/rain/a/20250228A09HKZ00,222,https://news.qq.com/rain/a/20250228A09HKZ00
Deep Search对标Deep SeekR1 普通人赶紧用上AI搜索,https://news.qq.com/rain/a/20250225V089KB00,222,https://news.qq.com/rain/a/20250225V089KB00
南极电商：目前公司已完成天猫、京东等货架平台渠道新老客户的汰换,https://news.qq.com/rain/a/20250228A09HLZ00,222,https://news.qq.com/rain/a/20250228A09HLZ00
新加坡媒体：中国婚庆行业拥抱AI,https://news.qq.com/rain/a/20250227A01M0N00,222,https://news.qq.com/rain/a/20250227A01M0N00
追觅扫地机总裁孟佳：拓展清洁边界 推动智能清洁行业健康发展,https://news.qq.com/rain/a/20250227A09ORG00,222,https://news.qq.com/rain/a/20250227A09ORG00
段建军：奔驰对于高质量发展的思考，始终围绕着“三个核心命题”,https://news.qq.com/rain/a/20250224V06NOY00,222,https://news.qq.com/rain/a/20250224V06NOY00
如何让AI不一本正经地“胡说八道”？研发还需这一良方,https://news.qq.com/rain/a/20250228A04OLZ00,222,https://news.qq.com/rain/a/20250228A04OLZ00
OpenAI发布最具“情商”的GPT-4.5，奥特曼：已耗尽GPU资源，将在下周增加数万块,https://news.qq.com/rain/a/20250228A04FVZ00,222,https://news.qq.com/rain/a/20250228A04FVZ00
亚马逊推出新版语音助手Alexa+，开启收费模式,https://news.qq.com/rain/a/20250227A03N6400,222,https://news.qq.com/rain/a/20250227A03N6400
低佣金、高效率：中国OTA如何实现“DeepSeek式”逆袭？,https://news.qq.com/rain/a/20250227V07IT700,222,https://news.qq.com/rain/a/20250227V07IT700
GPT-4.5发布了，最突出的是情商,https://news.qq.com/rain/a/20250228A01O5800,222,https://news.qq.com/rain/a/20250228A01O5800
OpenAI前CTO所创公司正寻求融资10亿美元 估值90亿美元,https://news.qq.com/rain/a/20250227A04GJV00,222,https://news.qq.com/rain/a/20250227A04GJV00
做得越大越不可控；主播月销量顶传统集团一年，洁丽雅创始人震惊“问了半天”,https://news.qq.com/rain/a/20250227V054K500,222,https://news.qq.com/rain/a/20250227V054K500
当消费遇上AI | 科美诊断董事长李临：精准的数据是AI+医疗创新的基石，需先解决这些问题,https://news.qq.com/rain/a/20250227A06RYN00,222,https://news.qq.com/rain/a/20250227A06RYN00
中国传媒大学卜希霆：微短剧正在迈向精品化,https://news.qq.com/rain/a/20250227A06QPB00,222,https://news.qq.com/rain/a/20250227A06QPB00
DeepSeek推升AI芯片需求,https://news.qq.com/rain/a/20250227A01VN400,222,https://news.qq.com/rain/a/20250227A01VN400
别瞎买！¥500-¥1800热门开放式耳机选购指南！,https://news.qq.com/rain/a/20250224V08EM800,222,https://news.qq.com/rain/a/20250224V08EM800
京东携五险一金入局，外卖骑手的春天到来了吗｜动察,https://news.qq.com/rain/a/20250228A08MY800,222,https://news.qq.com/rain/a/20250228A08MY800
季为民：微短剧彰显出文化传播与商业创新的双重价值,https://news.qq.com/rain/a/20250227A03Q9C00,222,https://news.qq.com/rain/a/20250227A03Q9C00
曝英特尔18A工艺良品率不足三成 2025下半年量产成疑,https://news.qq.com/rain/a/20250227A08MKL00,222,https://news.qq.com/rain/a/20250227A08MKL00
文化与科技的融合！小米发布会现场展示潮汕“火龙”,https://news.qq.com/rain/a/20250227V096Q300,222,https://news.qq.com/rain/a/20250227V096Q300
竞争AI领头羊！Meta决定将Meta AI设为独立app，增加访问量,https://news.qq.com/rain/a/20250228A018NG00,222,https://news.qq.com/rain/a/20250228A018NG00
MWC 2025前瞻：人工智能应用成焦点，手机依然是AI硬件中心,https://news.qq.com/rain/a/20250227A0721W00,222,https://news.qq.com/rain/a/20250227A0721W00
杭州宇树科技首席执行官王兴兴发布机器人练武术视频，可以实现720度回旋踢，并表示视频无任何加速或编辑,https://news.qq.com/rain/a/20250227V08GFW00,222,https://news.qq.com/rain/a/20250227V08GFW00
程豪：DeepSeek的“遇见”与“预见”,https://news.qq.com/rain/a/20250228A07LK600,222,https://news.qq.com/rain/a/20250228A07LK600
心率监测精度显著提升，中国科大提出液晶弹性体的复合冷场3D打印,https://news.qq.com/rain/a/20250227A0006J00,222,https://news.qq.com/rain/a/20250227A0006J00
一小时首富体验卡，两大“Ultra”新品发布，雷军表示小米坚持技术立业！,https://news.qq.com/rain/a/20250227A09D0N00,222,https://news.qq.com/rain/a/20250227A09D0N00
AI或成大学生“枪手” 各高校“立规矩”了！,https://news.qq.com/rain/a/20250227V094U000,222,https://news.qq.com/rain/a/20250227V094U000
人类正在抢机器人的工作？揭秘AI背后的隐秘劳工,https://news.qq.com/rain/a/20250228A09BYB00,222,https://news.qq.com/rain/a/20250228A09BYB00
沈杰：微短剧是中国文化产业高质量发展的新机遇,https://news.qq.com/rain/a/20250228A04LY800,222,https://news.qq.com/rain/a/20250228A04LY800
DeepSeek“开源周”收官，连续五天到底都发布了什么？,https://news.qq.com/rain/a/20250228A03RAP00,222,https://news.qq.com/rain/a/20250228A03RAP00
蚂蚁集团发内部信调整薪酬发放政策 ：13 薪拆分发放 绩效股改季度归属,https://news.qq.com/rain/a/20250228V07VVZ00,222,https://news.qq.com/rain/a/20250228V07VVZ00
融中回顾 | 亚马逊推出量子计算芯片Ocelot 奇瑞汽车冲刺港交所,https://news.qq.com/rain/a/20250228A086VS00,222,https://news.qq.com/rain/a/20250228A086VS00
迭代加速、竞争加剧，GPT-4.5的定价为何还那么贵？,https://news.qq.com/rain/a/20250228A05S0Y00,222,https://news.qq.com/rain/a/20250228A05S0Y00
AI“军备竞赛”，运营商会掉队吗？,https://news.qq.com/rain/a/20250228A024JM00,222,https://news.qq.com/rain/a/20250228A024JM00
刘永好谈新一代科技人才：他们对众多问题展现出敏锐的洞察力并勇于创新和实践,https://news.qq.com/rain/a/20250227A06Y2F00,222,https://news.qq.com/rain/a/20250227A06Y2F00
对谈 98 年就做开源的章文嵩：应该开源共建大模型数据集丨开源对话,https://news.qq.com/rain/a/20250228A007S800,222,https://news.qq.com/rain/a/20250228A007S800
小米 SU7Ultra 发布 售价 52.99 万,https://news.qq.com/rain/a/20250227V09HD300,222,https://news.qq.com/rain/a/20250227V09HD300
线性可插拔光学器件：数据中心节能新方案,https://news.qq.com/rain/a/20250227A0219300,222,https://news.qq.com/rain/a/20250227A0219300
自研超声打断技术和全自动基因测序文库构建系统，「青元开物」助力基因测序设备国产替代｜早期项目,https://news.qq.com/rain/a/20250228A09SA400,222,https://news.qq.com/rain/a/20250228A09SA400
京东给骑手交社保，引发的配送江湖暗战,https://news.qq.com/rain/a/20250227A07RGV00,222,https://news.qq.com/rain/a/20250227A07RGV00
马斯克发文预告：美联邦雇员将收到“交周报”邮件，未能回复邮件者将被视为辞职，外媒披露邮件内容,https://news.qq.com/rain/a/20250223V038O500,222,https://news.qq.com/rain/a/20250223V038O500
多邻国预测年收入超华尔街预期，人工智能订阅服务将获广泛采用,https://news.qq.com/rain/a/20250228A04JQK00,222,https://news.qq.com/rain/a/20250228A04JQK00
重磅！深圳设立100亿人工智能和机器人产业基金,https://news.qq.com/rain/a/20250223V0357F00,222,https://news.qq.com/rain/a/20250223V0357F00
“破题”新质生产力，腾讯云殊荣不断,https://news.qq.com/rain/a/20250228A04M4S00,222,https://news.qq.com/rain/a/20250228A04M4S00
上海联通原总经理沈洪波调任央企专职外部董事,https://news.qq.com/rain/a/20250227V04J8U00,222,https://news.qq.com/rain/a/20250227V04J8U00
朱松纯：优秀传统文化为中国AI提供价值认知体系,https://news.qq.com/rain/a/20250228A057QJ00,222,https://news.qq.com/rain/a/20250228A057QJ00
一站式管理50个平台、AI加持创作，这款偷懒神器让创作者效率加倍,https://news.qq.com/rain/a/20250228A054ZI00,222,https://news.qq.com/rain/a/20250228A054ZI00
“DeepSeek接入潮” 带动国内算力需求急涨,https://news.qq.com/rain/a/20250227A04WOH00,222,https://news.qq.com/rain/a/20250227A04WOH00
马斯克从政府获取大量资金支持，各项补贴和税收减免等，累计达到380亿美元,https://news.qq.com/rain/a/20250227V05LQB00,222,https://news.qq.com/rain/a/20250227V05LQB00
第一代高通S7和S7+音频平台加持，小米Buds 5 Pro带来无损原音体验,https://news.qq.com/rain/a/20250228A087F300,222,https://news.qq.com/rain/a/20250228A087F300
贴满AI广告的B站，终于盈利了,https://news.qq.com/rain/a/20250227A04BRM00,222,https://news.qq.com/rain/a/20250227A04BRM00
亚马逊语音助手发布11年来首次重大更新：具有生成式AI功能,https://news.qq.com/rain/a/20250227A07PAE00,222,https://news.qq.com/rain/a/20250227A07PAE00
为什么做跳舞的而不是干活的机器人？宇树科技创始人在线答疑,https://news.qq.com/rain/a/20250227V08GC000,222,https://news.qq.com/rain/a/20250227V08GC000
nRootTag 攻击曝光：苹果 Find My 成“帮凶”，追踪几乎任意设备,https://news.qq.com/rain/a/20250227A044IL00,222,https://news.qq.com/rain/a/20250227A044IL00
董明珠谈DeepSeek犀利回答,https://news.qq.com/rain/a/20250228V03WV900,222,https://news.qq.com/rain/a/20250228V03WV900
“90后”张亚梅代表：用“法治显微镜”为技术保护筑起防线,https://news.qq.com/rain/a/20250227A06DVP00,222,https://news.qq.com/rain/a/20250227A06DVP00
派拓网络：工作环境变迁与网络安全技术演进,https://news.qq.com/rain/a/20250227A01T0300,222,https://news.qq.com/rain/a/20250227A01T0300
世界科学智能大赛增设中学组赛道，意味着什么,https://news.qq.com/rain/a/20250227A06XDL00,222,https://news.qq.com/rain/a/20250227A06XDL00
人形机器人产业快速发展，相关人才需求出现井喷企业8万月薪抢人,https://news.qq.com/rain/a/20250227V02XJG00,222,https://news.qq.com/rain/a/20250227V02XJG00
AIGC服务提供者注意义务研究,https://news.qq.com/rain/a/20250228A05SNX00,222,https://news.qq.com/rain/a/20250228A05SNX00
《中国经营报》微短剧高质量发展研讨会火热来袭！,https://news.qq.com/rain/a/20250227V06O9O00,222,https://news.qq.com/rain/a/20250227V06O9O00
马斯克为DOGE辩护：若不削减巨额债务 美国将破产！,https://news.qq.com/rain/a/20250227A06FLP00,222,https://news.qq.com/rain/a/20250227A06FLP00
周鸿祎回应出演短剧言情戏 AI短剧被人类剪坏了,https://news.qq.com/rain/a/20250228V06K0S00,222,https://news.qq.com/rain/a/20250228V06K0S00
王含：“AI问诊”冲击，医生怎么看？,https://news.qq.com/rain/a/20250227A01N3B00,222,https://news.qq.com/rain/a/20250227A01N3B00
目前Office均无广告,https://news.qq.com/rain/a/20250227V06H1Q00,222,https://news.qq.com/rain/a/20250227V06H1Q00
从微信 500 强到“网红五分钟”，这个行业洗牌有多残酷,https://news.qq.com/rain/a/20250218V071NO00,222,https://news.qq.com/rain/a/20250218V071NO00
（经济观察）DeepSeek推动多行业质效齐升,https://news.qq.com/rain/a/20250228A06IL900,222,https://news.qq.com/rain/a/20250228A06IL900
AI支出还给力！英伟达Q4营收放缓仍创新高，Blackwell创收110亿，Q1指引优于预期 | 财报见闻,https://news.qq.com/rain/a/20250227A01PHB00,222,https://news.qq.com/rain/a/20250227A01PHB00
专家：预计2025年手机市场延续弱复苏,https://news.qq.com/rain/a/20250228A09SAD00,222,https://news.qq.com/rain/a/20250228A09SAD00
