对越自卫反击战，胆略非凡的作战计划，从老挝打过去攻克越南奠边府,https://news.qq.com/rain/a/20250302V00ZU500,222,https://news.qq.com/rain/a/20250302V00ZU500
拥抱信息化「刃翼飞旋：米-35/35M“超雌鹿”」,https://news.qq.com/rain/a/20250302V05XRO00,222,https://news.qq.com/rain/a/20250302V05XRO00
美媒问：如果解放军凌晨2点攻台，美国会怎么做？鲁比奥的回答意味深长,https://news.qq.com/rain/a/20250302A00JQX00,222,https://news.qq.com/rain/a/20250302A00JQX00
泽连斯基被当众羞辱，乌军方发声支持总统，表达对特朗普的不满,https://news.qq.com/rain/a/20250302V05FJ500,222,https://news.qq.com/rain/a/20250302V05FJ500
央视曝光歼35！能联网作战，涂装竟是美术生设计？,https://news.qq.com/rain/a/20250227V03DMH00,222,https://news.qq.com/rain/a/20250227V03DMH00
五角大楼宣布大幅增兵,https://news.qq.com/rain/a/20250302A04NEZ00,222,https://news.qq.com/rain/a/20250302A04NEZ00
055大驱离堪培拉越近，台海和南海就越平静,https://news.qq.com/rain/a/20250301V05P0E00,222,https://news.qq.com/rain/a/20250301V05P0E00
俄乌冲突暴露中俄武器差距：中国已远超俄罗斯,https://news.qq.com/rain/a/20250225A06YCI00,222,https://news.qq.com/rain/a/20250225A06YCI00
一枚鱼雷，冲上澳大利亚海岸，是哪个国家发射的？,https://news.qq.com/rain/a/20250302A003QL00,222,https://news.qq.com/rain/a/20250302A003QL00
当着沙特的面，中国反舰导弹一击贯穿靶标，中国军工下一个大单稳了,https://news.qq.com/rain/a/20250227A04ZU000,222,https://news.qq.com/rain/a/20250227A04ZU000
055绕澳洲转圈，水下可能还有一艘，美军核潜艇抵澳,https://news.qq.com/rain/a/20250226A07SAL00,222,https://news.qq.com/rain/a/20250226A07SAL00
菲军机刚被驱离，法国航母就闯入南海，中方划下落弹区：禁航3天,https://news.qq.com/rain/a/20250228A04SI200,222,https://news.qq.com/rain/a/20250228A04SI200
日本关东军的“北进”噩梦：诺门坎战役如何改变二战格局,https://news.qq.com/rain/a/20250228V07U0J00,222,https://news.qq.com/rain/a/20250228V07U0J00
美军演名单公布三小时后，撤回“台湾”字样，释放什么信号,https://news.qq.com/rain/a/20250301A0779300,222,https://news.qq.com/rain/a/20250301A0779300
泽连斯基受尽屈辱，乌克兰一步步走向深渊，告诉我们三点启示,https://news.qq.com/rain/a/20250302V05P5M00,222,https://news.qq.com/rain/a/20250302V05P5M00
美前国防部官员称特朗普的行为令人羞愧：他和万斯的态度就像是“黑帮勒索”,https://news.qq.com/rain/a/20250302V036US00,222,https://news.qq.com/rain/a/20250302V036US00
055试出2国底牌，新西兰防长：中国军舰太强,https://news.qq.com/rain/a/20250302A03YWB00,222,https://news.qq.com/rain/a/20250302A03YWB00
俄乌冲突后一些国家该警醒了！乌克兰三年保卫战到底获得了什么？,https://news.qq.com/rain/a/20250302V01TSJ00,222,https://news.qq.com/rain/a/20250302V01TSJ00
台东外海，台军舰和解放军两栖大队对峙,https://news.qq.com/rain/a/20250226A07CFJ00,222,https://news.qq.com/rain/a/20250226A07CFJ00
温暖后续！中国空军去看古巴老爷爷啦,https://news.qq.com/rain/a/20250301A03QRM00,222,https://news.qq.com/rain/a/20250301A03QRM00
红军城战役开启3个多月后，俄军中部集群主力，打到哪里了？,https://news.qq.com/rain/a/20250302A04GYZ00,222,https://news.qq.com/rain/a/20250302A04GYZ00
AIM-260还是挺先进的，霹雳17已先行一步,https://news.qq.com/rain/a/20250302A045LI00,222,https://news.qq.com/rain/a/20250302A045LI00
红军城战事吃紧，南部集群的第8集团军，为何应北上支援？,https://news.qq.com/rain/a/20250301A05CNV00,222,https://news.qq.com/rain/a/20250301A05CNV00
从图95到轰6，战略轰炸机服役百年的逻辑，是怎么一回事？,https://news.qq.com/rain/a/20250226V03O6C00,222,https://news.qq.com/rain/a/20250226V03O6C00
“20分钟观众眼前都有飞机” 空军八一飞行表演队飞赴泰国进行表演,https://news.qq.com/rain/a/20250302V042HY00,222,https://news.qq.com/rain/a/20250302V042HY00
深度——美乌总统吵架时，俄军快把乌军防线打穿了,https://news.qq.com/rain/a/20250301A056DF00,222,https://news.qq.com/rain/a/20250301A056DF00
挑战中国底线！美国解冻8.7亿美元“军援”台湾，背后有何企图？,https://news.qq.com/rain/a/20250228V07LYM00,222,https://news.qq.com/rain/a/20250228V07LYM00
能让空军战斗力成倍提升，预警机是如何做到的？,https://news.qq.com/rain/a/20250302V037BB00,222,https://news.qq.com/rain/a/20250302V037BB00
泽连斯基带血的底牌：百万士兵、导弹遗产、欧洲新靠山,https://news.qq.com/rain/a/20250302A03A1600,222,https://news.qq.com/rain/a/20250302A03A1600
法国有意向德国部署核武器，想替代美国，成为保护欧洲的最后一道墙？,https://news.qq.com/rain/a/20250301V06Z4Y00,222,https://news.qq.com/rain/a/20250301V06Z4Y00
美军拒收战略级大飞机，又把机会白送中国？,https://news.qq.com/rain/a/20250301A05SQG00,222,https://news.qq.com/rain/a/20250301A05SQG00
澳国防部发布最新消息，107特遣队在珀斯东南，澳本土防御最空虚的腹地,https://news.qq.com/rain/a/20250302A0315O00,222,https://news.qq.com/rain/a/20250302A0315O00
美印太司令报告：解放军在台海布防42个旅,https://news.qq.com/rain/a/20250225A0580X00,222,https://news.qq.com/rain/a/20250225A0580X00
战火纷飞！缅甸若开邦民众用铁锹挖出“生命之坑”，他们的“地下生活”究竟有多难？,https://news.qq.com/rain/a/20250301A06OYC00,222,https://news.qq.com/rain/a/20250301A06OYC00
解放军无预兆实弹演习，国防部：迟早收了你们,https://news.qq.com/rain/a/20250301A06CEF00,222,https://news.qq.com/rain/a/20250301A06CEF00
中国新型两栖突击车曝光，主炮大变样，会是下一代攻台神器吗？,https://news.qq.com/rain/a/20250228V02W5D00,222,https://news.qq.com/rain/a/20250228V02W5D00
越南谈中越战争：一代人的牺牲和贡献，换来的是40年的经济滞后,https://news.qq.com/rain/a/20250220V06TE600,222,https://news.qq.com/rain/a/20250220V06TE600
斩首成功，俄导弹炸塌乌军司令部大楼，数十条北约顾问团被一锅端,https://news.qq.com/rain/a/20250301A03R3Q00,222,https://news.qq.com/rain/a/20250301A03R3Q00
解放军在台海进行射击训练，赖清德紧急发声，美国解冻对台军援,https://news.qq.com/rain/a/20250301V06U2300,222,https://news.qq.com/rain/a/20250301V06U2300
不可思议的“独臂飞行”：机翼断裂、友军误击，巴西飞行员的极限挑战,https://news.qq.com/rain/a/20250228V07R8300,222,https://news.qq.com/rain/a/20250228V07R8300
中方果然动怒，两路人马赴黄岩岛，这次用了对付“台独”的手段,https://news.qq.com/rain/a/20250302A00KNT00,222,https://news.qq.com/rain/a/20250302A00KNT00
解放军可形成1600公里“死亡闭环”，美航母生存率不到3成？,https://news.qq.com/rain/a/20250302V0524900,222,https://news.qq.com/rain/a/20250302V0524900
为防御俄军攻取奥列霍夫，乌军在20平方公里区域内埋了100万枚地雷，这个数字着实有点惊人,https://news.qq.com/rain/a/20250301A0732F00,222,https://news.qq.com/rain/a/20250301A0732F00
新西兰外长赴京，希望中方下次演习提前通知,https://news.qq.com/rain/a/20250228A093UT00,222,https://news.qq.com/rain/a/20250228A093UT00
刚给菲律宾送去武器，日本防卫省就发现：解放军两架运-9现身琉球上空,https://news.qq.com/rain/a/20250225A05SZ300,222,https://news.qq.com/rain/a/20250225A05SZ300
让张召忠说中了，英国550亿建的2艘航母，如今为何真成累赘？,https://news.qq.com/rain/a/20250227A08PDA00,222,https://news.qq.com/rain/a/20250227A08PDA00
美钻地弹难破500米防线，伊朗‘地下海底长城’曝光，全球油关命悬一线？,https://news.qq.com/rain/a/20250228A04VBG00,222,https://news.qq.com/rain/a/20250228A04VBG00
军武回顾：火箭军神秘的导弹洞库 引发人们的好奇 它真实情况是怎样的？,https://news.qq.com/rain/a/20250301V05OIO00,222,https://news.qq.com/rain/a/20250301V05OIO00
2025年军队文职人员公开招考面试工作已开始 3万多个岗位静待青年英才,https://news.qq.com/rain/a/20250302V05OAX00,222,https://news.qq.com/rain/a/20250302V05OAX00
欧洲想出兵还考虑核武，普京甚至不用出手，美英轮番下场折腾,https://news.qq.com/rain/a/20250301A066N600,222,https://news.qq.com/rain/a/20250301A066N600
帕帕罗：解放军加强部署后，美航母舰队生存率不足一半,https://news.qq.com/rain/a/20250228V06EJW00,222,https://news.qq.com/rain/a/20250228V06EJW00
中国歼-16和美国F-15EX，谁才是长空之王？,https://news.qq.com/rain/a/20250213V05U7G00,222,https://news.qq.com/rain/a/20250213V05U7G00
面对俄军各个方向的攻势，库尔斯克的乌军被围歼的概率越来越大！但泽连斯基倒表现的很平静,https://news.qq.com/rain/a/20250227A096HI00,222,https://news.qq.com/rain/a/20250227A096HI00
美国参与台“汉光”军演？美军现役少将意外曝光！,https://news.qq.com/rain/a/20250225V07PDR00,222,https://news.qq.com/rain/a/20250225V07PDR00
澳媒：中国是否“炮舰外交”不重要，中国造船厂，几年就能造出一支澳大利亚海军，才最重要,https://news.qq.com/rain/a/20250302A003PN00,222,https://news.qq.com/rain/a/20250302A003PN00
趁着美俄伊没空管，以军把朱拉尼逼到墙角？连夜空袭叙利亚南部,https://news.qq.com/rain/a/20250301A076US00,222,https://news.qq.com/rain/a/20250301A076US00
"解放军无预兆实弹演习 蔡正元： 在自己家领土演习,有什么不对",https://news.qq.com/rain/a/20250301A069BJ00,222,https://news.qq.com/rain/a/20250301A069BJ00
乌军20多个主力旅云集红军城，为何精锐突击队，却另有其人？,https://news.qq.com/rain/a/20250301A021IS00,222,https://news.qq.com/rain/a/20250301A021IS00
“空中战神”轰-6K战机实力有多强？专家详解,https://news.qq.com/rain/a/20250301A07D5700,222,https://news.qq.com/rain/a/20250301A07D5700
西科斯基 CH-53E 超级种马,https://news.qq.com/rain/a/20250302V03QJV00,222,https://news.qq.com/rain/a/20250302V03QJV00
谅山绞肉机之战：越南称中国军队伤亡一万九，三个人换一个越南兵,https://news.qq.com/rain/a/20250225V08ITS00,222,https://news.qq.com/rain/a/20250225V08ITS00
中国造出16马赫斜爆震发动机，或用于下一代战机,https://news.qq.com/rain/a/20250228A06KPY00,222,https://news.qq.com/rain/a/20250228A06KPY00
仁爱礁那艘破船，终于要拖走了？中方当面下达最后通牒,https://news.qq.com/rain/a/20250301V05TT600,222,https://news.qq.com/rain/a/20250301V05TT600
歼20关键制造技术攻克！洛马总裁：歼20年3天造一架，与F35持平！,https://news.qq.com/rain/a/20250218V06IDC00,222,https://news.qq.com/rain/a/20250218V06IDC00
美军方准二号人物：真不是我悲观，咱们对中国有太多短板了,https://news.qq.com/rain/a/20250301A03MPJ00,222,https://news.qq.com/rain/a/20250301A03MPJ00
俄军无人机导弹齐发，命中大量乌克兰基础设施,https://news.qq.com/rain/a/20250228V082HJ00,222,https://news.qq.com/rain/a/20250228V082HJ00
实锤证据：美军将军潜入台岛，国防部直接上场，“倚美谋独”解放军将果断反击,https://news.qq.com/rain/a/20250302A00IZ400,222,https://news.qq.com/rain/a/20250302A00IZ400
深度|库尔斯克黄粱一梦，乌军最终把自己“送走”了,https://news.qq.com/rain/a/20250228A05HPD00,222,https://news.qq.com/rain/a/20250228A05HPD00
歼-35潜在客户被抢？印媒：阿联酋或采购土耳其“可汗”，为何说这笔买卖难做成,https://news.qq.com/rain/a/20250228A08XOR00,222,https://news.qq.com/rain/a/20250228A08XOR00
女兵驾驶重卡驰骋高原，可是见到那个人她却哭了……,https://news.qq.com/rain/a/20250302A04TM500,222,https://news.qq.com/rain/a/20250302A04TM500
台军“海上群狼”得到大陆夸赞？但对上解放军，后果只有短短5个字,https://news.qq.com/rain/a/20250226A04CVG00,222,https://news.qq.com/rain/a/20250226A04CVG00
军武回顾：机炮其他部分都已经通过“体检”、换新或者完成修理 击针杠杆还需要交给师父帮忙检测,https://news.qq.com/rain/a/20250301V05NZ700,222,https://news.qq.com/rain/a/20250301V05NZ700
越南谈中越战争：中国60万大军攻越，装备薄弱军纪不堪，事实如何,https://news.qq.com/rain/a/20250214V08BT700,222,https://news.qq.com/rain/a/20250214V08BT700
特朗普喊话中国削减军费，我国防部回应“美国优先”,https://news.qq.com/rain/a/20250228A079TX00,222,https://news.qq.com/rain/a/20250228A079TX00
美乌撕破脸的同时，南线俄军加紧进攻，24小时拿下两个村镇,https://news.qq.com/rain/a/20250301V0610R00,222,https://news.qq.com/rain/a/20250301V0610R00
注意！飞机设计师独家揭秘歼-35A真实实力,https://news.qq.com/rain/a/20250222V073Q000,222,https://news.qq.com/rain/a/20250222V073Q000
特朗普已发出指令，要收回在阿富汗遗留武器，让塔利班手无寸铁,https://news.qq.com/rain/a/20250225A04XYE00,222,https://news.qq.com/rain/a/20250225A04XYE00
描边环澳？055大驱驶入澳洲湾腹地，驻澳大使：没必要为演习道歉,https://news.qq.com/rain/a/20250301V05ZTK00,222,https://news.qq.com/rain/a/20250301V05ZTK00
美俄谈判刚结束，普京宣布重大消息，俄军从库尔斯克攻入乌克兰,https://news.qq.com/rain/a/20250227A0908A00,222,https://news.qq.com/rain/a/20250227A0908A00
能飞16马赫，只烧普通煤油，中国斜爆轰发动机将颠覆空战！,https://news.qq.com/rain/a/20250301A02U8300,222,https://news.qq.com/rain/a/20250301A02U8300
台岛自造潜艇“二次下水”，预计4月份海试：表面坑坑洼洼，面对60多艘的054A和056A，基本没胜算,https://news.qq.com/rain/a/20250302A003Q600,222,https://news.qq.com/rain/a/20250302A003Q600
7架歼-10，直达泰国！,https://news.qq.com/rain/a/20250302A0584U00,222,https://news.qq.com/rain/a/20250302A0584U00
伊朗东南部发生袭击事件致2人死亡,https://news.qq.com/rain/a/20250302A00RUR00,222,https://news.qq.com/rain/a/20250302A00RUR00
武警江西总队300余名退役士兵，在高铁站高唱《歌唱祖国》,https://news.qq.com/rain/a/20250302V04YLG00,222,https://news.qq.com/rain/a/20250302V04YLG00
中国公开展示坦克主动防御系统交火画面，是否破解世界性难题？,https://news.qq.com/rain/a/20250212V054V100,222,https://news.qq.com/rain/a/20250212V054V100
美国新航母确定命名，克林顿都能“配享”，为何有三位总统被“弃用”？,https://news.qq.com/rain/a/20250228A08WPZ00,222,https://news.qq.com/rain/a/20250228A08WPZ00
乌军正撤离库尔斯克，俄军发动新攻势，炸出通往苏贾“死亡公路”,https://news.qq.com/rain/a/20250302V05EX300,222,https://news.qq.com/rain/a/20250302V05EX300
120秒大片感受硬核实力！八一飞行表演队将赴泰国表演,https://news.qq.com/rain/a/20250302V03BOX00,222,https://news.qq.com/rain/a/20250302V03BOX00
外媒：055大驱压境澳洲，保护与库克群岛协议，这只是个开始,https://news.qq.com/rain/a/20250301A06Q2E00,222,https://news.qq.com/rain/a/20250301A06Q2E00
美国要乌克兰一半的自然资源收入，共价值多少美元呢？,https://news.qq.com/rain/a/20250302V03PVM00,222,https://news.qq.com/rain/a/20250302V03PVM00
解放军展开无预警演习，出动32架次战机和数艘075,https://news.qq.com/rain/a/20250228A06GWJ00,222,https://news.qq.com/rain/a/20250228A06GWJ00
尹锡悦等待最终宣判之际，朝鲜再次发射2枚导弹示威，成功击中目标,https://news.qq.com/rain/a/20250228A05HS000,222,https://news.qq.com/rain/a/20250228A05HS000
越南刚公布领海主张，中国在北部湾划下禁航区,https://news.qq.com/rain/a/20250301A031A500,222,https://news.qq.com/rain/a/20250301A031A500
阿根廷第1架F-16BM战斗机正式亮相 共订购25架 总价3.2亿美元,https://news.qq.com/rain/a/20250228A09S5Y00,222,https://news.qq.com/rain/a/20250228A09S5Y00
央视曝光：075两栖戒备群，总吨位超15万吨，1艘075+3艘071+1艘补给舰,https://news.qq.com/rain/a/20250228A0032B00,222,https://news.qq.com/rain/a/20250228A0032B00
"大口径火炮越轻越好?中国AH-4超轻型火炮亮相中东,不光外销或也自用",https://news.qq.com/rain/a/20250224V06VEH00,222,https://news.qq.com/rain/a/20250224V06VEH00
起初，人们以为这只是一首普通的童谣……,https://news.qq.com/rain/a/20250302V0299R00,222,https://news.qq.com/rain/a/20250302V0299R00
乌克兰彻底陷困境？美俄或将设立战争法庭，审判乌克兰战犯？,https://news.qq.com/rain/a/20250228A08WTV00,222,https://news.qq.com/rain/a/20250228A08WTV00
无聊小把戏！法国航母编队来南海招摇,https://news.qq.com/rain/a/20250301V03U7T00,222,https://news.qq.com/rain/a/20250301V03U7T00
北约秘书长发出严重警告：泽连斯基必须与特朗普和好,https://news.qq.com/rain/a/20250302V05VQH00,222,https://news.qq.com/rain/a/20250302V05VQH00
达到美国昔日“吹牛”水平，朝鲜导弹飞1500公里后“破窗而入”！,https://news.qq.com/rain/a/20250301A079S800,222,https://news.qq.com/rain/a/20250301A079S800
祖国统一势在必得，演习、武统不再预告，时刻待战随时开战？,https://news.qq.com/rain/a/20250302V05QFR00,222,https://news.qq.com/rain/a/20250302V05QFR00
插手南海搞事情，新西兰总理联合越南施压，究竟想达到什么目的？,https://news.qq.com/rain/a/20250228A09UFB00,222,https://news.qq.com/rain/a/20250228A09UFB00
伊朗选择购买苏-35，不是没看上歼-10C，刚需与制裁是主要原因,https://news.qq.com/rain/a/20250228A061LD00,222,https://news.qq.com/rain/a/20250228A061LD00
印度谈中印战争：32天丢4万平方公里土地，死亡3250人，事实如何,https://news.qq.com/rain/a/20250225A04O4M00,222,https://news.qq.com/rain/a/20250225A04O4M00
上强度了，海警“登检查扣”，轰-6K挂4枚鹰击-12巡航黄岩岛！,https://news.qq.com/rain/a/20250228A04GKV00,222,https://news.qq.com/rain/a/20250228A04GKV00
作对40多年，领导人要求放下武器！埃尔多安表态,https://news.qq.com/rain/a/20250302A03CEK00,222,https://news.qq.com/rain/a/20250302A03CEK00
龙啸九天 盘点以龙命名的国产飞机,https://news.qq.com/rain/a/20250301V06QXB00,222,https://news.qq.com/rain/a/20250301V06QXB00
高燃！30秒直击边境尖兵实战训练,https://news.qq.com/rain/a/20250302V04O8H00,222,https://news.qq.com/rain/a/20250302V04O8H00
美国务卿称不希望大陆武统，国防部：这是中国人自己的事,https://news.qq.com/rain/a/20250228A08GI500,222,https://news.qq.com/rain/a/20250228A08GI500
普京闪电会见朝鲜代表团，韩国：平壤重新增兵库尔斯克,https://news.qq.com/rain/a/20250301V06Q9N00,222,https://news.qq.com/rain/a/20250301V06Q9N00
越南认为中国不敢出战，1979年对越作战第一天，越南是何反应？,https://news.qq.com/rain/a/20250227V08JHW00,222,https://news.qq.com/rain/a/20250227V08JHW00
倒反天罡，美法为何都想买印度火炮？战斗力有何特殊？,https://news.qq.com/rain/a/20250301A076G300,222,https://news.qq.com/rain/a/20250301A076G300
统一指日可待，台媒：解放军在高雄以东74公里外无预警实弹射击,https://news.qq.com/rain/a/20250301V05VCS00,222,https://news.qq.com/rain/a/20250301V05VCS00
俄军从乌军手中缴获“极为罕见”机枪，它有何来头？,https://news.qq.com/rain/a/20250227A09SSW00,222,https://news.qq.com/rain/a/20250227A09SSW00
给菲律宾撑腰？法菲战机演练封锁南海，法国航母押错宝了,https://news.qq.com/rain/a/20250227A08XH200,222,https://news.qq.com/rain/a/20250227A08XH200
休整几个月后，乌军王牌第72旅“重出江湖”！俄军会怕吗？,https://news.qq.com/rain/a/20250301A039X300,222,https://news.qq.com/rain/a/20250301A039X300
澳大利亚昆州海岸，冲上一枚324毫米鱼雷，现确认是澳海军训练弹,https://news.qq.com/rain/a/20250301A04C3800,222,https://news.qq.com/rain/a/20250301A04C3800
朝鲜成功试射两枚新型战略巡航导弹 最高领导人亲临现场重点观摩,https://news.qq.com/rain/a/20250228A09UJ200,222,https://news.qq.com/rain/a/20250228A09UJ200
076两栖攻击舰暂时不上歼35和空警600，何时会变身中型航母？,https://news.qq.com/rain/a/20250213V02K4O00,222,https://news.qq.com/rain/a/20250213V02K4O00
军武回顾：火力全开！记者直击重型装甲实弹训练 展现合成化作战的威力,https://news.qq.com/rain/a/20250301V05OLD00,222,https://news.qq.com/rain/a/20250301V05OLD00
北约对乌克兰战争的影响输给深圳华强北，给美欧洲上了一课？,https://news.qq.com/rain/a/20250228A07DD400,222,https://news.qq.com/rain/a/20250228A07DD400
洛马公司公开歼-20年产量，美国“带病狂奔”生产F-35，影响深远,https://news.qq.com/rain/a/20250227V04YQO00,222,https://news.qq.com/rain/a/20250227V04YQO00
“箱”遇两会：“实力派”带兵人蒋林峰,https://news.qq.com/rain/a/20250302V02N5B00,222,https://news.qq.com/rain/a/20250302V02N5B00
俄库尔斯克州一位妇女讲述乌军如何枪杀她回家取水的丈夫,https://news.qq.com/rain/a/20250302A00QVO00,222,https://news.qq.com/rain/a/20250302A00QVO00
美航母抵达冲绳海域，被中国侦察机轮番问候，底细被扒了个精光,https://news.qq.com/rain/a/20250302V04GQQ00,222,https://news.qq.com/rain/a/20250302V04GQQ00
美日在琉球演习，中国派来攻击无人机，已随时准备把战线推到九州,https://news.qq.com/rain/a/20250301A05I2H00,222,https://news.qq.com/rain/a/20250301A05I2H00
107特遣队在澳洲南部作业，似没有急着要走的样子，会再次进行实弹射击吗？,https://news.qq.com/rain/a/20250228A04REV00,222,https://news.qq.com/rain/a/20250228A04REV00
战败国却寻求战略级武器，日本欲出兵他国？,https://news.qq.com/rain/a/20250228A06Z5Z00,222,https://news.qq.com/rain/a/20250228A06Z5Z00
连射两枚标准2都掉海！尴尬的德国海军黑森号护卫舰红海护航记！,https://news.qq.com/rain/a/20250301A07NWP00,222,https://news.qq.com/rain/a/20250301A07NWP00
055在悉尼外海演习不算什么？满编航母编队实弹军演才是真未来？,https://news.qq.com/rain/a/20250228A0495I00,222,https://news.qq.com/rain/a/20250228A0495I00
爆震发动机试验成功，中国未来七代机稳了？,https://news.qq.com/rain/a/20250122V07P5Y00,222,https://news.qq.com/rain/a/20250122V07P5Y00
中国空军永远不会忘记老朋友！教员们回忆当年的古巴飞行学员：同吃同住，感情深厚,https://news.qq.com/rain/a/20250302V02OX900,222,https://news.qq.com/rain/a/20250302V02OX900
俄发起“斩首”行动，乌军高官疑似损失惨重,https://news.qq.com/rain/a/20250228A0562300,222,https://news.qq.com/rain/a/20250228A0562300
解放军修改“三大条令”，重点强调“备战打仗”这4个字,https://news.qq.com/rain/a/20250301V05FQ300,222,https://news.qq.com/rain/a/20250301V05FQ300
歼20“野兽模式”曝光，化身空中武库机，配超远程导弹打预警机,https://news.qq.com/rain/a/20250214V032O800,222,https://news.qq.com/rain/a/20250214V032O800
解冻对菲军援，美对中国发“强烈信号”,https://news.qq.com/rain/a/20250301A03U9I00,222,https://news.qq.com/rain/a/20250301A03U9I00
俄乌冲突三周年!盘点10种大放异彩的武器装备,https://news.qq.com/rain/a/20250225V07KAC00,222,https://news.qq.com/rain/a/20250225V07KAC00
特朗普这是和塔利班杠上了，开始缅怀遗留在阿富汗的装备，商人趋利，哈哈,https://news.qq.com/rain/a/20250301A00ACA00,222,https://news.qq.com/rain/a/20250301A00ACA00
乌军意外发现光纤无人机缺陷：太阳照出导线，顺藤摸瓜团灭俄飞手,https://news.qq.com/rain/a/20250301A05PLF00,222,https://news.qq.com/rain/a/20250301A05PLF00
我军055编队让澳方坐立难安？中国驻澳大使：很正常，没感到抱歉,https://news.qq.com/rain/a/20250228A06MF400,222,https://news.qq.com/rain/a/20250228A06MF400
“全军骡马化”是“政治挂帅”的后果还是现实的无奈选择？,https://news.qq.com/rain/a/20250224A04KF100,222,https://news.qq.com/rain/a/20250224A04KF100
入伍四年，00后下士年年夺冠！咋做到的？,https://news.qq.com/rain/a/20250302A0340B00,222,https://news.qq.com/rain/a/20250302A0340B00
千钧一发！战机空中停车，他第一反应是不能跳伞,https://news.qq.com/rain/a/20250301V070S100,222,https://news.qq.com/rain/a/20250301V070S100
军武回顾：既神圣又重要 王石林曾经全程参与侦讯日本战犯工作,https://news.qq.com/rain/a/20250301V05PID00,222,https://news.qq.com/rain/a/20250301V05PID00
周末夜晚，乌克兰摧毁了一座俄罗斯温压弹药仓库,https://news.qq.com/rain/a/20250302A033T700,222,https://news.qq.com/rain/a/20250302A033T700
055大驱结束军演返航，中国海军引全球瞩目，专家：美国独霸时代终结,https://news.qq.com/rain/a/20250301V042GD00,222,https://news.qq.com/rain/a/20250301V042GD00
军武回顾：计算机相当于电传操纵系统的“大脑” 电传操纵系统相当于战机的“神经系统”,https://news.qq.com/rain/a/20250301V05NZQ00,222,https://news.qq.com/rain/a/20250301V05NZQ00
美国疑似邀台军演习，事后发现不对紧急删稿,https://news.qq.com/rain/a/20250226A08MR100,222,https://news.qq.com/rain/a/20250226A08MR100
获得乌矿产在即，特朗普出尔反尔，要帮乌克兰讨回领土,https://news.qq.com/rain/a/20250301V0653B00,222,https://news.qq.com/rain/a/20250301V0653B00
美日菲‘三角围剿’升级？中国歼-20战巡南海，055释放警告信号,https://news.qq.com/rain/a/20250228A08XWM00,222,https://news.qq.com/rain/a/20250228A08XWM00
单舰造价超14亿元的塔江舰！对岸海军一年内服役五艘“航母杀手”,https://news.qq.com/rain/a/20250228A0950I00,222,https://news.qq.com/rain/a/20250228A0950I00
日媒：俄“成功销售”苏-57尚需时日,https://news.qq.com/rain/a/20250302A0535B00,222,https://news.qq.com/rain/a/20250302A0535B00
波兰组装的第1架AW149直升机亮相 共订购32架 总价17.6亿欧元,https://news.qq.com/rain/a/20250301A07BIK00,222,https://news.qq.com/rain/a/20250301A07BIK00
地球班故事：055前出太平洋，在澳新之间公海演习，谁坐不住了？,https://news.qq.com/rain/a/20250302A0330J00,222,https://news.qq.com/rain/a/20250302A0330J00
全网最硬核“龙抬头”！东部战区展示硬核龙抬头,https://news.qq.com/rain/a/20250301V07ZY800,222,https://news.qq.com/rain/a/20250301V07ZY800
第二次世界大战：抗日战争真实影像，看完泪目！,https://news.qq.com/rain/a/20250121V03FIO00,222,https://news.qq.com/rain/a/20250121V03FIO00
特朗普要求泽连斯基离开乌克兰，俄军闪击苏梅州，乌军后路被抄,https://news.qq.com/rain/a/20250227A08YUN00,222,https://news.qq.com/rain/a/20250227A08YUN00
中美俄军舰同框！38国海军齐聚印尼，什么力量促成的演习？,https://news.qq.com/rain/a/20250228V06L5T00,222,https://news.qq.com/rain/a/20250228V06L5T00
奇葩双体机的极限挑战：二战“缝合怪”的传奇与悲剧,https://news.qq.com/rain/a/20250228V07SCU00,222,https://news.qq.com/rain/a/20250228V07SCU00
特朗普放宽空袭突袭规则，扩大军事行动目标范围,https://news.qq.com/rain/a/20250228A09OHX00,222,https://news.qq.com/rain/a/20250228A09OHX00
以色列坦克压境，俄外长亲赴伊朗撑腰，以色列核武密件不慎泄露,https://news.qq.com/rain/a/20250301V069KG00,222,https://news.qq.com/rain/a/20250301V069KG00
被炸一年还不了手，乌军终于找到命门，俄军大杀器不再好使？,https://news.qq.com/rain/a/20250228A03EEB00,222,https://news.qq.com/rain/a/20250228A03EEB00
中国不急着搞核航母太明智，美军证明：不打仗优点突出，一打仗缺点突出？,https://news.qq.com/rain/a/20250227A08ROR00,222,https://news.qq.com/rain/a/20250227A08ROR00
5个关键词，直击南海舰队实战化演训现场,https://news.qq.com/rain/a/20250301A0536Z00,222,https://news.qq.com/rain/a/20250301A0536Z00
解放军修改核心条例，把打赢仗作为首要责任，吴谦对台海南海作关键表态,https://news.qq.com/rain/a/20250228A05IGP00,222,https://news.qq.com/rain/a/20250228A05IGP00
黑克勒-科赫MR308A6精确射手步枪“狙击灰”外观 左侧设置拉机柄,https://news.qq.com/rain/a/20250301A04TIU00,222,https://news.qq.com/rain/a/20250301A04TIU00
军武回顾：火力强机动好 各国大力发展步兵战车 机械化步兵的战斗方式发生根本变化,https://news.qq.com/rain/a/20250301V05OL400,222,https://news.qq.com/rain/a/20250301V05OL400
2025世界特警挑战赛Day3：韩国狙击手啊狙击手，双腿滑轨能让你打的更准吗？,https://news.qq.com/rain/a/20250228V04YKP00,222,https://news.qq.com/rain/a/20250228V04YKP00
美军修复二战基地，鲁比奥不许中方挑大梁,https://news.qq.com/rain/a/20250302A03H6H00,222,https://news.qq.com/rain/a/20250302A03H6H00
蔡正元谢寒冰：欧洲会害惨乌克兰，万斯开炮是故意安排的！,https://news.qq.com/rain/a/20250302V039Z100,222,https://news.qq.com/rain/a/20250302V039Z100
美军的SR-71挂导弹计划：侦察机的武装逆袭，首架超越3马赫的战斗机,https://news.qq.com/rain/a/20250127V04YWI00,222,https://news.qq.com/rain/a/20250127V04YWI00
中国近防炮首战，巴基斯坦海军用730近防炮击毙恐怖分子！,https://news.qq.com/rain/a/20250228V037BD00,222,https://news.qq.com/rain/a/20250228V037BD00
3天2次硬闯黄岩岛，小马科斯没料到，中方50艘船突然包围中业,https://news.qq.com/rain/a/20250227A08X0W00,222,https://news.qq.com/rain/a/20250227A08X0W00
俄军中部集群全军出击！除了两个集团军，还有哪些部队？,https://news.qq.com/rain/a/20250228A05VQ500,222,https://news.qq.com/rain/a/20250228A05VQ500
虾米视频｜台湾当局欲强征台妹入伍？台妹坚拒：我不要！,https://news.qq.com/rain/a/20250301A07HBY00,222,https://news.qq.com/rain/a/20250301A07HBY00
全国人大代表梁磊：推动机务军士骨干快速“迭代”,https://news.qq.com/rain/a/20250301A042F600,222,https://news.qq.com/rain/a/20250301A042F600
黑克勒-科赫公司G39微声步枪 经过深度改进 发射.300BLK专用弹药,https://news.qq.com/rain/a/20250302A039M300,222,https://news.qq.com/rain/a/20250302A039M300
红军在贵州丨乌蒙山回旋战展开,https://news.qq.com/rain/a/20250302V0435100,222,https://news.qq.com/rain/a/20250302V0435100
中越战争之尾声：越军主动示好，用炮火提醒解放军，注意避让,https://news.qq.com/rain/a/20250217V09KIQ00,222,https://news.qq.com/rain/a/20250217V09KIQ00
055大驱结束军演返航，中国海军引全球瞩目，美国独霸时代已成过去,https://news.qq.com/rain/a/20250301A03QNA00,222,https://news.qq.com/rain/a/20250301A03QNA00
美乌不欢而散，英国援乌22.6亿高调接盘，俄乌还要继续打下去？,https://news.qq.com/rain/a/20250302V05CUM00,222,https://news.qq.com/rain/a/20250302V05CUM00
六代机亮相后，歼20彻底放飞，开启“野兽模式”外挂8枚导弹,https://news.qq.com/rain/a/20250212V07C6000,222,https://news.qq.com/rain/a/20250212V07C6000
入俄乌军三据点背水一战，俄军再开辟边境第三战场,https://news.qq.com/rain/a/20250301A06EGJ00,222,https://news.qq.com/rain/a/20250301A06EGJ00
美媒炒作B-21能轰炸中国本土并能全身而退，真的如此生猛吗？,https://news.qq.com/rain/a/20250227V02DU100,222,https://news.qq.com/rain/a/20250227V02DU100
日本4年下水10艘最上级护卫舰，中国下饺子慢了吗？用数据说话,https://news.qq.com/rain/a/20250227A07SRT00,222,https://news.qq.com/rain/a/20250227A07SRT00
直击退役现场：再见了，我的战友们！,https://news.qq.com/rain/a/20250301A05C6Y00,222,https://news.qq.com/rain/a/20250301A05C6Y00
以军公布哈马斯突袭调查：全面误判，边防军被击溃,https://news.qq.com/rain/a/20250228A088DQ00,222,https://news.qq.com/rain/a/20250228A088DQ00
波音公司完成第1架升级版P-8A反潜巡逻机 集成远程反舰导弹和先进吊舱,https://news.qq.com/rain/a/20250301A07QGY00,222,https://news.qq.com/rain/a/20250301A07QGY00
台湾女生距离强制义务役还有多远？只等赖清德一句话,https://news.qq.com/rain/a/20250228A05TDM00,222,https://news.qq.com/rain/a/20250228A05TDM00
军武回顾：加油机“心脏”“血管”复杂 维修保养很重要,https://news.qq.com/rain/a/20250301V05PHR00,222,https://news.qq.com/rain/a/20250301V05PHR00
迎接好兄弟光荣退伍，哥们奔跑献花，脚下一滑，拥抱变“滑铲”,https://news.qq.com/rain/a/20250302V04WRK00,222,https://news.qq.com/rain/a/20250302V04WRK00
美国准副防长称面对中国，美军存在7大短板,https://news.qq.com/rain/a/20250228A07B5V00,222,https://news.qq.com/rain/a/20250228A07B5V00
美乌大吵不欢而散，英乌签署22.6亿贷款协议，欧美分歧越来越大,https://news.qq.com/rain/a/20250302V05D3N00,222,https://news.qq.com/rain/a/20250302V05D3N00
军武回顾：服役多年的飞机 它如何还能保持着完好的可飞状态 又是怎样来到中国的,https://news.qq.com/rain/a/20250301V05PHE00,222,https://news.qq.com/rain/a/20250301V05PHE00
坚决不玩发射车？美国为何不效仿中国东风41,https://news.qq.com/rain/a/20250301A05VYG00,222,https://news.qq.com/rain/a/20250301A05VYG00
预言成真！张召忠五年前神预判英国航母困局,https://news.qq.com/rain/a/20250302V016UZ00,222,https://news.qq.com/rain/a/20250302V016UZ00
俄军用后勤绞杀来控制库尔斯克地区的乌军，乌方还能撑得住吗？,https://news.qq.com/rain/a/20250228A033U700,222,https://news.qq.com/rain/a/20250228A033U700
台军研发自杀式无人艇，打造“海上狼群”，专家：解放军可有效猎杀,https://news.qq.com/rain/a/20250228A08G7C00,222,https://news.qq.com/rain/a/20250228A08G7C00
俄罗斯军事专家：新型S-500防空系统能够拦截西方高超音速导弹,https://news.qq.com/rain/a/20250227A09OPT00,222,https://news.qq.com/rain/a/20250227A09OPT00
歼-16飞行员：在空中挂着弹就是一种威慑,https://news.qq.com/rain/a/20250301A016R000,222,https://news.qq.com/rain/a/20250301A016R000
不舍离别！老兵向战鹰敬礼告别,https://news.qq.com/rain/a/20250301A07HLK00,222,https://news.qq.com/rain/a/20250301A07HLK00
军武回顾：机炮装弹之后 所有人员不能从炮口前方经过 机炮试射顺利结束,https://news.qq.com/rain/a/20250301V05NYF00,222,https://news.qq.com/rain/a/20250301V05NYF00
唯一没有和共产党打过仗的国民党将领，抗日时却无比神勇！,https://news.qq.com/rain/a/20250211V0709V00,222,https://news.qq.com/rain/a/20250211V0709V00
伊朗模糊回应拥核指责，特朗普给美军松绑，或拿伊朗“练手”,https://news.qq.com/rain/a/20250301A055RT00,222,https://news.qq.com/rain/a/20250301A055RT00
俄军强渡第聂伯河，数百台无人机和导弹狂轰乱炸，结果家里遭了殃？,https://news.qq.com/rain/a/20250301V06XVX00,222,https://news.qq.com/rain/a/20250301V06XVX00
200架轰炸机，70架预警机，1300架战斗机，亚洲第一空军浮出水面？,https://news.qq.com/rain/a/20250202V03VLX00,222,https://news.qq.com/rain/a/20250202V03VLX00
世界正从“春秋争霸”，加速迈入“战国混战”,https://news.qq.com/rain/a/20250228A0372F00,222,https://news.qq.com/rain/a/20250228A0372F00
推适龄女性上战场，赖清德想搞全民皆兵？国防部：早晚收了你们,https://news.qq.com/rain/a/20250301V072XI00,222,https://news.qq.com/rain/a/20250301V072XI00
战争终局前的黎明？俄乌边界700多枚导弹对轰，俄罗斯响起40次大爆炸,https://news.qq.com/rain/a/20250228A06DZM00,222,https://news.qq.com/rain/a/20250228A06DZM00
中国055编队继续西行，澳防长承认澳军舰靠近中国频率更高,https://news.qq.com/rain/a/20250228A05O5200,222,https://news.qq.com/rain/a/20250228A05O5200
如虎添翼，F-35B成功搭载“流星”远程空空导弹,https://news.qq.com/rain/a/20250301A0773A00,222,https://news.qq.com/rain/a/20250301A0773A00
全球第一，地表最强！这位福建籍中国特警全网点赞,https://news.qq.com/rain/a/20250228A082KS00,222,https://news.qq.com/rain/a/20250228A082KS00
【军政态势】南海贼眼：日交付菲4套雷达,https://news.qq.com/rain/a/20250301A07EHH00,222,https://news.qq.com/rain/a/20250301A07EHH00
中国人把轻机枪做到了极致，国产qjb201班用机枪,https://news.qq.com/rain/a/20250203V03HBO00,222,https://news.qq.com/rain/a/20250203V03HBO00
“让我对军人更加敬佩”！焖面店老板给子弟兵免单，三人走时默默留下现金,https://news.qq.com/rain/a/20250228V0598800,222,https://news.qq.com/rain/a/20250228V0598800
别跟俄军讲五代机标准，苏-57隐身砍半，速度翻倍，雷达反射面积大20倍又如何？,https://news.qq.com/rain/a/20250228A09UK900,222,https://news.qq.com/rain/a/20250228A09UK900
北约或面临第2次脑死亡，在罗马尼亚的万人军演，美军没派兵参加,https://news.qq.com/rain/a/20250302V02RYQ00,222,https://news.qq.com/rain/a/20250302V02RYQ00
高射放平，军事法庭！高射炮平射威力有多大？打到身上怕是有点疼哦！,https://news.qq.com/rain/a/20250202V02FLL00,222,https://news.qq.com/rain/a/20250202V02FLL00
美国核保护伞一旦离场，英法面对俄罗斯核威慑，北约真能扛住吗？,https://news.qq.com/rain/a/20250228A09LXN00,222,https://news.qq.com/rain/a/20250228A09LXN00
库尔德工人党宣布停火 专家分析 为何此时宣布“放下武器 自行解散”,https://news.qq.com/rain/a/20250302V05OG500,222,https://news.qq.com/rain/a/20250302V05OG500
乌军亮出远程水下自杀兵器，解放军需高度重视：台军很可能效仿,https://news.qq.com/rain/a/20250228A03K1Y00,222,https://news.qq.com/rain/a/20250228A03K1Y00
澳防长谈中国舰艇：我们需要“深呼吸”,https://news.qq.com/rain/a/20250228A06Q0P00,222,https://news.qq.com/rain/a/20250228A06Q0P00
乌军美械精锐反攻！都已经攻入村内了，为什么却难以巩固？,https://news.qq.com/rain/a/20250228A05JZR00,222,https://news.qq.com/rain/a/20250228A05JZR00
因为中国舰队实弹演习，49架飞机改变航线,https://news.qq.com/rain/a/20250226A07P1V00,222,https://news.qq.com/rain/a/20250226A07P1V00
沙特有意采购韩国“猎鹰”战机,https://news.qq.com/rain/a/20250228A04TF200,222,https://news.qq.com/rain/a/20250228A04TF200
军武回顾：机动性与速度如何选择 这是“锆石”高超音速导弹所不能忽视的问题,https://news.qq.com/rain/a/20250301V05OJS00,222,https://news.qq.com/rain/a/20250301V05OJS00
太平洋战场最惨烈补给战，日军精锐舰队全军覆没！盟军神秘武器首次亮相，扭转太平洋战场战局！,https://news.qq.com/rain/a/20250227V06ZAM00,222,https://news.qq.com/rain/a/20250227V06ZAM00
日本2万吨驱逐舰公开展示，对标中国055大驱,https://news.qq.com/rain/a/20250228A0771100,222,https://news.qq.com/rain/a/20250228A0771100
俄军强渡成功，普京将成“世界领袖”，乌克兰已穷途末路,https://news.qq.com/rain/a/20250301V06MU300,222,https://news.qq.com/rain/a/20250301V06MU300
为什么拦截外国军机时，总是出动歼11，而不是更先进的歼20？,https://news.qq.com/rain/a/20250204V05U6J00,222,https://news.qq.com/rain/a/20250204V05U6J00
澳国防部称，中方演习40分钟后才接到通知，美方却称早已获悉中方信息,https://news.qq.com/rain/a/20250227A06OYO00,222,https://news.qq.com/rain/a/20250227A06OYO00
俄军导弹从天而降，乌克兰空军基地被一锅端，一点情面都没留,https://news.qq.com/rain/a/20250301V06YHH00,222,https://news.qq.com/rain/a/20250301V06YHH00
巴西批准一揽子国防工业投资,https://news.qq.com/rain/a/20250228A09OJJ00,222,https://news.qq.com/rain/a/20250228A09OJJ00
三菱重工提议向澳大利亚出口“最上”级护卫舰 增强反潜作战能力,https://news.qq.com/rain/a/20250227A09HQ700,222,https://news.qq.com/rain/a/20250227A09HQ700
印度推出“改变游戏规则”的车载反无人机系统,https://news.qq.com/rain/a/20250301A002NB00,222,https://news.qq.com/rain/a/20250301A002NB00
从“政治下水”到要钱工具 台军“海鲲”号再惹争议,https://news.qq.com/rain/a/20250301A07XJU00,222,https://news.qq.com/rain/a/20250301A07XJU00
入伍一年，你变了！,https://news.qq.com/rain/a/20250302A03H1B00,222,https://news.qq.com/rain/a/20250302A03H1B00
时隔10年八一飞行表演队再赴泰表演 “中国蓝天仪仗队”将惊艳世界！,https://news.qq.com/rain/a/20250302V040SV00,222,https://news.qq.com/rain/a/20250302V040SV00
军武回顾：德军的攻势进展很快 他们向巴斯托涅猛扑过来,https://news.qq.com/rain/a/20250301V05QW700,222,https://news.qq.com/rain/a/20250301V05QW700
放宽空袭限制！特朗普为何向美军指挥官放权？,https://news.qq.com/rain/a/20250301A05Z5A00,222,https://news.qq.com/rain/a/20250301A05Z5A00
俄军强渡第聂伯河，普京若打赢这一仗，或将掐断乌克兰的“生命线”,https://news.qq.com/rain/a/20250301V06ZT900,222,https://news.qq.com/rain/a/20250301V06ZT900
解放战争，哪个敌军将领最难对付？粟裕四战不胜,https://news.qq.com/rain/a/20250214V05CUZ00,222,https://news.qq.com/rain/a/20250214V05CUZ00
美国不断踩踏中国红线，何时反转，中国不断踩踏美国红线终会到来,https://news.qq.com/rain/a/20250225A04QEA00,222,https://news.qq.com/rain/a/20250225A04QEA00
俄乌冲突持续：俄精确制导武器打击乌军用机场 乌称袭击俄弹药库,https://news.qq.com/rain/a/20250301V030DE00,222,https://news.qq.com/rain/a/20250301V030DE00
巴基斯坦发射中国导弹，精准贯穿海上靶船,https://news.qq.com/rain/a/20250227A05W3100,222,https://news.qq.com/rain/a/20250227A05W3100
以军公布2023年10月7日哈马斯袭击事件调查报告：持续数年的错误评估,https://news.qq.com/rain/a/20250228A010MV00,222,https://news.qq.com/rain/a/20250228A010MV00
伊朗海军接收导弹双体船,https://news.qq.com/rain/a/20250228A09A5100,222,https://news.qq.com/rain/a/20250228A09A5100
黑克勒-科赫G28Z步枪亮相 军用配置的民用狩猎步枪 见证精准刀法,https://news.qq.com/rain/a/20250228A058N400,222,https://news.qq.com/rain/a/20250228A058N400
再见了，我挚爱的军营！,https://news.qq.com/rain/a/20250301A06WWK00,222,https://news.qq.com/rain/a/20250301A06WWK00
德国的“隐形怪兽”：来自二战的末日创新，Ho-229隐身战斗轰炸机,https://news.qq.com/rain/a/20250126V04G8000,222,https://news.qq.com/rain/a/20250126V04G8000
3月1日，山东德州，小伙退役归来，全家出动捧花接站,https://news.qq.com/rain/a/20250302V033OP00,222,https://news.qq.com/rain/a/20250302V033OP00
还在犹豫是否研发六代机，美军靠啥对付歼36和歼50？,https://news.qq.com/rain/a/20250228A07LOC00,222,https://news.qq.com/rain/a/20250228A07LOC00
1150生死交易，以色列天价换回4具遗体，哈马斯拿到602人筹码内幕,https://news.qq.com/rain/a/20250302V030C100,222,https://news.qq.com/rain/a/20250302V030C100
专家解读 为什么飞机要以龙来命名？,https://news.qq.com/rain/a/20250301V06Q6O00,222,https://news.qq.com/rain/a/20250301V06Q6O00
乌克兰军队集结八千名精锐战士准备发起反攻,https://news.qq.com/rain/a/20250302A00FC100,222,https://news.qq.com/rain/a/20250302A00FC100
企图全力对付中国？与俄谈判后，美国被曝将从欧洲十几国撤军,https://news.qq.com/rain/a/20250221V08IP000,222,https://news.qq.com/rain/a/20250221V08IP000
俄军顿涅茨克再丢一城：乌克兰伞兵奇袭夺回科特林，俄军防线崩裂,https://news.qq.com/rain/a/20250228A045SJ00,222,https://news.qq.com/rain/a/20250228A045SJ00
时隔60多年 古巴退役飞行员收到中国恩师的跨洋来信,https://news.qq.com/rain/a/20250301A055UR00,222,https://news.qq.com/rain/a/20250301A055UR00
伊朗发展航母“不走寻常路”,https://news.qq.com/rain/a/20250301A04B7L00,222,https://news.qq.com/rain/a/20250301A04B7L00
活久见，澳防长为给澳军撑面子直言：澳军舰靠近中国的频率高于其靠近我们,https://news.qq.com/rain/a/20250302A00JEB00,222,https://news.qq.com/rain/a/20250302A00JEB00
瑞典精锐部队在拉脱维亚进行堑壕战演习 全面检验北约旅备战水平,https://news.qq.com/rain/a/20250228A05AL800,222,https://news.qq.com/rain/a/20250228A05AL800
沉浸式体验 毛瑟C96使用固定桥夹 装填弹药全过程,https://news.qq.com/rain/a/20250301V07OLA00,222,https://news.qq.com/rain/a/20250301V07OLA00
又是一年退伍时，车站出现社牛“显眼包”接好兄弟退伍回来！网友：惊吓不是一点点！,https://news.qq.com/rain/a/20250302V04SNC00,222,https://news.qq.com/rain/a/20250302V04SNC00
俄乌停火协议还没达成，日本讨论让自卫队赴乌东维和,https://news.qq.com/rain/a/20250225A03GR800,222,https://news.qq.com/rain/a/20250225A03GR800
印度上将称苏-57可能不如F-35，但要比中国的歼-35 和歼-20好？,https://news.qq.com/rain/a/20250302V05LWW00,222,https://news.qq.com/rain/a/20250302V05LWW00
俄方：彻底消除冲突根源才能实现公正持久和平,https://news.qq.com/rain/a/20250302V02V2G00,222,https://news.qq.com/rain/a/20250302V02V2G00
特朗普又犯众怒了？五位美国前国防部长联合致信国会谴责,https://news.qq.com/rain/a/20250228A05ZWU00,222,https://news.qq.com/rain/a/20250228A05ZWU00
"055编队打算绕澳大利亚一圈？中国只是未雨绸缪,澳方可一点不无辜",https://news.qq.com/rain/a/20250301V056YM00,222,https://news.qq.com/rain/a/20250301V056YM00
台退将点明大陆优势，让美国无力介入台海,https://news.qq.com/rain/a/20250224A07J8M00,222,https://news.qq.com/rain/a/20250224A07J8M00
乌克兰大使表示，国内可动员的男性已严重短缺，乌军动员潜力接近枯竭‌‌,https://news.qq.com/rain/a/20250227A061HX00,222,https://news.qq.com/rain/a/20250227A061HX00
越南社会科学院：60万中国军队，2559门火炮向高平推进了50公里,https://news.qq.com/rain/a/20250221A03Q6I00,222,https://news.qq.com/rain/a/20250221A03Q6I00
单舰直出，看“万吨大驱”实战化训练现场感十足,https://news.qq.com/rain/a/20250302A025JC00,222,https://news.qq.com/rain/a/20250302A025JC00
东莞横沥崇军氛围浓：“企二代”、父子兵、退伍老兵积极应征,https://news.qq.com/rain/a/20250302A05BPA00,222,https://news.qq.com/rain/a/20250302A05BPA00
全面压制美军五代机，成飞六代机只需两万米高空、两倍音速巡航？,https://news.qq.com/rain/a/20250222V03D4600,222,https://news.qq.com/rain/a/20250222V03D4600
1938年，台儿庄战役中女敢死队员凌兰芳最后留影，以身炸日军坦克,https://news.qq.com/rain/a/20250203V03U7600,222,https://news.qq.com/rain/a/20250203V03U7600
055大驱“上门”后，新外长当面强调“一个中国”,https://news.qq.com/rain/a/20250227A06DX700,222,https://news.qq.com/rain/a/20250227A06DX700
白宫闹崩后，乌克兰民众：美国背叛了我们,https://news.qq.com/rain/a/20250302V03ONJ00,222,https://news.qq.com/rain/a/20250302V03ONJ00
苏-30MK2从中国海军退役，换个“马甲”进空军，到底咋回事？,https://news.qq.com/rain/a/20250222V02GCR00,222,https://news.qq.com/rain/a/20250222V02GCR00
乌兹别克斯坦展示中国武器，摆脱对俄制武器依赖,https://news.qq.com/rain/a/20250227A07BV600,222,https://news.qq.com/rain/a/20250227A07BV600
轰-6K首飞西太十年 常态化演训捍卫国家主权,https://news.qq.com/rain/a/20250301V06EFF00,222,https://news.qq.com/rain/a/20250301V06EFF00
俄国防部：乌克兰一周内损失8680名军人,https://news.qq.com/rain/a/20250302A00O7600,222,https://news.qq.com/rain/a/20250302A00O7600
绕过国会，特朗普政府批准大规模对以军售,https://news.qq.com/rain/a/20250301A073IQ00,222,https://news.qq.com/rain/a/20250301A073IQ00
最好的纪念,https://news.qq.com/rain/a/20250302A02JW800,222,https://news.qq.com/rain/a/20250302A02JW800
策划丨老兵退伍创意照来了,https://news.qq.com/rain/a/20250301A067LG00,222,https://news.qq.com/rain/a/20250301A067LG00
101岁湖北老兵讲述亲身经历：“当兵就不怕死，怕死就不当兵”,https://news.qq.com/rain/a/20250228A054PY00,222,https://news.qq.com/rain/a/20250228A054PY00
轻步兵史上三次巅峰急行军！突破人类极限，令世界为之震惊,https://news.qq.com/rain/a/20250204V05X8I00,222,https://news.qq.com/rain/a/20250204V05X8I00
中国水下作战的神器，揭秘造型奇特的水下步枪！,https://news.qq.com/rain/a/20250225V02W7E00,222,https://news.qq.com/rain/a/20250225V02W7E00
乌军伤亡人数超过征兵人数：俄罗斯表示基辅无法弥补战场损失,https://news.qq.com/rain/a/20250302A00S2Z00,222,https://news.qq.com/rain/a/20250302A00S2Z00
台船称台自造潜艇完成“准潜航试验”，遭讽：发明新词？,https://news.qq.com/rain/a/20250302V04KWJ00,222,https://news.qq.com/rain/a/20250302V04KWJ00
歼-36只是开胃菜，海军再次“暴兵”，4马赫战机也有了眉目,https://news.qq.com/rain/a/20250202V05SBP00,222,https://news.qq.com/rain/a/20250202V05SBP00
乌克兰发表声明：与法国公司合资生产武器,https://news.qq.com/rain/a/20250302A04I2600,222,https://news.qq.com/rain/a/20250302A04I2600
空军 新型战机密集亮相 构建现代化空中体系,https://news.qq.com/rain/a/20250301V06E4R00,222,https://news.qq.com/rain/a/20250301V06E4R00
美军核航母紧急抢修，美媒：这是预演对华作战,https://news.qq.com/rain/a/20250228A06L9H00,222,https://news.qq.com/rain/a/20250228A06L9H00
澳大利亚外长：坚持奉行一个中国政策,https://news.qq.com/rain/a/20250227A09EHB00,222,https://news.qq.com/rain/a/20250227A09EHB00
美政府官员：国防部将向南部边境增派约3000名军人,https://news.qq.com/rain/a/20250302A03Q4500,222,https://news.qq.com/rain/a/20250302A03Q4500
采购KS-1C等武器系统，乌兹别克用中国装备，来提高本土对空防御,https://news.qq.com/rain/a/20250228A02Y1Z00,222,https://news.qq.com/rain/a/20250228A02Y1Z00
武警桂林支队：老兵告别军营 踏上新征程,https://news.qq.com/rain/a/20250301A07A1J00,222,https://news.qq.com/rain/a/20250301A07A1J00
兵哥哥教你“轻功水上漂”，教程来了，网友：看过就是会了！,https://news.qq.com/rain/a/20250301V07GZ200,222,https://news.qq.com/rain/a/20250301V07GZ200
鲜血与荣耀：德军王牌姊妹装甲师的最后疯狂，血战卡昂,https://news.qq.com/rain/a/20250301V069BS00,222,https://news.qq.com/rain/a/20250301V069BS00
俄乌冲突还得继续打下去！美俄谈判，本来就是个不靠谱的事情！,https://news.qq.com/rain/a/20250228A03GQ200,222,https://news.qq.com/rain/a/20250228A03GQ200
高雄外海无预警演习，解放军登陆舰队，突然出现在台岛以东,https://news.qq.com/rain/a/20250228V08C9L00,222,https://news.qq.com/rain/a/20250228V08C9L00
歼-35A真实实力到底有多强？专家：过于先进，不便透露！,https://news.qq.com/rain/a/20250223V04P6400,222,https://news.qq.com/rain/a/20250223V04P6400
普京同意与美国削减50%军备，中国要不要跟进？,https://news.qq.com/rain/a/20250228A0250R00,222,https://news.qq.com/rain/a/20250228A0250R00
环澳航行引起澳方不满，澳防长保持冷静：我们的军舰靠近中国的次数更多,https://news.qq.com/rain/a/20250301V0701600,222,https://news.qq.com/rain/a/20250301V0701600
斯洛伐克总理：不会为乌克兰提供军事和财政支持,https://news.qq.com/rain/a/20250302A01NXK00,222,https://news.qq.com/rain/a/20250302A01NXK00
卢旺达解放30周年阅兵式演奏中国音乐？,https://news.qq.com/rain/a/20250228A018WT00,222,https://news.qq.com/rain/a/20250228A018WT00
发现：配备着陆钩的陆基战斗机 隐秘小装置 让迫降过程有惊无险,https://news.qq.com/rain/a/20250301A04VA200,222,https://news.qq.com/rain/a/20250301A04VA200
挪威可能从韩国采购K239多管火箭发射系统 增强远程精确打击能力,https://news.qq.com/rain/a/20250228A09TDA00,222,https://news.qq.com/rain/a/20250228A09TDA00
以军报告承认在哈马斯突袭行动前“过于自信”,https://news.qq.com/rain/a/20250228A05NMX00,222,https://news.qq.com/rain/a/20250228A05NMX00
军武回顾：即使德意部队的轰炸机 潜艇和鱼雷艇在攻击行动中失败 墨索里尼仍可以出动意大利海军的大舰队 对护航队发动致命一击,https://news.qq.com/rain/a/20250301V05NZJ00,222,https://news.qq.com/rain/a/20250301V05NZJ00
5艘巨舰140000吨 我军超级登陆舰队实战演练！,https://news.qq.com/rain/a/20250228V09K5R00,222,https://news.qq.com/rain/a/20250228V09K5R00
美国会向印度出售F-35吗？,https://news.qq.com/rain/a/20250302A0535400,222,https://news.qq.com/rain/a/20250302A0535400
普京的最后一张底牌，不是车臣部队，而是一个让车臣仰望的民族,https://news.qq.com/rain/a/20250129V03E1E00,222,https://news.qq.com/rain/a/20250129V03E1E00
美国“鱼鹰”直升机，变形起飞过程近距离曝光，科幻感十足！,https://news.qq.com/rain/a/20241223V0819S00,222,https://news.qq.com/rain/a/20241223V0819S00
俄军猛攻苏梅，乌军在托列茨克持续反击！,https://news.qq.com/rain/a/20250228A01DN000,222,https://news.qq.com/rain/a/20250228A01DN000
根本没打算离开，单挑澳新海军，遵义舰编队进入大澳洲湾,https://news.qq.com/rain/a/20250228V07CCY00,222,https://news.qq.com/rain/a/20250228V07CCY00
超过叙利亚、阿富汗和乌克兰！缅甸成为“布满大杀器的国家”,https://news.qq.com/rain/a/20250228A07PAC00,222,https://news.qq.com/rain/a/20250228A07PAC00
看越南海警第1司令部，常与中国海警互动！,https://news.qq.com/rain/a/20250228A03MNG00,222,https://news.qq.com/rain/a/20250228A03MNG00
退伍季｜来时意气风发，归去仍是少年,https://news.qq.com/rain/a/20250228A0998X00,222,https://news.qq.com/rain/a/20250228A0998X00
澳防长承认中国军演未对该国构成威胁，夸大后果是不公平的,https://news.qq.com/rain/a/20250228A05FDH00,222,https://news.qq.com/rain/a/20250228A05FDH00
人民空军高光时刻——2011年2月28日，第一次执行海外撤侨任务,https://news.qq.com/rain/a/20250228A01DYY00,222,https://news.qq.com/rain/a/20250228A01DYY00
沉浸原声，体验第一视角投弹,https://news.qq.com/rain/a/20250302V03L3300,222,https://news.qq.com/rain/a/20250302V03L3300
国家记忆：1950年10月5日 中共中央作出 “抗美援朝 保家卫国” 的伟大战略决策,https://news.qq.com/rain/a/20250228V05W3700,222,https://news.qq.com/rain/a/20250228V05W3700
10年投入1.5万亿元建设现代化强军，印度跟谁较劲？,https://news.qq.com/rain/a/20250227A09RI700,222,https://news.qq.com/rain/a/20250227A09RI700
俄罗斯公布最新战报，乌军损失345名军人,https://news.qq.com/rain/a/20250302V04LNX00,222,https://news.qq.com/rain/a/20250302V04LNX00
“空战之父”波尔克：从飞行员到王牌，他如何成为各国飞行员的偶像？,https://news.qq.com/rain/a/20250127V052H800,222,https://news.qq.com/rain/a/20250127V052H800
外电：美陆军黑人女中将被迫退休,https://news.qq.com/rain/a/20250302A0535V00,222,https://news.qq.com/rain/a/20250302A0535V00
特朗普吵架时说漏嘴！俄乌战场外，北约与俄军每天都在重兵对峙,https://news.qq.com/rain/a/20250301V06KHT00,222,https://news.qq.com/rain/a/20250301V06KHT00
中国SH-16A亮相中东，全球首创激光点火，价格仅有西方火炮一半？,https://news.qq.com/rain/a/20250228A03MF800,222,https://news.qq.com/rain/a/20250228A03MF800
空军航空兵某旅：升空即战斗 年轻飞行员加速成长,https://news.qq.com/rain/a/20250228A07TLX00,222,https://news.qq.com/rain/a/20250228A07TLX00
我维和工兵分队高标准完成主补给线修复任务,https://news.qq.com/rain/a/20250302A03EMO00,222,https://news.qq.com/rain/a/20250302A03EMO00
台海军前军官：台造潜艇为显示进度竟发明新名词,https://news.qq.com/rain/a/20250302A0319S00,222,https://news.qq.com/rain/a/20250302A0319S00
干班长一“干”就是28年,https://news.qq.com/rain/a/20250301A01KW200,222,https://news.qq.com/rain/a/20250301A01KW200
巨型的太空运输机,https://news.qq.com/rain/a/20250226V01FL300,222,https://news.qq.com/rain/a/20250226V01FL300
再见老兵！祝前程似锦！,https://news.qq.com/rain/a/20250302V02QHY00,222,https://news.qq.com/rain/a/20250302V02QHY00
中国舰队环澳演习之际，又被美国抛弃，澳大利亚何去何从？,https://news.qq.com/rain/a/20250228A0606U00,222,https://news.qq.com/rain/a/20250228A0606U00
台军新导弹首曝光 叫嚣“秒杀”大陆航母,https://news.qq.com/rain/a/20250301V06W7O00,222,https://news.qq.com/rain/a/20250301V06W7O00
中国官宣新坦克主动防御系统，黑科技独步全球，为坦克续命20年,https://news.qq.com/rain/a/20250210V020C900,222,https://news.qq.com/rain/a/20250210V020C900
特朗普对国防部大清洗，解雇美军一把手和海军部长，忠诚放在能力之上,https://news.qq.com/rain/a/20250225A0527500,222,https://news.qq.com/rain/a/20250225A0527500
美俄五代机F35和苏57在印度相会，谁能赢得印度的订单？,https://news.qq.com/rain/a/20250210V06FI000,222,https://news.qq.com/rain/a/20250210V06FI000
乌方提议：用俄冻结资产收益为乌生产武器,https://news.qq.com/rain/a/20250302A02E1G00,222,https://news.qq.com/rain/a/20250302A02E1G00
出发！空军八一飞行表演队赴泰国参加中泰建交50周年庆祝活动,https://news.qq.com/rain/a/20250302A03EGY00,222,https://news.qq.com/rain/a/20250302A03EGY00
央视公开：中国魔改“无人机专用迫击炮弹”，空爆引信，杀伤力远超俄乌手搓货，这就是现代最强工业国的恐怖之处,https://news.qq.com/rain/a/20250228A0032I00,222,https://news.qq.com/rain/a/20250228A0032I00
浑身都是高射炮，号称最强防空巡洋舰之德·格拉斯号,https://news.qq.com/rain/a/20250228A07KM100,222,https://news.qq.com/rain/a/20250228A07KM100
第82集团军某旅：以“体系考”牵引“合成练”,https://news.qq.com/rain/a/20250302A03EMR00,222,https://news.qq.com/rain/a/20250302A03EMR00
1938年，中日拍摄的徐州战役原声影像，数十万国军行进脸庞清晰可见,https://news.qq.com/rain/a/20250224V08DXJ00,222,https://news.qq.com/rain/a/20250224V08DXJ00
我们中国女性 是能顶起半边天的力量 ！曾多次飞越天安门的她这样说,https://news.qq.com/rain/a/20250301V05V8V00,222,https://news.qq.com/rain/a/20250301V05V8V00
伊朗浓缩铀库存激增，以色列威胁军事行动，美伊谈判前景不明,https://news.qq.com/rain/a/20250228A00WU200,222,https://news.qq.com/rain/a/20250228A00WU200
乌克兰被美国出卖和羞辱！只有中国声援但乌总统却给中国挖三个坑,https://news.qq.com/rain/a/20250302V01RC600,222,https://news.qq.com/rain/a/20250302V01RC600
美方估算：中国生产一架歼-20仅需3天,https://news.qq.com/rain/a/20250207V03XMG00,222,https://news.qq.com/rain/a/20250207V03XMG00
射程260千米！美军AIM-260A空空导弹露面，已经被霹雳-17击败？,https://news.qq.com/rain/a/20250228A03N1O00,222,https://news.qq.com/rain/a/20250228A03N1O00
跟乌克兰爆发冲突近3年，俄罗斯的损失不可估量，普京该反思了,https://news.qq.com/rain/a/20250208V056W000,222,https://news.qq.com/rain/a/20250208V056W000
42岁的三级军士长，体能“特二级”！,https://news.qq.com/rain/a/20250228A07XJY00,222,https://news.qq.com/rain/a/20250228A07XJY00
中古空军代表共同追忆古巴学员在华培训,https://news.qq.com/rain/a/20250302A0514700,222,https://news.qq.com/rain/a/20250302A0514700
韩国展示LOWUS忠诚僚机，配合KF-21组成有人-无人编队,https://news.qq.com/rain/a/20250228A0033800,222,https://news.qq.com/rain/a/20250228A0033800
哥伦比亚海军新型护卫舰选择全套萨博传感器，准备在国内船厂生产,https://news.qq.com/rain/a/20250301A06MR100,222,https://news.qq.com/rain/a/20250301A06MR100
烎！实弹射击飞行训练，火箭弹呼啸而出,https://news.qq.com/rain/a/20250228A092P800,222,https://news.qq.com/rain/a/20250228A092P800
七代机研制开始了？中国爆震发动机新突破,https://news.qq.com/rain/a/20250217V09KP300,222,https://news.qq.com/rain/a/20250217V09KP300
武警银川支队隆重举行春季士兵退役仪式,https://news.qq.com/rain/a/20250302V02IRI00,222,https://news.qq.com/rain/a/20250302V02IRI00
“铁穹”变“金穹”，特朗普变更美反导计划名称，有何意图？,https://news.qq.com/rain/a/20250228A08VHP00,222,https://news.qq.com/rain/a/20250228A08VHP00
刚交付就摔机！台湾自造战机靠谱吗？,https://news.qq.com/rain/a/20250219V07Y1800,222,https://news.qq.com/rain/a/20250219V07Y1800
凤凰记者现场报道 乌老人：儿子在战斗中牺牲 女婿正在战场上 年轻人：很想改变我们的未来,https://news.qq.com/rain/a/20250228V0569D00,222,https://news.qq.com/rain/a/20250228V0569D00
新西兰防长继续炒作055编队实弹演练，距离已经无法提供保护,https://news.qq.com/rain/a/20250228A0369300,222,https://news.qq.com/rain/a/20250228A0369300
解放军一直没改名，如果台湾省回归后，会改名“人民军”吗？,https://news.qq.com/rain/a/20250301V071E300,222,https://news.qq.com/rain/a/20250301V071E300
朝鲜真的如韩媒所言即使战损严重也将继续向俄罗斯库尔斯克增兵吗？,https://news.qq.com/rain/a/20250227A09VA900,222,https://news.qq.com/rain/a/20250227A09VA900
告别哨位 武警官兵举行春季退役仪式,https://news.qq.com/rain/a/20250301A03A8G00,222,https://news.qq.com/rain/a/20250301A03A8G00
总台专访我驻澳大使：澳方应客观理性看待中国军舰相关活动,https://news.qq.com/rain/a/20250228A01QV500,222,https://news.qq.com/rain/a/20250228A01QV500
新修订的共同条令有14个主要改点,https://news.qq.com/rain/a/20250228A08US800,222,https://news.qq.com/rain/a/20250228A08US800
胡塞武装袭击红海商船的无人艇简易爆炸装置,https://news.qq.com/rain/a/20250301A002LL00,222,https://news.qq.com/rain/a/20250301A002LL00
解放军换装QJB201轻机枪，采用双路供弹，步兵班作战能力大幅提升,https://news.qq.com/rain/a/20250219V04H7200,222,https://news.qq.com/rain/a/20250219V04H7200
男友大学毕业去参军，退伍季女孩奔向了她的守护神,https://news.qq.com/rain/a/20250302V04IM800,222,https://news.qq.com/rain/a/20250302V04IM800
俄乌冲突爆发后，俄宣布战略导弹进入特别执勤状态，美国能看懂,https://news.qq.com/rain/a/20250228A032QB00,222,https://news.qq.com/rain/a/20250228A032QB00
解放军075打击群，现身台岛东南2个方向，台舰出海跟踪窥望,https://news.qq.com/rain/a/20250228V078H500,222,https://news.qq.com/rain/a/20250228V078H500
徐广田是铁道游击队创始人，为何抗战胜利后，他叛逃加入国军,https://news.qq.com/rain/a/20250225V04TFI00,222,https://news.qq.com/rain/a/20250225V04TFI00
俄专家：欧盟自建军队是“空洞的喧嚣”,https://news.qq.com/rain/a/20250301A04B7400,222,https://news.qq.com/rain/a/20250301A04B7400
2039年的中国海军，拥有17个打击群，总吨位750万超过美军,https://news.qq.com/rain/a/20250208V053HL00,222,https://news.qq.com/rain/a/20250208V053HL00
乌克兰战俘称有恶性肿瘤患者被强制动员参军,https://news.qq.com/rain/a/20250228A077A600,222,https://news.qq.com/rain/a/20250228A077A600
退伍季 | 最后一次以这样的方式告别军营,https://news.qq.com/rain/a/20250301A01YFB00,222,https://news.qq.com/rain/a/20250301A01YFB00
光荣门第添新喜,https://news.qq.com/rain/a/20250228A09N2700,222,https://news.qq.com/rain/a/20250228A09N2700
兵哥哥退伍后迎接他的不是鲜花而是滑铲,https://news.qq.com/rain/a/20250302A03J0P00,222,https://news.qq.com/rain/a/20250302A03J0P00
全国人大代表王文毅：我们生活在一个有梦可追、追梦必成的时代！,https://news.qq.com/rain/a/20250301A06N7700,222,https://news.qq.com/rain/a/20250301A06N7700
外媒称沈飞六代无尾机有可旋转的翼尖，神奇之处或超出外界想象,https://news.qq.com/rain/a/20250214V081UV00,222,https://news.qq.com/rain/a/20250214V081UV00
高原战士教你“跳眼测距法”,https://news.qq.com/rain/a/20250302V02ISJ00,222,https://news.qq.com/rain/a/20250302V02ISJ00
乌军逼艺术家记者上前线，俄军出动扎波罗热抢锰矿,https://news.qq.com/rain/a/20250228A06PMU00,222,https://news.qq.com/rain/a/20250228A06PMU00
美媒高度评价中国特种部队：战斗力直逼美军,https://news.qq.com/rain/a/20250227V041U200,222,https://news.qq.com/rain/a/20250227V041U200
俄罗斯媒体怀疑：成飞和沈飞放飞的，可能是“白帝”战斗机,https://news.qq.com/rain/a/20250126V06WUS00,222,https://news.qq.com/rain/a/20250126V06WUS00
装都不装了：美国现役少将现身台湾“汉光演习”，传递最新指示？,https://news.qq.com/rain/a/20250228A04BXD00,222,https://news.qq.com/rain/a/20250228A04BXD00
港媒：为应对台海冲突，解放军或为机器狗搭载温压弹,https://news.qq.com/rain/a/20250228V06ECV00,222,https://news.qq.com/rain/a/20250228V06ECV00
坦克分队展示火炎焱燚！,https://news.qq.com/rain/a/20250228A0A19700,222,https://news.qq.com/rain/a/20250228A0A19700
无人机决胜负--乌克兰战争如何重塑美军陆战格局？,https://news.qq.com/rain/a/20250228A06XG800,222,https://news.qq.com/rain/a/20250228A06XG800
退伍季 | 转身，我们难说再见,https://news.qq.com/rain/a/20250301A048V200,222,https://news.qq.com/rain/a/20250301A048V200
不说离别，只愿你前路漫漫亦灿灿！,https://news.qq.com/rain/a/20250302A01SPD00,222,https://news.qq.com/rain/a/20250302A01SPD00
“战友把我捧在手心”——退伍老兵花式合影,https://news.qq.com/rain/a/20250301A07MQE00,222,https://news.qq.com/rain/a/20250301A07MQE00
解放军4艘战舰编队实战演练:火炮密集发射 对“敌”猛攻多轮次打击,https://news.qq.com/rain/a/20250228V04C4B00,222,https://news.qq.com/rain/a/20250228V04C4B00
波兰外长: 欧洲国家不会组建“欧洲军”,https://news.qq.com/rain/a/20250217V04D3K00,222,https://news.qq.com/rain/a/20250217V04D3K00
美军的火炮以后靠印度供应？是印军工崛起，还是美军工彻底崩盘？,https://news.qq.com/rain/a/20250301A075KM00,222,https://news.qq.com/rain/a/20250301A075KM00
普京：俄美可以讨论削减军费开支，如果中国愿意，以后也可以加入,https://news.qq.com/rain/a/20250227V09KVX00,222,https://news.qq.com/rain/a/20250227V09KVX00
美国福特航母电磁弹射器落后于中国一代，是从娘胎里带来的问题,https://news.qq.com/rain/a/20250208V02LMO00,222,https://news.qq.com/rain/a/20250208V02LMO00
俄称控制两处居民点 乌称阻止俄军进攻,https://news.qq.com/rain/a/20250302A01O4900,222,https://news.qq.com/rain/a/20250302A01O4900
055万吨大驱：中国海军王牌，对世界产生多大冲击？,https://news.qq.com/rain/a/20250228V06SA500,222,https://news.qq.com/rain/a/20250228V06SA500
老兵发现了我的致命秘密，说放我一马全当修行,https://news.qq.com/rain/a/20250221A08IRM00,222,https://news.qq.com/rain/a/20250221A08IRM00
大谈心、大家访、大讨论丨架起“连心桥”！火箭军某部用真情实举凝聚兵心,https://news.qq.com/rain/a/20250302A02AEO00,222,https://news.qq.com/rain/a/20250302A02AEO00
赴约而来！八一飞行表演队时隔10年再赴泰表演,https://news.qq.com/rain/a/20250302A03E6G00,222,https://news.qq.com/rain/a/20250302A03E6G00
中国维和女警亮相联合国安理会会议,https://news.qq.com/rain/a/20250228A09Y1Z00,222,https://news.qq.com/rain/a/20250228A09Y1Z00
看不够！战机直冲云霄精彩瞬间,https://news.qq.com/rain/a/20250301A0576S00,222,https://news.qq.com/rain/a/20250301A0576S00
又是一年退伍季，不舍战友，武警铜仁支队退役士兵泪别现场,https://news.qq.com/rain/a/20250302V03MQH00,222,https://news.qq.com/rain/a/20250302V03MQH00
国家记忆：朝鲜战场局势险峻 侵朝敌军13万兵力疯狂推进 麦克阿瑟扬言感恩节前结束战争,https://news.qq.com/rain/a/20250228V05W8H00,222,https://news.qq.com/rain/a/20250228V05W8H00
美军KC-46加油机发现裂缝全面停飞，进一步加剧加油机队短缺,https://news.qq.com/rain/a/20250302A05C8H00,222,https://news.qq.com/rain/a/20250302A05C8H00
俄军深夜强渡第聂伯河，泽连斯基怒不可遏，乌军司令一撸到底,https://news.qq.com/rain/a/20250301V0455L00,222,https://news.qq.com/rain/a/20250301V0455L00
苏提达白色军装飒爽，屈膝礼3次才敢落座，脚踩恨天高令人捏把汗,https://news.qq.com/rain/a/20250302V0141900,222,https://news.qq.com/rain/a/20250302V0141900
美测量船频频进入台海，解放军紧盯其一举一动,https://news.qq.com/rain/a/20250226A06DUL00,222,https://news.qq.com/rain/a/20250226A06DUL00
美乌元首白宫上演“分手擂台”蔡正元：泽连斯基已经走到“终点站”，乌克兰老百姓和军队最可怜!,https://news.qq.com/rain/a/20250302V02Z1G00,222,https://news.qq.com/rain/a/20250302V02Z1G00
荣耀时刻！洪山军地携手送喜报，二等功臣占昭伟载誉归家,https://news.qq.com/rain/a/20250228A07PLW00,222,https://news.qq.com/rain/a/20250228A07PLW00
致敬！海空雄鹰版《如愿》致敬人民空军,https://news.qq.com/rain/a/20250301A07NSO00,222,https://news.qq.com/rain/a/20250301A07NSO00
王正国院士：不让冲击伤研究留下空白,https://news.qq.com/rain/a/20250228A02L4Y00,222,https://news.qq.com/rain/a/20250228A02L4Y00
助力迈好军旅生涯“第一步”！广州越秀多元举措严把兵员质量关,https://news.qq.com/rain/a/20250301A06G6M00,222,https://news.qq.com/rain/a/20250301A06G6M00
山西平鲁区军地联合为立功军人家庭送喜报,https://news.qq.com/rain/a/20250228A06J3600,222,https://news.qq.com/rain/a/20250228A06J3600
关于国产GL6型主动防护系统，你想知道的来了！,https://news.qq.com/rain/a/20250207V074TR00,222,https://news.qq.com/rain/a/20250207V074TR00
当退伍兵遇到“显眼包”接站 网友：在最光荣的时刻丢了最大的人,https://news.qq.com/rain/a/20250302V03N6700,222,https://news.qq.com/rain/a/20250302V03N6700
波音KC-46A加油机出现结构裂缝 美国空军下令对整个机队进行检查,https://news.qq.com/rain/a/20250301A07IB300,222,https://news.qq.com/rain/a/20250301A07IB300
美乌大吵之际，俄军蚕食库尔斯克乌占区，边境线上开辟第三战场,https://news.qq.com/rain/a/20250301V06SVZ00,222,https://news.qq.com/rain/a/20250301V06SVZ00
飞行的薄饼战斗机：颠覆传统飞机设计的沃特V-173圆翼舰载机,https://news.qq.com/rain/a/20250209V009Q100,222,https://news.qq.com/rain/a/20250209V009Q100
俄称发动多轮集群打击 乌称袭击俄炼油厂,https://news.qq.com/rain/a/20250301A07BVI00,222,https://news.qq.com/rain/a/20250301A07BVI00
“空中战神”轰-6K战机有多强？军事专家的骄傲神情快溢出屏幕了,https://news.qq.com/rain/a/20250301V06WJZ00,222,https://news.qq.com/rain/a/20250301V06WJZ00
再走一趟巡逻路、再吹一次起床号……退伍老兵深情告别边防线,https://news.qq.com/rain/a/20250301A06Z3H00,222,https://news.qq.com/rain/a/20250301A06Z3H00
​深入应征青年家庭 大浪街道开展2025年春季征兵政治考核工作,https://news.qq.com/rain/a/20250301A04OSN00,222,https://news.qq.com/rain/a/20250301A04OSN00
赓续79年红色血脉 他们接过“东北老航校”的接力棒,https://news.qq.com/rain/a/20250301A01I2700,222,https://news.qq.com/rain/a/20250301A01I2700
全国人大代表王鹍龙：始终保持冲锋姿态,https://news.qq.com/rain/a/20250228A04KJ300,222,https://news.qq.com/rain/a/20250228A04KJ300
牛！炮手展示超强“绝活”用炮管写字,https://news.qq.com/rain/a/20250302A02LIH00,222,https://news.qq.com/rain/a/20250302A02LIH00
又是一年退伍季，约定好笑着告别，可又怎能忍住泪水,https://news.qq.com/rain/a/20250302V02A8Z00,222,https://news.qq.com/rain/a/20250302V02A8Z00
我驻澳大使：澳方应以客观理性的眼光看待中澳关系,https://news.qq.com/rain/a/20250228V05AAJ00,222,https://news.qq.com/rain/a/20250228V05AAJ00
特朗普军改第二刀：非洲司令部,https://news.qq.com/rain/a/20250228A022AR00,222,https://news.qq.com/rain/a/20250228A022AR00
苏-57秀完肌肉回不了家，飞到半路座舱盖掉了？情况有点诡异,https://news.qq.com/rain/a/20250301V05JMV00,222,https://news.qq.com/rain/a/20250301V05JMV00
一身戎装，一生荣光！转身亦是出征,https://news.qq.com/rain/a/20250302V02QHW00,222,https://news.qq.com/rain/a/20250302V02QHW00
波音再出洋相：美军KC-46加油机发现裂缝 将检查现役89架同型飞机,https://news.qq.com/rain/a/20250301A04RIQ00,222,https://news.qq.com/rain/a/20250301A04RIQ00
特朗普向普京做出妥协，乌军心气已经泄了，库拉霍沃战线被俄打崩,https://news.qq.com/rain/a/20250217V063XZ00,222,https://news.qq.com/rain/a/20250217V063XZ00
韩美3月将继续军演，朝鲜批美韩加剧半岛紧张,https://news.qq.com/rain/a/20250228A04TF300,222,https://news.qq.com/rain/a/20250228A04TF300
无人机助力军事运输保障,https://news.qq.com/rain/a/20250228A0395O00,222,https://news.qq.com/rain/a/20250228A0395O00
东风漫画 | 退伍季，他们用这种方式告别……,https://news.qq.com/rain/a/20250301A02ERH00,222,https://news.qq.com/rain/a/20250301A02ERH00
赛博爱国的最终形态，是人形自走50万吗？,https://news.qq.com/rain/a/20250227A09QOJ00,222,https://news.qq.com/rain/a/20250227A09QOJ00
【军政态势】强化制海能力：以色列海军实射“天使五型”反舰导弹,https://news.qq.com/rain/a/20250227A09ANO00,222,https://news.qq.com/rain/a/20250227A09ANO00
六代机不在话下，七代机首飞还要看中国,https://news.qq.com/rain/a/20250106V04B6Z00,222,https://news.qq.com/rain/a/20250106V04B6Z00
骑兵退伍，泪别战马！,https://news.qq.com/rain/a/20250302V04EFO00,222,https://news.qq.com/rain/a/20250302V04EFO00
谋求引入核潜艇 韩国能否“如愿”？,https://news.qq.com/rain/a/20250302A03C5Y00,222,https://news.qq.com/rain/a/20250302A03C5Y00
俄罗斯开出停战条件！俄乌冲突将走向何方？,https://news.qq.com/rain/a/20250225V07MUU00,222,https://news.qq.com/rain/a/20250225V07MUU00
设计超前却又遭嫌弃的黑科技武器,https://news.qq.com/rain/a/20250302V01E4D00,222,https://news.qq.com/rain/a/20250302V01E4D00
俄称在多地发动攻势 摧毁乌无人机控制点,https://news.qq.com/rain/a/20250228A00REV00,222,https://news.qq.com/rain/a/20250228A00REV00
说起四川舰军事专家忍不住“凡尔赛”：我们客观地、谦虚地说......,https://news.qq.com/rain/a/20250302V05VAB00,222,https://news.qq.com/rain/a/20250302V05VAB00
老兵们的最后一次，难说再见！,https://news.qq.com/rain/a/20250301A03T3W00,222,https://news.qq.com/rain/a/20250301A03T3W00
全域掌控！和海军战鹰一起巡弋空天,https://news.qq.com/rain/a/20250301A05UDP00,222,https://news.qq.com/rain/a/20250301A05UDP00
这堂课，左权外孙沙峰为预定新兵注入红色基因,https://news.qq.com/rain/a/20250302A04NYP00,222,https://news.qq.com/rain/a/20250302A04NYP00
荣耀时刻！2025自贡退役士兵光荣返乡,https://news.qq.com/rain/a/20250301A075GS00,222,https://news.qq.com/rain/a/20250301A075GS00
酷炫！战机春日训练壁纸上新,https://news.qq.com/rain/a/20250228A02SRO00,222,https://news.qq.com/rain/a/20250228A02SRO00
当领花卸下那一刻，老兵们再也抑制不住眼中的泪水,https://news.qq.com/rain/a/20250302V02S3E00,222,https://news.qq.com/rain/a/20250302V02S3E00
滴！孩子们收到不一样的军迷体验卡,https://news.qq.com/rain/a/20250228A0220900,222,https://news.qq.com/rain/a/20250228A0220900
浅析：米尼米机枪为何受到各国军队的追捧？为作战需要进行设计,https://news.qq.com/rain/a/20250228A0577E00,222,https://news.qq.com/rain/a/20250228A0577E00
俄乌战争双输真相：美俄欧乌全惨败！“战争无赢家”时代已至,https://news.qq.com/rain/a/20250228V05K2X00,222,https://news.qq.com/rain/a/20250228V05K2X00
真实的空中航母,https://news.qq.com/rain/a/20250207V010AD00,222,https://news.qq.com/rain/a/20250207V010AD00
国防部新闻发言人就中美两军交往等答记者问,https://news.qq.com/rain/a/20250227A09V1K00,222,https://news.qq.com/rain/a/20250227A09V1K00
乌军为守扎波罗热也是拼了，100万枚地雷被抛洒在20平方公里的区域内！够俄军喝一壶的了,https://news.qq.com/rain/a/20250301V07WOU00,222,https://news.qq.com/rain/a/20250301V07WOU00
中部砺剑 | 雷达飞旋，尖兵出动！,https://news.qq.com/rain/a/20250228A041MX00,222,https://news.qq.com/rain/a/20250228A041MX00
中国第23批赴黎巴嫩维和部队多功能工兵分队高标准通过联黎部队军事能力评估,https://news.qq.com/rain/a/20250228A05JGV00,222,https://news.qq.com/rain/a/20250228A05JGV00
青春最美是军旅，晚会送别最美老兵,https://news.qq.com/rain/a/20250228A07BVW00,222,https://news.qq.com/rain/a/20250228A07BVW00
宝安区组织慰问民兵教练员集训队,https://news.qq.com/rain/a/20250228A078G800,222,https://news.qq.com/rain/a/20250228A078G800
恭城：热烈欢送退役军人光荣返乡,https://news.qq.com/rain/a/20250228A0A5WR00,222,https://news.qq.com/rain/a/20250228A0A5WR00
国产QCQ-171轻型冲锋枪，你玩过吗？,https://news.qq.com/rain/a/20250215V05YC700,222,https://news.qq.com/rain/a/20250215V05YC700
全国人大代表李媛媛：做新时代党的创新理论的“播火者”,https://news.qq.com/rain/a/20250301V07IZ400,222,https://news.qq.com/rain/a/20250301V07IZ400
笑死，美军高超导弹的这个名场面，还得继续,https://news.qq.com/rain/a/20250227A09SAL00,222,https://news.qq.com/rain/a/20250227A09SAL00
大批西方武器被运输到乌克兰，俄军为何未拦截？,https://news.qq.com/rain/a/20250129V04LME00,222,https://news.qq.com/rain/a/20250129V04LME00
温压弹的威力有多大？一发过去，房间里的敌人瞬间被烤熟！,https://news.qq.com/rain/a/20250116V0795300,222,https://news.qq.com/rain/a/20250116V0795300
与五角大楼的战斗丨刊中人,https://news.qq.com/rain/a/20250228A096AK00,222,https://news.qq.com/rain/a/20250228A096AK00
盘点中国世界第一的武器！它们的战力到底有多强？,https://news.qq.com/rain/a/20250228V06TT400,222,https://news.qq.com/rain/a/20250228V06TT400
欢迎回家！21名鹤山籍退役士兵光荣返乡,https://news.qq.com/rain/a/20250302A05B1E00,222,https://news.qq.com/rain/a/20250302A05B1E00
夜听：油料兵的如山情怀,https://news.qq.com/rain/a/20250228A090TH00,222,https://news.qq.com/rain/a/20250228A090TH00
送战友，踏征程！,https://news.qq.com/rain/a/20250228A08ES500,222,https://news.qq.com/rain/a/20250228A08ES500
既是十年之约又是友谊之旅，中国蓝天仪仗队再赴泰国,https://news.qq.com/rain/a/20250302A03Q8W00,222,https://news.qq.com/rain/a/20250302A03Q8W00
致敬！535名保定官兵去年立功受奖,https://news.qq.com/rain/a/20250302A0276N00,222,https://news.qq.com/rain/a/20250302A0276N00
又是一年退伍季，她手捧鲜花，在人群中一眼认出他,https://news.qq.com/rain/a/20250302V04DE600,222,https://news.qq.com/rain/a/20250302V04DE600
乌袭击这一天然气管道？俄外长：将采取行动,https://news.qq.com/rain/a/20250302V04FWR00,222,https://news.qq.com/rain/a/20250302V04FWR00
中国加速建设导弹防御系统，印度“烈火”导弹恐沦为烧火棍,https://news.qq.com/rain/a/20250302V03EGJ00,222,https://news.qq.com/rain/a/20250302V03EGJ00
现场视频：空军八一飞行表演队飞赴泰国,https://news.qq.com/rain/a/20250302V04GRD00,222,https://news.qq.com/rain/a/20250302V04GRD00
韩国再度讨论核潜艇计划,https://news.qq.com/rain/a/20250228A02QQF00,222,https://news.qq.com/rain/a/20250228A02QQF00
即将满3年的俄乌之战还会打下去吗？专家解读,https://news.qq.com/rain/a/20250208V0340P00,222,https://news.qq.com/rain/a/20250208V0340P00
民勤：严把“政治关” 筑牢强军根基,https://news.qq.com/rain/a/20250301A06XHD00,222,https://news.qq.com/rain/a/20250301A06XHD00
“雪龙2”号完成大洋调查任务,https://news.qq.com/rain/a/20250301A075HW00,222,https://news.qq.com/rain/a/20250301A075HW00
“三送+”！湖北省今年“三送”进军营活动“礼包”再升级,https://news.qq.com/rain/a/20250228A08NQH00,222,https://news.qq.com/rain/a/20250228A08NQH00
这场仪式，致敬退伍老兵,https://news.qq.com/rain/a/20250301A031V600,222,https://news.qq.com/rain/a/20250301A031V600
不一样的“淬火”之旅！广州天河300余名预定新兵开启役前教育,https://news.qq.com/rain/a/20250228A02SHW00,222,https://news.qq.com/rain/a/20250228A02SHW00
屏住呼吸！感受“战神”轰-6K带来的压迫感,https://news.qq.com/rain/a/20250217V04YW600,222,https://news.qq.com/rain/a/20250217V04YW600
1945年录像，美军拆解烧毁千架日本飞机，钢铁巨鸟全被当玩具粉碎,https://news.qq.com/rain/a/20250228V02RQS00,222,https://news.qq.com/rain/a/20250228V02RQS00
美空军力量设计主管：下一代有人战斗机缺失将致空军战力下滑,https://news.qq.com/rain/a/20250228A01J5W00,222,https://news.qq.com/rain/a/20250228A01J5W00
在泽连斯基与特朗普冲突之后俄罗斯已向乌克兰发动一百多起无人机攻击,https://news.qq.com/rain/a/20250302V00MC100,222,https://news.qq.com/rain/a/20250302V00MC100
国防部正告民进党当局“螳臂当车只能自取灭亡”，介文汲奉劝民进党：不要把台湾人往“火坑”里推,https://news.qq.com/rain/a/20250301V07E2B00,222,https://news.qq.com/rain/a/20250301V07E2B00
美军舰机事故频发引关注,https://news.qq.com/rain/a/20250228A048XM00,222,https://news.qq.com/rain/a/20250228A048XM00
俄乌黎明前的黑暗，北约军演步步逼近，俄罗斯发动大规模夜袭,https://news.qq.com/rain/a/20250227V07AGP00,222,https://news.qq.com/rain/a/20250227V07AGP00
从“装步尖兵”到“坦克教头”,https://news.qq.com/rain/a/20250228A0345E00,222,https://news.qq.com/rain/a/20250228A0345E00
美好的周末，你如何度过？,https://news.qq.com/rain/a/20250302A048IB00,222,https://news.qq.com/rain/a/20250302A048IB00
退伍季 | @敬爱的老兵，心里有话对你说......,https://news.qq.com/rain/a/20250302A04LKP00,222,https://news.qq.com/rain/a/20250302A04LKP00
牛！七星关多了一支“空中奇兵”！,https://news.qq.com/rain/a/20250301A05O8200,222,https://news.qq.com/rain/a/20250301A05O8200
张平坤：发射架下砺精兵 强军征程写忠诚,https://news.qq.com/rain/a/20250228A04TP100,222,https://news.qq.com/rain/a/20250228A04TP100
2025世界特警挑战赛Day1之韩国笑料，中国B队最终夺冠！,https://news.qq.com/rain/a/20250226V0495300,222,https://news.qq.com/rain/a/20250226V0495300
观六路 听八方！潜艇水下“顺风耳”：声呐，该如何配置？,https://news.qq.com/rain/a/20250221V04USG00,222,https://news.qq.com/rain/a/20250221V04USG00
央视不再低调：歼-35一旦登上航母将成全球最强舰载战斗机,https://news.qq.com/rain/a/20250301V062CC00,222,https://news.qq.com/rain/a/20250301V062CC00
曾横扫欧洲的德军精锐：为什么会被刚过新手期的盟军，一路平推？,https://news.qq.com/rain/a/20250301V069BT00,222,https://news.qq.com/rain/a/20250301V069BT00
美陆军将装备高超音速武器,https://news.qq.com/rain/a/20250228A04OTH00,222,https://news.qq.com/rain/a/20250228A04OTH00
乌军阵亡人数甚巨，泽连斯基只公布46000人，还做胜利大梦太无耻,https://news.qq.com/rain/a/20250218V06HLX00,222,https://news.qq.com/rain/a/20250218V06HLX00
若有战，召必回！老兵，再会！,https://news.qq.com/rain/a/20250301A06N7A00,222,https://news.qq.com/rain/a/20250301A06N7A00
八一飞行表演队将赴泰国表演！期待“中国蓝天仪仗队” 再次惊艳世界,https://news.qq.com/rain/a/20250302A04IQI00,222,https://news.qq.com/rain/a/20250302A04IQI00
冬季大练兵丨聚焦目标强训练 提质增能热潮涌,https://news.qq.com/rain/a/20250228A09FA600,222,https://news.qq.com/rain/a/20250228A09FA600
沙头角街道武装部开展春季征兵政治考核工作,https://news.qq.com/rain/a/20250227A09SVF00,222,https://news.qq.com/rain/a/20250227A09SVF00
硬核操作！武警重庆总队机动支队综合救援演练掠影,https://news.qq.com/rain/a/20250228A01TVV00,222,https://news.qq.com/rain/a/20250228A01TVV00
六代机配弹超脱现实！垂直打击可能开始测试！高超音速空射导弹,https://news.qq.com/rain/a/20250205V04BP600,222,https://news.qq.com/rain/a/20250205V04BP600
不小心成为海地国王的海军陆战队士兵：海兵队准尉如何逆袭成岛国君主？,https://news.qq.com/rain/a/20250127V0507O00,222,https://news.qq.com/rain/a/20250127V0507O00
055编队绕澳航行，塔斯马尼亚当地居民产生误解，感到机会来了,https://news.qq.com/rain/a/20250301V06HX400,222,https://news.qq.com/rain/a/20250301V06HX400
沈飞机库门口的神秘飞机是什么，第三种六代机还是忠诚僚机？,https://news.qq.com/rain/a/20250113V05F1O00,222,https://news.qq.com/rain/a/20250113V05F1O00
龙华区人武部慰问参训民兵教练员,https://news.qq.com/rain/a/20250301A039KA00,222,https://news.qq.com/rain/a/20250301A039KA00
史上首次！美航母战斗群进抵冲绳，中方攻击-2无人机贴脸开大,https://news.qq.com/rain/a/20250301V0732M00,222,https://news.qq.com/rain/a/20250301V0732M00
战鹰列阵！带你领略实弹射击飞行训练高燃时刻,https://news.qq.com/rain/a/20250228A08FOT00,222,https://news.qq.com/rain/a/20250228A08FOT00
荣获多项全省荣誉，泰山区退役军人服务再上新台阶,https://news.qq.com/rain/a/20250301A03QGR00,222,https://news.qq.com/rain/a/20250301A03QGR00
武警官兵与“雷小锋”们共绘新时代雷锋画卷,https://news.qq.com/rain/a/20250228A08XZ400,222,https://news.qq.com/rain/a/20250228A08XZ400
硝烟弥漫！9图走进防化兵的硬核战场,https://news.qq.com/rain/a/20250228A09ZI600,222,https://news.qq.com/rain/a/20250228A09ZI600
中国六代机颠覆性变化，机翼看似超F-22三倍，优势究竟有多大？,https://news.qq.com/rain/a/20250214V051VM00,222,https://news.qq.com/rain/a/20250214V051VM00
能文能武！从女大学生到侦察参谋，她超酷 诶～,https://news.qq.com/rain/a/20250225V07PLS00,222,https://news.qq.com/rain/a/20250225V07PLS00
马斯克审查五角大楼，巨大财务黑洞曝光，帝国大厦已是千疮百孔,https://news.qq.com/rain/a/20250213V04E5J00,222,https://news.qq.com/rain/a/20250213V04E5J00
人比雷达还管用？自带观景舱的大西洋2反潜机，如何作战？,https://news.qq.com/rain/a/20250225V06PA100,222,https://news.qq.com/rain/a/20250225V06PA100
边疆官兵，争当雷锋传人！,https://news.qq.com/rain/a/20250301A02VEJ00,222,https://news.qq.com/rain/a/20250301A02VEJ00
暗度陈仓，釜底抽薪，鸟尽弓藏——特朗普三招终结俄乌冲突？,https://news.qq.com/rain/a/20250220V03YPR00,222,https://news.qq.com/rain/a/20250220V03YPR00
走进“读书育人模范连”，感受读书的力量,https://news.qq.com/rain/a/20250302A02YGC00,222,https://news.qq.com/rain/a/20250302A02YGC00
集训赋能，锻造过硬“兵教头”！,https://news.qq.com/rain/a/20250228A090TC00,222,https://news.qq.com/rain/a/20250228A090TC00
辽宁多举措为退役军人搭建干事创业平台,https://news.qq.com/rain/a/20250228A01UYI00,222,https://news.qq.com/rain/a/20250228A01UYI00
120秒看八一飞行表演队炫舞蓝天,https://news.qq.com/rain/a/20250302A04F3W00,222,https://news.qq.com/rain/a/20250302A04F3W00
诵读经典，他们这样铸牢信仰根基,https://news.qq.com/rain/a/20250228A02IOQ00,222,https://news.qq.com/rain/a/20250228A02IOQ00
沉浸式体验 苏制SKS系列三种装弹方式 你最喜欢哪一种？,https://news.qq.com/rain/a/20250301V06U8500,222,https://news.qq.com/rain/a/20250301V06U8500
复盘第一次阿拉曼战役，隆美尔跌落神坛！德军以少胜多，却踢到了铁板！,https://news.qq.com/rain/a/20250206V07LZ600,222,https://news.qq.com/rain/a/20250206V07LZ600
钢铁侠遇上五角大楼：解剖马斯克对美国军费黑洞的“刮骨疗法”,https://news.qq.com/rain/a/20250227V038US00,222,https://news.qq.com/rain/a/20250227V038US00
打上气就能飞的充气飞机：军事史上的另类尝试，逃生神器还是空中惊魂？,https://news.qq.com/rain/a/20250128V03B0A00,222,https://news.qq.com/rain/a/20250128V03B0A00
万里街道丨举旗铸魂、向战聚力、融合共进！共谱党管武装万里新篇,https://news.qq.com/rain/a/20250228A06G5E00,222,https://news.qq.com/rain/a/20250228A06G5E00
以军不讲规则消灭敌人，特朗普认为值得学习，大国不讲武德很可怕,https://news.qq.com/rain/a/20250302V05D9E00,222,https://news.qq.com/rain/a/20250302V05D9E00
战场救护需要哪些步骤？看陆军女兵硬核展示,https://news.qq.com/rain/a/20250228A038V500,222,https://news.qq.com/rain/a/20250228A038V500
深海大洋砺精兵,https://news.qq.com/rain/a/20250228A03ZLE00,222,https://news.qq.com/rain/a/20250228A03ZLE00
武警官兵与“雷小锋”共立信仰之约 这场宣讲活动声入人心,https://news.qq.com/rain/a/20250301A06DAF00,222,https://news.qq.com/rain/a/20250301A06DAF00
告别军营，最后一个军礼敬给自己,https://news.qq.com/rain/a/20250301A049MO00,222,https://news.qq.com/rain/a/20250301A049MO00
“士说心语丨我的破茧时刻”征稿启事,https://news.qq.com/rain/a/20250228A092YR00,222,https://news.qq.com/rain/a/20250228A092YR00
歼-16：中国空军的全能战神,https://news.qq.com/rain/a/20250302V03JP500,222,https://news.qq.com/rain/a/20250302V03JP500
舞台虽不同，本色永不改，若有战，召必回！,https://news.qq.com/rain/a/20250301V04O2J00,222,https://news.qq.com/rain/a/20250301V04O2J00
第二个叙利亚出现？俄乌冲突还没有结束，普京就开始布局北非,https://news.qq.com/rain/a/20250228V054MX00,222,https://news.qq.com/rain/a/20250228V054MX00
空军首款三发战机，歼36并不难看，内置弹舱可以带两枚高超弹,https://news.qq.com/rain/a/20250205V080IX00,222,https://news.qq.com/rain/a/20250205V080IX00
多元培训助力“兵记者”技能飞跃,https://news.qq.com/rain/a/20250228A08OC200,222,https://news.qq.com/rain/a/20250228A08OC200
北斗导航+高精度！中国核鱼雷实力强悍，比波塞冬更先进！,https://news.qq.com/rain/a/20250228V06T7I00,222,https://news.qq.com/rain/a/20250228V06T7I00
微澜·织光者｜又到一年退伍季：去时懵懂少年 归时顶天立地,https://news.qq.com/rain/a/20250302V04WUM00,222,https://news.qq.com/rain/a/20250302V04WUM00
退伍返乡航班上，遇见暖心一幕……,https://news.qq.com/rain/a/20250301V07EFI00,222,https://news.qq.com/rain/a/20250301V07EFI00
俄罗斯专家杜金提醒普京：现在不是停战的时候,https://news.qq.com/rain/a/20250228V0652400,222,https://news.qq.com/rain/a/20250228V0652400
特朗普回应解放军收台，对美军是否出兵一个字都不说,https://news.qq.com/rain/a/20250227V0898600,222,https://news.qq.com/rain/a/20250227V0898600
超近距离，和延安舰一起劈波斩浪！,https://news.qq.com/rain/a/20250205V02IMT00,222,https://news.qq.com/rain/a/20250205V02IMT00
鱼和熊掌兼得？俄罗斯停火条件解析,https://news.qq.com/rain/a/20250228V094AC00,222,https://news.qq.com/rain/a/20250228V094AC00
丑出天际的M45头盔：造型奇葩但内心温暖，什么魔力让东德士兵爱不释手？,https://news.qq.com/rain/a/20250129V03F7500,222,https://news.qq.com/rain/a/20250129V03F7500
以色列眼中的军事强国是谁，美国还是俄罗斯？结合地图了解一下,https://news.qq.com/rain/a/20250201V068OF00,222,https://news.qq.com/rain/a/20250201V068OF00
美航母刚进琉球，运-9就在上空搜寻核潜艇？,https://news.qq.com/rain/a/20250301V057A100,222,https://news.qq.com/rain/a/20250301V057A100
解放军再亮大杀器被誉为空中利剑，航程超过4000公里，它有多牛？,https://news.qq.com/rain/a/20250202V02SX100,222,https://news.qq.com/rain/a/20250202V02SX100
俄军导弹齐发，北约教官躺一地，卡车拉走雇佣兵尸体,https://news.qq.com/rain/a/20250301V06B1N00,222,https://news.qq.com/rain/a/20250301V06B1N00
不可思议的防空探照灯，照一照就能击落飞机，如何做到的？,https://news.qq.com/rain/a/20241225V07QRX00,222,https://news.qq.com/rain/a/20241225V07QRX00
新疆军区某团：扎根风雪高原 磨砺胜战本领,https://news.qq.com/rain/a/20250228V04LQJ00,222,https://news.qq.com/rain/a/20250228V04LQJ00
美军F-35C坠海事故现场画面曝光,https://news.qq.com/rain/a/20250211V06NJJ00,222,https://news.qq.com/rain/a/20250211V06NJJ00
新兵，请接枪！,https://news.qq.com/rain/a/20250302V037GA00,222,https://news.qq.com/rain/a/20250302V037GA00
歼-11BG蜕变，配备电子战吊舱和PL-10导弹，到底意味着什么？,https://news.qq.com/rain/a/20250220V02R8E00,222,https://news.qq.com/rain/a/20250220V02R8E00
放弃俄罗斯，购买六艘中国战舰，非洲土豪国军购政策正向中国转移,https://news.qq.com/rain/a/20250205V08CYY00,222,https://news.qq.com/rain/a/20250205V08CYY00
中国海军的“钱学森”，花6年破解潜艇世界难题，为国家赚回上亿元专利费,https://news.qq.com/rain/a/20250117V05J0V00,222,https://news.qq.com/rain/a/20250117V05J0V00
北约秘书长：特朗普与泽连斯基发生争吵是很不幸的；希望泽连斯基能好好思考如何重建与美国人及美国总统的关系,https://news.qq.com/rain/a/20250302V048RD00,222,https://news.qq.com/rain/a/20250302V048RD00
解放军在台海实弹演习，外媒现场提问挖坑，外交部的回应太解气！,https://news.qq.com/rain/a/20250228V03RAA00,222,https://news.qq.com/rain/a/20250228V03RAA00
“退伍”和“退役”有啥区别？原来离开部队也有讲究！,https://news.qq.com/rain/a/20250217V08O5T00,222,https://news.qq.com/rain/a/20250217V08O5T00
为吸引18岁青年参战，泽连斯基颁布优惠政策，不想激怒现役官兵,https://news.qq.com/rain/a/20250215V02LS600,222,https://news.qq.com/rain/a/20250215V02LS600
央视谈“新一代战机” 猎杀能力全方位提升,https://news.qq.com/rain/a/20250206V0561S00,222,https://news.qq.com/rain/a/20250206V0561S00
高校师生观摩记者会！国防部里的学期第一课！,https://news.qq.com/rain/a/20250228V04J0400,222,https://news.qq.com/rain/a/20250228V04J0400
泽连斯基走投无路，想跟俄罗斯互换领土，俄罗斯会同意吗？,https://news.qq.com/rain/a/20250212V073CI00,222,https://news.qq.com/rain/a/20250212V073CI00
朝鲜战争的历史告诉我们，俄乌和平没那么容易降临,https://news.qq.com/rain/a/20250226V06G5N00,222,https://news.qq.com/rain/a/20250226V06G5N00
别眨眼！歼-35A一秒隐身 ！总师揭秘歼-35A隐身术原理,https://news.qq.com/rain/a/20250225V02OFT00,222,https://news.qq.com/rain/a/20250225V02OFT00
若有战，召必回!中国人民解放军退役誓词发布！2025年4月1日起施行,https://news.qq.com/rain/a/20250228V06LKH00,222,https://news.qq.com/rain/a/20250228V06LKH00
亲手将乌克兰拖入战争，泽连斯基咎由自取,https://news.qq.com/rain/a/20250302V0009900,222,https://news.qq.com/rain/a/20250302V0009900
如何看待北约计划修建燃料管道系统，有何目的？,https://news.qq.com/rain/a/20250228V08SYU00,222,https://news.qq.com/rain/a/20250228V08SYU00
不愧是中国实力最强的两大造船厂，3大航母均出自他们之手！,https://news.qq.com/rain/a/20250109V099TW00,222,https://news.qq.com/rain/a/20250109V099TW00
高原女汽车兵和丈夫在执行任务途中短暂相见,https://news.qq.com/rain/a/20250228V03XRJ00,222,https://news.qq.com/rain/a/20250228V03XRJ00
俄军进攻：扎波罗热和顿涅茨克地区西南部【俄乌沙盘】,https://news.qq.com/rain/a/20250302V0362Z00,222,https://news.qq.com/rain/a/20250302V0362Z00
日媒：即便拿下乌克兰稀土矿产，美国也没能力开发,https://news.qq.com/rain/a/20250301V06JHA00,222,https://news.qq.com/rain/a/20250301V06JHA00
2024年中国三航母频现高光时刻 展现了怎样的实力？,https://news.qq.com/rain/a/20250203V05B5700,222,https://news.qq.com/rain/a/20250203V05B5700
史上最幸运的机枪手：两分钟自由落体摔地面，大难不死只因一座车站,https://news.qq.com/rain/a/20250129V03GPD00,222,https://news.qq.com/rain/a/20250129V03GPD00
战前3300辆坦克，打了3年还有7000辆，俄罗斯是怎么做到的？,https://news.qq.com/rain/a/20250204V05T6K00,222,https://news.qq.com/rain/a/20250204V05T6K00
乌军库尔斯克攻势很成功，可惜国力不给力，不然俄军就只能回家了,https://news.qq.com/rain/a/20250222V03WEM00,222,https://news.qq.com/rain/a/20250222V03WEM00
中国诞生新款飞行器，轰20已经不香了,https://news.qq.com/rain/a/20250109V095VL00,222,https://news.qq.com/rain/a/20250109V095VL00
1938年，在日军占领下的开封，美国记者拍摄犹太人后裔,https://news.qq.com/rain/a/20250211V01V8500,222,https://news.qq.com/rain/a/20250211V01V8500
福建舰第六次返厂，中国在为更大的事做准备？,https://news.qq.com/rain/a/20250202V05MIO00,222,https://news.qq.com/rain/a/20250202V05MIO00
俄乌冲突 俄称乌无人机袭击“土耳其溪”设施,https://news.qq.com/rain/a/20250302V0479M00,222,https://news.qq.com/rain/a/20250302V0479M00
美方称解放军模拟打击美军E-2鹰眼预警机 台军严重恐慌 或再购百亿美元武器,https://news.qq.com/rain/a/20250228V059ZL00,222,https://news.qq.com/rain/a/20250228V059ZL00
中国淘汰隐身涂层？六代机或装备新型隐身蒙皮，形成技术壁垒！,https://news.qq.com/rain/a/20250201V03WZ800,222,https://news.qq.com/rain/a/20250201V03WZ800
一天三据点失守，损失63000人后，乌军从库尔斯克溃败撤退,https://news.qq.com/rain/a/20250228V08BGW00,222,https://news.qq.com/rain/a/20250228V08BGW00
菲律宾急赤白脸辟谣：巴拉望岛不是“郑和岛”，那是我们的领土,https://news.qq.com/rain/a/20250301V06I5D00,222,https://news.qq.com/rain/a/20250301V06I5D00
央视军事记者都这么拼吗？被两架灭火飞机连续狂喷水,https://news.qq.com/rain/a/20250302V035RE00,222,https://news.qq.com/rain/a/20250302V035RE00
“中国核潜艇之父”黄旭华逝世，追忆他的这段演讲，仍令人振奋,https://news.qq.com/rain/a/20250207V03MGM00,222,https://news.qq.com/rain/a/20250207V03MGM00
台湾问题纯属中国内政！杨永明：解放军警告美国别来闹事！,https://news.qq.com/rain/a/20250228V08ZSS00,222,https://news.qq.com/rain/a/20250228V08ZSS00
朝鲜军队忽然撤出乌克兰前线：没帮上普京什么忙，自己还损失惨重,https://news.qq.com/rain/a/20250201V026JM00,222,https://news.qq.com/rain/a/20250201V026JM00
军武回顾：歼-10试飞即将来临 代表总工艺师签字的李凤山也是异常紧张,https://news.qq.com/rain/a/20250301V05PGR00,222,https://news.qq.com/rain/a/20250301V05PGR00
我们长大也要穿迷彩 ！,https://news.qq.com/rain/a/20250202V02QZ600,222,https://news.qq.com/rain/a/20250202V02QZ600
台军是认真的吗？入伍8周就学反装甲？究竟想干什么？,https://news.qq.com/rain/a/20250226V08NZH00,222,https://news.qq.com/rain/a/20250226V08NZH00
尽快解决俄乌冲突，美俄都不想再耗，赶紧瓜分乌克兰最重要,https://news.qq.com/rain/a/20250215V04DB800,222,https://news.qq.com/rain/a/20250215V04DB800
国家记忆：日本宣布投降后 驻扎在山东枣庄的1000多名日军拒绝投降 企图连夜逃回日本,https://news.qq.com/rain/a/20250126V068YT00,222,https://news.qq.com/rain/a/20250126V068YT00
2架F-16大战6架J-21：当先进战机遇上过时对手，这场空战告诉你什么才是“代差”！,https://news.qq.com/rain/a/20250130V040VR00,222,https://news.qq.com/rain/a/20250130V040VR00
朝鲜举行导弹试射，到底有何用意？,https://news.qq.com/rain/a/20250228V07JEV00,222,https://news.qq.com/rain/a/20250228V07JEV00
"中国海军台海军演,一侧实弹射击,一侧模拟登陆,演练越来越具体",https://news.qq.com/rain/a/20250228V075PT00,222,https://news.qq.com/rain/a/20250228V075PT00
1944年录像，苏联牺牲300万人解放乌克兰 ，人们亲吻红军献上鲜花,https://news.qq.com/rain/a/20250225V086MN00,222,https://news.qq.com/rain/a/20250225V086MN00
迷你版黄金AK的威力究竟如何？可千万不要小看他哦,https://news.qq.com/rain/a/20241217V04QL900,222,https://news.qq.com/rain/a/20241217V04QL900
022型导弹艇再次归来！号称中国南海小钢炮，一艘造价一亿元,https://news.qq.com/rain/a/20250203V02NF800,222,https://news.qq.com/rain/a/20250203V02NF800
巴基斯坦的枭龙3与阵风、F-15、台风联合演习，能否大杀四方？,https://news.qq.com/rain/a/20250226V05DUP00,222,https://news.qq.com/rain/a/20250226V05DUP00
祖国轻易不用咱，用咱就是出重拳！合唱《有咱就有发言权》，气势拉满！,https://news.qq.com/rain/a/20250201V01KQ400,222,https://news.qq.com/rain/a/20250201V01KQ400
继库尔斯克后，乌军又在红军城发动反攻，为何打？为何被击败？,https://news.qq.com/rain/a/20250211V069TC00,222,https://news.qq.com/rain/a/20250211V069TC00
美军兵棋推演：中国004型核航母、歼-35、攻击-11霸气亮相！,https://news.qq.com/rain/a/20250221V04YLX00,222,https://news.qq.com/rain/a/20250221V04YLX00
菲律宾还想继续“闹海”，解放军在黄岩岛巡航重申立场,https://news.qq.com/rain/a/20250301V06KAA00,222,https://news.qq.com/rain/a/20250301V06KAA00
轰20都快问世了，服役半个多世纪的轰6为何还在造？,https://news.qq.com/rain/a/20250214V04IO900,222,https://news.qq.com/rain/a/20250214V04IO900
屁股后面不断炸原子弹的火箭飞行：猎户座计划的核脉冲航天梦,https://news.qq.com/rain/a/20250126V04GW000,222,https://news.qq.com/rain/a/20250126V04GW000
中国海军为什么要量产076型航母？,https://news.qq.com/rain/a/20250204V05N9R00,222,https://news.qq.com/rain/a/20250204V05N9R00
吞噬乌克兰军力资源，库尔斯克就像“黑洞”，终于快消失了！,https://news.qq.com/rain/a/20250228V06OYF00,222,https://news.qq.com/rain/a/20250228V06OYF00
中国公开高超飞行器，下一步就是空天轰炸机，这还只是冰山一角,https://news.qq.com/rain/a/20241220V02JKA00,222,https://news.qq.com/rain/a/20241220V02JKA00
北约还没有认清现实，商讨在乌部署维和部队，俄罗斯外长公开反对,https://news.qq.com/rain/a/20250228V02E6O00,222,https://news.qq.com/rain/a/20250228V02E6O00
台扣押大陆船员后，大批解放军军舰赴台巡航,https://news.qq.com/rain/a/20250228V05RWD00,222,https://news.qq.com/rain/a/20250228V05RWD00
一步到位，或直接上五代机，苏57在伊朗停留数日很不寻常,https://news.qq.com/rain/a/20250227V091XW00,222,https://news.qq.com/rain/a/20250227V091XW00
日军为何竭尽全力想打捞甲午沉舰,https://news.qq.com/rain/a/20241222V0359900,222,https://news.qq.com/rain/a/20241222V0359900
1990年抗日名将孙立人葬礼仪式影像，抗战老兵沿街送别，万分感人,https://news.qq.com/rain/a/20250211V01X6D00,222,https://news.qq.com/rain/a/20250211V01X6D00
黄国昌成为台民众党主席，要终结民进党执政，美军现役将领突然现身台军兵推,https://news.qq.com/rain/a/20250224V05WJ200,222,https://news.qq.com/rain/a/20250224V05WJ200
央视泪目！俄罗斯记者镜头下的中国军舰！,https://news.qq.com/rain/a/20250228V095HZ00,222,https://news.qq.com/rain/a/20250228V095HZ00
如果发生第三次世界大战，最后一刻的世界会有多么让人绝望？,https://news.qq.com/rain/a/20250202V01O4700,222,https://news.qq.com/rain/a/20250202V01O4700
【理论篇】苏27战斗机如何能飞出“博格丹”的降落轨迹？,https://news.qq.com/rain/a/20241217V08AUN00,222,https://news.qq.com/rain/a/20241217V08AUN00
沿河谷加速突击！俄军即将打穿南顿涅茨克，将进入第聂伯罗州,https://news.qq.com/rain/a/20250227V073P700,222,https://news.qq.com/rain/a/20250227V073P700
黄岩岛惊魂一刻：中国海军直9以1米垂直差，精准驱离菲律宾军机,https://news.qq.com/rain/a/20250225V05Q7K00,222,https://news.qq.com/rain/a/20250225V05Q7K00
歼-35总师语出惊人：以后要像造手机一样造飞机,https://news.qq.com/rain/a/20250126V06YWV00,222,https://news.qq.com/rain/a/20250126V06YWV00
同样是军国主义，为何二战日本的军队却要比德军凶残的多？,https://news.qq.com/rain/a/20250127V05THJ00,222,https://news.qq.com/rain/a/20250127V05THJ00
美插手台岛军演，解放军摊牌美军立马纠错，民进党当局被除名,https://news.qq.com/rain/a/20250301V05K1X00,222,https://news.qq.com/rain/a/20250301V05K1X00
俄乌战云渐散，中乌合作曙光初现，乌克兰从来都不是中国的敌人！,https://news.qq.com/rain/a/20250222V05NKX00,222,https://news.qq.com/rain/a/20250222V05NKX00
打完就扔的一次性武器？火箭筒应该如何使用？,https://news.qq.com/rain/a/20250218V04A9100,222,https://news.qq.com/rain/a/20250218V04A9100
特泽会激烈争吵 北约秘书长怎么看？,https://news.qq.com/rain/a/20250302V04EPP00,222,https://news.qq.com/rain/a/20250302V04EPP00
我国的096核潜艇放在全球来看，属于什么水平？,https://news.qq.com/rain/a/20250127V04IAZ00,222,https://news.qq.com/rain/a/20250127V04IAZ00
日本宣布研成高超音速滑翔弹，列装高超音速导弹的前景明确,https://news.qq.com/rain/a/20250301V030VS00,222,https://news.qq.com/rain/a/20250301V030VS00
火箭军又又来啦，武警部队准备！,https://news.qq.com/rain/a/20250202V05EUC00,222,https://news.qq.com/rain/a/20250202V05EUC00
不服迟早收了你，国防部发言人重磅讲话，台湾宵小分子该害怕了,https://news.qq.com/rain/a/20250228V06QVD00,222,https://news.qq.com/rain/a/20250228V06QVD00
中国捡了个大便宜！45亿美元买 100 架苏-30MKK，结果却稳赚不赔,https://news.qq.com/rain/a/20250207V095FH00,222,https://news.qq.com/rain/a/20250207V095FH00
俄罗斯神话破灭、美国立场大变、欧洲安全悬于一线：俄乌战争三年谁最受伤？,https://news.qq.com/rain/a/20250225V03LKF00,222,https://news.qq.com/rain/a/20250225V03LKF00
1991年录像，未曾公开的邓丽君金门劳军，换上军服向大陆同胞喊话,https://news.qq.com/rain/a/20250121V086HS00,222,https://news.qq.com/rain/a/20250121V086HS00
为什么说我们的航母阻拦索找了四个月，研发仅用一秒钟？,https://news.qq.com/rain/a/20241217V05DAZ00,222,https://news.qq.com/rain/a/20241217V05DAZ00
外网视角|美版知乎提问：如果中国全力爆兵，将会有多恐怖？,https://news.qq.com/rain/a/20250210V090RA00,222,https://news.qq.com/rain/a/20250210V090RA00
哈马斯高层表示后悔，早知会死这么多人，当初就不该冲动发起袭击,https://news.qq.com/rain/a/20250228V0710B00,222,https://news.qq.com/rain/a/20250228V0710B00
宇树科技机器狗背后：中国科技与军力崛起，惊到美国,https://news.qq.com/rain/a/20241227V082C200,222,https://news.qq.com/rain/a/20241227V082C200
像蜻蜓一样的战斗机,https://news.qq.com/rain/a/20250218V00PEA00,222,https://news.qq.com/rain/a/20250218V00PEA00
俄乌战争打到现在，才发现中俄武器差距这么大：我国已远超俄罗斯,https://news.qq.com/rain/a/20250228V08LD100,222,https://news.qq.com/rain/a/20250228V08LD100
苏57的首个买家实锤，阿尔及利亚准备接收，给俄向印度出口打了样,https://news.qq.com/rain/a/20250216V02KCQ00,222,https://news.qq.com/rain/a/20250216V02KCQ00
八一飞行表演队在空中队形有多密集,https://news.qq.com/rain/a/20250302V059S600,222,https://news.qq.com/rain/a/20250302V059S600
马科斯邀6国派兵入菲，中方援手已到,https://news.qq.com/rain/a/20250212V05UBE00,222,https://news.qq.com/rain/a/20250212V05UBE00
如果中国海军建立第四舰队，驻地安排在哪个地方最合适？,https://news.qq.com/rain/a/20250203V02N3E00,222,https://news.qq.com/rain/a/20250203V02N3E00
乌军士气越来越低落，俄全线取得进展，离拿下卢甘斯克就差1个村,https://news.qq.com/rain/a/20250225V05Z1600,222,https://news.qq.com/rain/a/20250225V05Z1600
陆战无人化？机器狗和猫猫车如何改变战争模式,https://news.qq.com/rain/a/20250203V063UF00,222,https://news.qq.com/rain/a/20250203V063UF00
原来军人胸前勋表是这么回事 今天终于明白了,https://news.qq.com/rain/a/20250207V0345F00,222,https://news.qq.com/rain/a/20250207V0345F00
北约军演没美国撑腰！欧洲9国要单挑俄罗斯？背后算计藏不住了,https://news.qq.com/rain/a/20250228V06YHN00,222,https://news.qq.com/rain/a/20250228V06YHN00
军武回顾：即便美军“140部队”成员智商超140 也弥补不了美军作战指挥及武器系统网络存在的短板,https://news.qq.com/rain/a/20250301V05O0M00,222,https://news.qq.com/rain/a/20250301V05O0M00
出发！空军八一飞行表演队10年后再赴泰国进行飞行表演,https://news.qq.com/rain/a/20250302V03IF000,222,https://news.qq.com/rain/a/20250302V03IF000
南海造岛利器，还禁止出口，中国“地图编辑器”究竟有多厉害？,https://news.qq.com/rain/a/20250114V06DSM00,222,https://news.qq.com/rain/a/20250114V06DSM00
解放军在台岛周边无预兆实弹演习 郭正亮： 动作随时可以转换,https://news.qq.com/rain/a/20250301V042AS00,222,https://news.qq.com/rain/a/20250301V042AS00
菲律宾引狼入室，南海又冒出“刺头”，这7根钉子，中方应该拔了,https://news.qq.com/rain/a/20250211V07D3W00,222,https://news.qq.com/rain/a/20250211V07D3W00
六代机的杀伤性自卫能力有多强大？自身发电能力是关键因素,https://news.qq.com/rain/a/20250221V05MIZ00,222,https://news.qq.com/rain/a/20250221V05MIZ00
国防部强调“早晚都要收台”，岛内改口喊话两岸沟通,https://news.qq.com/rain/a/20250228V05FNF00,222,https://news.qq.com/rain/a/20250228V05FNF00
T-90M逆天升级！俄军首装竞技场M主动防御系统，能否挡住标枪导弹？,https://news.qq.com/rain/a/20250302V01S6U00,222,https://news.qq.com/rain/a/20250302V01S6U00
美论坛：为什么中国人如此害怕印度军队？,https://news.qq.com/rain/a/20250215V023AG00,222,https://news.qq.com/rain/a/20250215V023AG00
朝鲜战略巡航导弹训练！称呼奇怪实则语文精准！,https://news.qq.com/rain/a/20250228V06F9F00,222,https://news.qq.com/rain/a/20250228V06F9F00
百团大战最惨烈一战，为何至今争议不断？,https://news.qq.com/rain/a/20250204V041Y100,222,https://news.qq.com/rain/a/20250204V041Y100
刚果30年战争真相：M23叛军背后的卢旺达之手，谁在操控这场血腥冲突？,https://news.qq.com/rain/a/20250302V04X6T00,222,https://news.qq.com/rain/a/20250302V04X6T00
俄乌战事三周年，阵营大洗牌，美欧的“裂痕”越来越大？,https://news.qq.com/rain/a/20250225V07ICZ00,222,https://news.qq.com/rain/a/20250225V07ICZ00
硫磺岛战役有多惨烈？看看美国人拍的纪录片，别被电影骗了！,https://news.qq.com/rain/a/20250127V0598V00,222,https://news.qq.com/rain/a/20250127V0598V00
成飞六代机涡轮基冲压组合发动机全解,https://news.qq.com/rain/a/20250211V073AC00,222,https://news.qq.com/rain/a/20250211V073AC00
男性1.5米就能参军，色弱也能报名，台军新征兵标准有多离谱？,https://news.qq.com/rain/a/20250218V03SJ100,222,https://news.qq.com/rain/a/20250218V03SJ100
俄乌何时能停战？美俄英各自报道停战条件，差距巨大还得打,https://news.qq.com/rain/a/20250220V06QE000,222,https://news.qq.com/rain/a/20250220V06QE000
K200步兵战车，作为韩国自研的一款装甲运兵车，其效果究竟如何？与主流战车有多大差异？,https://news.qq.com/rain/a/20250215V05ITC00,222,https://news.qq.com/rain/a/20250215V05ITC00
1935年录像，日本儿童用“飞机坦克”侵华演练，后上战场成杀人机器,https://news.qq.com/rain/a/20250210V07RSW00,222,https://news.qq.com/rain/a/20250210V07RSW00
光速交付埃及采购的歼10CE，中国战机产能爆表,https://news.qq.com/rain/a/20250220V085Y800,222,https://news.qq.com/rain/a/20250220V085Y800
美国强行出卖乌克兰是一个契机，中国更加伟大的机会可能来了,https://news.qq.com/rain/a/20250225V02TXA00,222,https://news.qq.com/rain/a/20250225V02TXA00
当F-35遇到苏-57，美国吓得不敢表演飞行技巧，俄罗斯人赢麻了？,https://news.qq.com/rain/a/20250218V04MJ700,222,https://news.qq.com/rain/a/20250218V04MJ700
俄乌冲突持续胶着，亚太这里出现新情况：日本恐怕在劫难逃,https://news.qq.com/rain/a/20250228V07ZLM00,222,https://news.qq.com/rain/a/20250228V07ZLM00
岛内对实力对比严重误判，发言人奉旨“泄密”，早晚要来收了你们,https://news.qq.com/rain/a/20250228V05M1700,222,https://news.qq.com/rain/a/20250228V05M1700
F-22“猛禽”：五代机的孤独王者落幕,https://news.qq.com/rain/a/20250301V05UGU00,222,https://news.qq.com/rain/a/20250301V05UGU00
台军设立“战略预备队”增加台北周边部署，有何企图？,https://news.qq.com/rain/a/20250214V03LSE00,222,https://news.qq.com/rain/a/20250214V03LSE00
美军军官出现在台军的演习现场，台湾这是打算早日回归大陆？,https://news.qq.com/rain/a/20250227V07YF700,222,https://news.qq.com/rain/a/20250227V07YF700
美国战略轰炸机的现状与前景：B-21成最大的变数,https://news.qq.com/rain/a/20250208V04GDG00,222,https://news.qq.com/rain/a/20250208V04GDG00
"为赚钱中国军工有多拼,玩出“换头怪”新模式，死死绑定中东土豪",https://news.qq.com/rain/a/20250225V0366500,222,https://news.qq.com/rain/a/20250225V0366500
台媒：台军兵力吃紧 民进党当局拟推女性上战场,https://news.qq.com/rain/a/20250228V06FYL00,222,https://news.qq.com/rain/a/20250228V06FYL00
当年阻挠中国航母回国，土耳其新航母直追辽宁舰,https://news.qq.com/rain/a/20250224V0728P00,222,https://news.qq.com/rain/a/20250224V0728P00
从冤大头到回头草，印度能躲过俄罗斯的“毛式套路”吗？,https://news.qq.com/rain/a/20250227V07PVT00,222,https://news.qq.com/rain/a/20250227V07PVT00
"中国旋转爆震发动机完成首飞,最大速度4马赫,可当空天飞机发动机",https://news.qq.com/rain/a/20241218V05V1P00,222,https://news.qq.com/rain/a/20241218V05V1P00
阵地扩大30平方公里，俄军东部集群手握主动权，乌2州防线被破,https://news.qq.com/rain/a/20250228V05TUI00,222,https://news.qq.com/rain/a/20250228V05TUI00
中国公开战略预警雷达，探测距离8000公里，与红旗-19织起天网,https://news.qq.com/rain/a/20250209V05ZE000,222,https://news.qq.com/rain/a/20250209V05ZE000
法航母在南海航行，马克龙两度碰瓷中国？解放军亮出鹰击12战巡,https://news.qq.com/rain/a/20250228V08ON000,222,https://news.qq.com/rain/a/20250228V08ON000
中国机器狗扛起导弹巢，或将改写地面作战模式,https://news.qq.com/rain/a/20250116V08YWG00,222,https://news.qq.com/rain/a/20250116V08YWG00
什么叫真正的拭目以待，美国人用实际行动向世界证明，血债还得血来偿,https://news.qq.com/rain/a/20250202V01O4A00,222,https://news.qq.com/rain/a/20250202V01O4A00
中国军工为啥喜欢武器技术转让，不怕技术泄密吗？,https://news.qq.com/rain/a/20250131V06CSY00,222,https://news.qq.com/rain/a/20250131V06CSY00
印度人烦恼该买苏-57还是F-35，面对歼-20其实都一个结果,https://news.qq.com/rain/a/20250212V074QX00,222,https://news.qq.com/rain/a/20250212V074QX00
解放军正告“台独”：早晚收了你们！“保卫台湾”？特朗普再次拒答！,https://news.qq.com/rain/a/20250228V07SO900,222,https://news.qq.com/rain/a/20250228V07SO900
大家都是炮，凭什么舰炮的威力就一定比陆炮的大？,https://news.qq.com/rain/a/20250207V03H2300,222,https://news.qq.com/rain/a/20250207V03H2300
假如三战爆发，哪个国家会最先消失？,https://news.qq.com/rain/a/20250221V07QUZ00,222,https://news.qq.com/rain/a/20250221V07QUZ00
卢旺达军队暴打刚果金为中国出气？中方早已亮明态度，要警惕谣言,https://news.qq.com/rain/a/20250209V049QA00,222,https://news.qq.com/rain/a/20250209V049QA00
血染太平洋：美军超级空中堡垒，B29重型轰炸机横空出世！,https://news.qq.com/rain/a/20250206V05FB200,222,https://news.qq.com/rain/a/20250206V05FB200
苏-57这个角度像不像压扁的su-2呢？,https://news.qq.com/rain/a/20250302V0599400,222,https://news.qq.com/rain/a/20250302V0599400
